word_count,char_count,char_div4
201,1281,320.25
324,1992,498.0
290,1755,438.75
322,2004,501.0
256,1585,396.25
158,812,203.0
69,262,65.5
2,15,3.75
85,691,172.75
102,571,142.75
69,406,101.5
40,226,56.5
48,265,66.25
55,341,85.25
7,42,10.5
27,171,42.75
31,191,47.75
35,176,44.0
46,288,72.0
7,27,6.75
84,554,138.5
185,1184,296.0
12,73,18.25
19,105,26.25
52,323,80.75
187,1049,262.25
20,121,30.25
318,1762,440.5
197,1362,340.5
93,529,132.25
84,507,126.75
56,313,78.25
21,100,25.0
133,699,174.75
282,1690,422.5
312,1918,479.5
41,167,41.75
22,136,34.0
7,41,10.25
186,1223,305.75
171,1215,303.75
1,10,2.5
21,197,49.25
37,217,54.25
362,3055,763.75
198,1385,346.25
207,1378,344.5
258,1639,409.75
269,1769,442.25
291,1907,476.75
246,1607,401.75
86,481,120.25
315,2098,524.5
50,309,77.25
34,212,53.0
173,1009,252.25
1,4,1.0
289,1727,431.75
287,1927,481.75
280,1731,432.75
321,1932,483.0
321,1949,487.25
154,903,225.75
350,2041,510.25
205,1203,300.75
177,1037,259.25
181,1090,272.5
21,109,27.25
1,4,1.0
310,2664,666.0
378,2281,570.25
1,1,0.25
239,1431,357.75
7,32,8.0
195,1149,287.25
116,660,165.0
419,2203,550.75
384,2083,520.75
391,2141,535.25
386,2199,549.75
386,2184,546.0
332,1943,485.75
357,2119,529.75
343,2037,509.25
342,1995,498.75
365,2163,540.75
366,2150,537.5
364,2179,544.75
364,2179,544.75
364,2179,544.75
396,2252,563.0
397,2326,581.5
371,2243,560.75
388,2268,567.0
372,2165,541.25
165,1181,295.25
256,1604,401.0
61,422,105.5
138,844,211.0
188,1142,285.5
168,1014,253.5
63,400,100.0
214,1254,313.5
95,516,129.0
379,1956,489.0
372,1924,481.0
355,1839,459.75
7,34,8.5
175,925,231.25
119,726,181.5
24,168,42.0
18,133,33.25
23,152,38.0
557,3709,927.25
385,2721,680.25
397,2746,686.5
2,22,5.5
14,63,15.75
58,371,92.75
271,1652,413.0
1,9,2.25
272,1443,360.75
205,1100,275.0
244,1439,359.75
106,586,146.5
170,1066,266.5
216,1341,335.25
264,1403,350.75
113,542,135.5
70,265,66.25
22,117,29.25
88,513,128.25
27,162,40.5
49,292,73.0
323,2259,564.75
34,172,43.0
193,1062,265.5
44,313,78.25
12,56,14.0
270,1694,423.5
152,1093,273.25
152,1089,272.25
75,404,101.0
23,144,36.0
132,771,192.75
299,1953,488.25
217,1386,346.5
47,274,68.5
7,34,8.5
13,90,22.5
8,60,15.0
316,2039,509.75
254,1756,439.0
27,157,39.25
33,185,46.25
1,2,0.5
7,32,8.0
14,80,20.0
189,1203,300.75
16,92,23.0
64,345,86.25
69,394,98.5
66,354,88.5
196,1607,401.75
214,1257,314.25
237,1752,438.0
48,284,71.0
1,5,1.25
259,1692,423.0
276,1801,450.25
51,354,88.5
151,913,228.25
117,649,162.25
13,80,20.0
81,531,132.75
369,2289,572.25
96,539,134.75
388,2192,548.0
7,34,8.5
200,1143,285.75
2,9,2.25
7,34,8.5
35,171,42.75
274,1662,415.5
11,63,15.75
10,62,15.5
91,575,143.75
90,699,174.75
61,469,117.25
1,15,3.75
1,4,1.0
15,99,24.75
37,210,52.5
37,270,67.5
271,2021,505.25
235,1456,364.0
246,1576,394.0
12,114,28.5
45,269,67.25
61,370,92.5
36,231,57.75
43,257,64.25
146,1000,250.0
124,728,182.0
219,1590,397.5
217,1436,359.0
62,393,98.25
34,201,50.25
4,18,4.5
161,909,227.25
285,1647,411.75
381,2098,524.5
137,734,183.5
266,1172,293.0
96,566,141.5
147,919,229.75
342,1857,464.25
71,434,108.5
9,56,14.0
7,34,8.5
38,191,47.75
44,227,56.75
159,1099,274.75
102,656,164.0
206,1393,348.25
383,2635,658.75
318,2097,524.25
161,1060,265.0
35,215,53.75
133,799,199.75
70,313,78.25
7,30,7.5
179,1132,283.0
82,488,122.0
48,311,77.75
71,468,117.0
201,1289,322.25
288,1702,425.5
49,331,82.75
283,2068,517.0
146,879,219.75
26,139,34.75
115,718,179.5
32,172,43.0
46,294,73.5
146,1239,309.75
230,1375,343.75
340,2022,505.5
335,2077,519.25
271,1595,398.75
225,1360,340.0
283,1639,409.75
255,1892,473.0
6,33,8.25
16,108,27.0
81,498,124.5
99,590,147.5
14,88,22.0
29,136,34.0
43,260,65.0
234,1369,342.25
234,1369,342.25
318,1795,448.75
240,1334,333.5
234,1409,352.25
213,1250,312.5
13,84,21.0
12,60,15.0
34,181,45.25
1,17,4.25
66,357,89.25
129,809,202.25
90,534,133.5
164,959,239.75
211,1405,351.25
20,99,24.75
30,186,46.5
144,813,203.25
378,2291,572.75
8,51,12.75
51,290,72.5
133,1002,250.5
49,1161,290.25
184,1067,266.75
255,1549,387.25
219,1193,298.25
213,1256,314.0
176,898,224.5
300,1763,440.75
254,1498,374.5
320,1910,477.5
254,1553,388.25
161,866,216.5
145,1089,272.25
256,1791,447.75
3,21,5.25
63,409,102.25
194,1129,282.25
7,34,8.5
99,540,135.0
89,557,139.25
7,36,9.0
19,96,24.0
58,338,84.5
206,1303,325.75
166,1053,263.25
208,1318,329.5
38,187,46.75
53,313,78.25
149,947,236.75
269,1647,411.75
273,1656,414.0
19,103,25.75
3,16,4.0
8,43,10.75
14,76,19.0
62,360,90.0
235,1556,389.0
39,212,53.0
98,575,143.75
244,1338,334.5
320,1875,468.75
78,506,126.5
70,526,131.5
34,182,45.5
232,1452,363.0
1,10,2.5
22,126,31.5
122,809,202.25
16,97,24.25
10,63,15.75
46,271,67.75
55,290,72.5
7,32,8.0
3,16,4.0
21,133,33.25
53,315,78.75
81,533,133.25
251,1437,359.25
336,1933,483.25
259,1467,366.75
246,1425,356.25
42,239,59.75
74,411,102.75
73,468,117.0
26,131,32.75
151,985,246.25
214,1256,314.0
7,32,8.0
10,50,12.5
1,5,1.25
6,42,10.5
15,68,17.0
9,39,9.75
17,98,24.5
139,839,209.75
119,746,186.5
94,566,141.5
160,990,247.5
134,805,201.25
155,939,234.75
94,608,152.0
33,127,31.75
64,350,87.5
126,713,178.25
385,2417,604.25
1,10,2.5
40,214,53.5
22,129,32.25
140,800,200.0
175,1148,287.0
173,1634,408.5
20,112,28.0
153,1608,402.0
215,1248,312.0
185,1076,269.0
133,812,203.0
103,665,166.25
138,847,211.75
134,808,202.0
85,660,165.0
34,196,49.0
1,1,0.25
81,488,122.0
42,235,58.75
41,294,73.5
14,84,21.0
138,1121,280.25
23,144,36.0
321,2090,522.5
321,2090,522.5
1,10,2.5
1,19,4.75
1,9,2.25
1,11,2.75
51,324,81.0
96,514,128.5
103,565,141.25
42,235,58.75
87,459,114.75
94,545,136.25
192,1049,262.25
52,449,112.25
65,678,169.5
27,142,35.5
19,101,25.25
16,78,19.5
54,292,73.0
26,134,33.5
12,69,17.25
87,531,132.75
41,225,56.25
199,1209,302.25
102,570,142.5
8,54,13.5
52,322,80.5
51,286,71.5
264,1758,439.5
21,94,23.5
2,15,3.75
1,4,1.0
24,140,35.0
201,1239,309.75
131,875,218.75
64,339,84.75
42,235,58.75
7,32,8.0
97,534,133.5
293,1958,489.5
90,593,148.25
250,1719,429.75
185,1272,318.0
261,1667,416.75
239,1441,360.25
62,335,83.75
168,990,247.5
366,2068,517.0
96,565,141.25
193,1185,296.25
51,296,74.0
258,1548,387.0
83,492,123.0
243,1645,411.25
182,1123,280.75
188,934,233.5
25,141,35.25
26,117,29.25
262,1455,363.75
155,938,234.5
4,20,5.0
12,78,19.5
16,96,24.0
26,157,39.25
47,282,70.5
44,263,65.75
44,265,66.25
459,3073,768.25
19,110,27.5
109,614,153.5
185,1151,287.75
135,856,214.0
129,812,203.0
141,905,226.25
104,699,174.75
69,440,110.0
353,2376,594.0
89,687,171.75
130,774,193.5
201,1343,335.75
247,1565,391.25
93,501,125.25
93,563,140.75
234,1400,350.0
236,1422,355.5
180,1124,281.0
155,956,239.0
229,1414,353.5
7,38,9.5
358,2047,511.75
174,1020,255.0
328,1901,475.25
322,1888,472.0
18,96,24.0
321,2110,527.5
8,101,25.25
64,365,91.25
49,310,77.5
174,1439,359.75
196,1208,302.0
417,2784,696.0
70,452,113.0
1,8,2.0
32,204,51.0
8,44,11.0
5,31,7.75
84,585,146.25
85,642,160.5
73,554,138.5
99,882,220.5
102,624,156.0
115,863,215.75
128,895,223.75
128,894,223.5
100,636,159.0
112,807,201.75
120,863,215.75
119,973,243.25
113,845,211.25
102,836,209.0
102,830,207.5
322,1854,463.5
65,380,95.0
46,264,66.0
389,2646,661.5
1,1,0.25
1,1,0.25
1,1,0.25
395,2274,568.5
90,557,139.25
347,2234,558.5
59,327,81.75
60,317,79.25
75,424,106.0
81,476,119.0
170,922,230.5
236,1544,386.0
229,1249,312.25
17,87,21.75
77,492,123.0
205,1300,325.0
1,1,0.25
32,160,40.0
21,123,30.75
239,1379,344.75
41,226,56.5
21,110,27.5
27,200,50.0
70,365,91.25
49,302,75.5
255,1808,452.0
63,353,88.25
30,173,43.25
43,236,59.0
202,1160,290.0
191,1080,270.0
45,262,65.5
146,854,213.5
118,717,179.25
204,1172,293.0
38,204,51.0
132,652,163.0
239,1753,438.25
239,1753,438.25
16,89,22.25
26,164,41.0
8,48,12.0
11,70,17.5
4,19,4.75
151,932,233.0
44,246,61.5
278,1819,454.75
300,1941,485.25
108,607,151.75
284,1642,410.5
6,24,6.0
45,242,60.5
46,272,68.0
28,144,36.0
26,146,36.5
49,267,66.75
24,144,36.0
61,365,91.25
59,359,89.75
1,2,0.5
58,357,89.25
44,269,67.25
54,358,89.5
310,2014,503.5
408,2275,568.75
275,1890,472.5
33,168,42.0
68,332,83.0
26,158,39.5
49,292,73.0
28,131,32.75
188,1152,288.0
24,135,33.75
6,39,9.75
13,61,15.25
353,2199,549.75
184,1205,301.25
132,711,177.75
167,951,237.75
202,1168,292.0
17,95,23.75
81,527,131.75
9,48,12.0
1,13,3.25
1,25,6.25
149,863,215.75
211,1281,320.25
209,1202,300.5
42,254,63.5
50,294,73.5
23,166,41.5
150,1626,406.5
170,1491,372.75
208,1642,410.5
179,1405,351.25
159,1374,343.5
165,1320,330.0
131,1016,254.0
114,953,238.25
182,1512,378.0
107,920,230.0
42,256,64.0
27,143,35.75
25,101,25.25
52,279,69.75
218,1472,368.0
447,3005,751.25
273,1529,382.25
165,1081,270.25
57,346,86.5
57,405,101.25
274,1491,372.75
473,2582,645.5
172,1346,336.5
19,96,24.0
277,1916,479.0
24,106,26.5
29,124,31.0
49,268,67.0
256,1887,471.75
39,305,76.25
41,275,68.75
41,275,68.75
41,275,68.75
41,275,68.75
23,135,33.75
15,90,22.5
60,342,85.5
520,3475,868.75
161,987,246.75
117,707,176.75
177,1103,275.75
301,1629,407.25
168,987,246.75
370,2669,667.25
20,122,30.5
131,841,210.25
12,60,15.0
10,55,13.75
8,38,9.5
300,1878,469.5
97,593,148.25
121,693,173.25
101,552,138.0
24,130,32.5
250,1732,433.0
64,377,94.25
1,6,1.5
574,3290,822.5
160,1008,252.0
163,1041,260.25
14,86,21.5
80,524,131.0
84,499,124.75
72,434,108.5
77,481,120.25
7,34,8.5
5,24,6.0
133,953,238.25
312,1589,397.25
158,970,242.5
138,756,189.0
7,32,8.0
83,457,114.25
98,573,143.25
150,935,233.75
210,1365,341.25
163,1022,255.5
142,748,187.0
2,40,10.0
2,40,10.0
37,197,49.25
49,304,76.0
69,419,104.75
73,483,120.75
141,689,172.25
4,31,7.75
3,14,3.5
7,38,9.5
123,957,239.25
43,249,62.25
134,768,192.0
145,818,204.5
111,507,126.75
177,980,245.0
34,170,42.5
92,488,122.0
66,712,178.0
178,1070,267.5
199,1192,298.0
8,41,10.25
17,110,27.5
25,123,30.75
33,166,41.5
10,67,16.75
24,145,36.25
26,149,37.25
27,163,40.75
35,198,49.5
43,254,63.5
293,1971,492.75
241,1646,411.5
242,1627,406.75
288,1854,463.5
114,730,182.5
98,684,171.0
1,3,0.75
172,1076,269.0
234,1420,355.0
254,1556,389.0
218,1272,318.0
158,885,221.25
242,1446,361.5
380,2207,551.75
342,2070,517.5
214,1227,306.75
165,1120,280.0
219,1494,373.5
334,2290,572.5
304,1989,497.25
12,65,16.25
126,679,169.75
213,1472,368.0
338,2046,511.5
30,160,40.0
111,628,157.0
281,1935,483.75
90,497,124.25
41,1507,376.75
42,308,77.0
79,461,115.25
98,615,153.75
365,2566,641.5
67,382,95.5
71,420,105.0
8,38,9.5
17,110,27.5
198,1295,323.75
93,679,169.75
125,906,226.5
21,116,29.0
93,565,141.25
26,149,37.25
30,142,35.5
147,903,225.75
95,582,145.5
261,1471,367.75
228,1355,338.75
300,1992,498.0
175,982,245.5
175,982,245.5
104,573,143.25
289,1830,457.5
120,699,174.75
162,994,248.5
65,432,108.0
392,2715,678.75
7,29,7.25
39,255,63.75
7,29,7.25
48,303,75.75
98,541,135.25
15,80,20.0
23,138,34.5
185,1039,259.75
195,1121,280.25
180,1180,295.0
235,1773,443.25
214,1338,334.5
343,1839,459.75
491,2746,686.5
177,1187,296.75
282,1999,499.75
254,1860,465.0
74,464,116.0
300,1600,400.0
188,1145,286.25
68,338,84.5
46,276,69.0
49,257,64.25
98,598,149.5
14,87,21.75
217,1382,345.5
52,304,76.0
1,8,2.0
20,112,28.0
147,917,229.25
7,32,8.0
6,28,7.0
104,688,172.0
11,54,13.5
22,121,30.25
30,172,43.0
60,331,82.75
192,1206,301.5
244,1247,311.75
20,108,27.0
4,28,7.0
12,61,15.25
121,770,192.5
171,960,240.0
57,291,72.75
449,2789,697.25
311,1662,415.5
71,421,105.25
4,29,7.25
12,128,32.0
243,1316,329.0
129,782,195.5
153,904,226.0
121,748,187.0
131,770,192.5
168,1025,256.25
136,804,201.0
179,1129,282.25
60,333,83.25
108,644,161.0
57,333,83.25
134,657,164.25
117,654,163.5
33,198,49.5
133,831,207.75
102,587,146.75
113,708,177.0
93,555,138.75
128,797,199.25
154,833,208.25
148,841,210.25
113,766,191.5
220,1359,339.75
156,1020,255.0
11,57,14.25
2,10,2.5
91,529,132.25
162,895,223.75
84,374,93.5
96,417,104.25
88,396,99.0
37,162,40.5
18,84,21.0
4,23,5.75
48,239,59.75
64,282,70.5
34,174,43.5
37,195,48.75
39,203,50.75
83,410,102.5
115,781,195.25
43,269,67.25
8,50,12.5
80,463,115.75
74,451,112.75
14,73,18.25
28,140,35.0
23,127,31.75
34,191,47.75
28,140,35.0
85,499,124.75
204,1176,294.0
204,1054,263.5
175,1017,254.25
265,1521,380.25
286,1619,404.75
132,739,184.75
31,199,49.75
46,225,56.25
47,318,79.5
241,1302,325.5
238,1298,324.5
211,1326,331.5
9,73,18.25
21,130,32.5
18,101,25.25
101,641,160.25
193,1111,277.75
368,2129,532.25
290,1581,395.25
310,1912,478.0
275,2253,563.25
107,881,220.25
392,2417,604.25
190,1081,270.25
46,247,61.75
46,288,72.0
4,25,6.25
148,982,245.5
11,56,14.0
152,1081,270.25
55,330,82.5
237,1362,340.5
1,2,0.5
264,1550,387.5
84,550,137.5
220,1342,335.5
193,1178,294.5
100,595,148.75
99,586,146.5
247,1381,345.25
248,1658,414.5
55,359,89.75
51,389,97.25
96,538,134.5
50,311,77.75
36,218,54.5
39,241,60.25
7,32,8.0
68,517,129.25
91,718,179.5
19,97,24.25
221,1238,309.5
44,269,67.25
77,473,118.25
178,1051,262.75
187,1163,290.75
197,1152,288.0
206,1152,288.0
198,1385,346.25
168,945,236.25
148,795,198.75
66,385,96.25
65,444,111.0
178,1107,276.75
51,328,82.0
250,1637,409.25
6,43,10.75
53,318,79.5
20,103,25.75
263,1795,448.75
132,1160,290.0
22,131,32.75
19,94,23.5
19,101,25.25
300,1961,490.25
186,1110,277.5
225,1346,336.5
49,318,79.5
20,126,31.5
85,560,140.0
114,685,171.25
119,801,200.25
238,1416,354.0
236,1265,316.25
275,2030,507.5
311,1895,473.75
353,2133,533.25
257,1557,389.25
32,143,35.75
155,1534,383.5
160,1509,377.25
2,59,14.75
54,290,72.5
238,1418,354.5
72,417,104.25
7,53,13.25
7,50,12.5
6,34,8.5
43,269,67.25
20,106,26.5
136,880,220.0
1,7,1.75
132,977,244.25
97,658,164.5
48,308,77.0
56,350,87.5
6,27,6.75
52,263,65.75
1,3,0.75
169,931,232.75
165,916,229.0
158,868,217.0
120,681,170.25
20,109,27.25
373,2088,522.0
18,98,24.5
2,11,2.75
7,33,8.25
6,23,5.75
14,63,15.75
1,199,49.75
45,289,72.25
247,1545,386.25
3,15,3.75
4,25,6.25
174,913,228.25
48,308,77.0
14,70,17.5
107,649,162.25
39,246,61.5
1,1,0.25
11,57,14.25
119,788,197.0
309,1828,457.0
7,39,9.75
169,1065,266.25
133,747,186.75
22,132,33.0
508,3056,764.0
9,44,11.0
10,50,12.5
17,77,19.25
29,160,40.0
4,21,5.25
18,107,26.75
168,1007,251.75
16,88,22.0
9,47,11.75
193,1145,286.25
130,835,208.75
7,34,8.5
299,1780,445.0
248,1438,359.5
7,32,8.0
247,1450,362.5
1,5,1.25
26,136,34.0
215,1600,400.0
34,143,35.75
10,50,12.5
7,34,8.5
229,1324,331.0
206,1170,292.5
105,625,156.25
169,887,221.75
53,343,85.75
331,2065,516.25
98,706,176.5
97,707,176.75
92,503,125.75
4,18,4.5
149,870,217.5
41,251,62.75
210,1188,297.0
154,899,224.75
157,914,228.5
157,923,230.75
156,926,231.5
156,924,231.0
156,928,232.0
156,933,233.25
366,2059,514.75
140,833,208.25
6,33,8.25
35,246,61.5
51,323,80.75
43,248,62.0
65,376,94.0
125,661,165.25
108,780,195.0
112,788,197.0
164,1088,272.0
339,2120,530.0
6,41,10.25
130,966,241.5
98,599,149.75
98,669,167.25
215,1275,318.75
21,112,28.0
121,693,173.25
255,1453,363.25
425,2434,608.5
18,117,29.25
10,50,12.5
152,800,200.0
32,168,42.0
164,894,223.5
61,315,78.75
58,289,72.25
55,279,69.75
42,221,55.25
50,243,60.75
37,210,52.5
137,1613,403.25
525,3570,892.5
75,434,108.5
83,482,120.5
135,819,204.75
311,2443,610.75
39,219,54.75
67,365,91.25
204,1247,311.75
14,85,21.25
158,824,206.0
284,1590,397.5
81,436,109.0
52,316,79.0
51,298,74.5
98,637,159.25
98,637,159.25
425,2737,684.25
13,56,14.0
145,866,216.5
235,1442,360.5
1,5,1.25
48,242,60.5
54,291,72.75
43,231,57.75
143,863,215.75
74,651,162.75
146,1497,374.25
1,1,0.25
8,52,13.0
21,143,35.75
5,51,12.75
10,66,16.5
7,42,10.5
7,42,10.5
7,42,10.5
9,59,14.75
9,52,13.0
2,16,4.0
105,444,111.0
272,1869,467.25
329,1993,498.25
265,1558,389.5
29,156,39.0
78,451,112.75
45,256,64.0
66,348,87.0
197,1605,401.25
235,1867,466.75
29,156,39.0
129,772,193.0
5,29,7.25
184,1080,270.0
89,468,117.0
38,211,52.75
7,31,7.75
8,53,13.25
85,462,115.5
260,1482,370.5
46,272,68.0
6,21,5.25
139,957,239.25
191,1145,286.25
86,540,135.0
95,578,144.5
273,1514,378.5
189,1157,289.25
192,1334,333.5
39,205,51.25
34,179,44.75
196,1020,255.0
219,1177,294.25
67,409,102.25
156,961,240.25
181,1041,260.25
203,1218,304.5
172,1033,258.25
207,1250,312.5
210,1223,305.75
244,1301,325.25
195,1069,267.25
265,1442,360.5
240,1396,349.0
274,1641,410.25
336,1962,490.5
221,1309,327.25
153,938,234.5
157,915,228.75
206,1180,295.0
16,79,19.75
18,114,28.5
116,692,173.0
110,670,167.5
315,1919,479.75
288,1713,428.25
51,358,89.5
142,590,147.5
30,166,41.5
221,1258,314.5
139,1005,251.25
7,31,7.75
42,230,57.5
107,588,147.0
125,707,176.75
121,618,154.5
9,52,13.0
134,685,171.25
127,816,204.0
142,849,212.25
149,952,238.0
200,1086,271.5
202,1312,328.0
171,1170,292.5
192,1217,304.25
192,1291,322.75
222,1629,407.25
260,1841,460.25
9,59,14.75
24,135,33.75
33,188,47.0
15,99,24.75
18,109,27.25
87,534,133.5
91,565,141.25
180,951,237.75
355,2001,500.25
351,1984,496.0
288,1856,464.0
198,1793,448.25
225,2016,504.0
230,1978,494.5
247,1330,332.5
229,1256,314.0
74,456,114.0
182,1025,256.25
26,137,34.25
37,297,74.25
294,1604,401.0
332,1800,450.0
182,977,244.25
232,1306,326.5
190,1015,253.75
240,1285,321.25
253,1353,338.25
23,150,37.5
56,304,76.0
6,33,8.25
40,234,58.5
205,1371,342.75
271,1689,422.25
194,1334,333.5
237,1550,387.5
1,1,0.25
1,1,0.25
338,2003,500.75
22,110,27.5
115,684,171.0
336,2036,509.0
178,1153,288.25
24,127,31.75
173,1033,258.25
16,93,23.25
25,129,32.25
29,146,36.5
8,56,14.0
48,304,76.0
39,239,59.75
106,816,204.0
260,1775,443.75
7,32,8.0
64,387,96.75
68,348,87.0
21,128,32.0
112,591,147.75
130,732,183.0
159,838,209.5
102,554,138.5
183,1164,291.0
190,1192,298.0
24,152,38.0
29,197,49.25
241,1593,398.25
69,389,97.25
171,995,248.75
224,1482,370.5
28,146,36.5
57,396,99.0
7,34,8.5
1,1,0.25
29,159,39.75
30,150,37.5
101,560,140.0
5,26,6.5
176,1023,255.75
139,853,213.25
129,822,205.5
219,1397,349.25
8,54,13.5
3,44,11.0
119,682,170.5
120,640,160.0
123,695,173.75
288,1717,429.25
280,1906,476.5
265,1875,468.75
22,108,27.0
46,276,69.0
6,34,8.5
215,1466,366.5
25,148,37.0
194,1453,363.25
153,1192,298.0
6,30,7.5
143,1093,273.25
209,1370,342.5
160,944,236.0
14,87,21.75
136,828,207.0
54,361,90.25
54,361,90.25
242,1519,379.75
29,151,37.75
311,2070,517.5
327,1953,488.25
1,138,34.5
45,252,63.0
19,112,28.0
81,450,112.5
1,49,12.25
107,665,166.25
91,549,137.25
37,198,49.5
169,1009,252.25
175,1023,255.75
168,996,249.0
254,1512,378.0
439,2594,648.5
890,5269,1317.25
251,1498,374.5
156,959,239.75
39,238,59.5
24,148,37.0
26,167,41.75
235,1427,356.75
108,690,172.5
108,728,182.0
130,762,190.5
176,1036,259.0
153,997,249.25
186,1112,278.0
225,1306,326.5
154,978,244.5
13,72,18.0
211,1201,300.25
59,306,76.5
18,124,31.0
154,1063,265.75
159,970,242.5
157,1000,250.0
174,1021,255.25
9,59,14.75
184,1012,253.0
35,195,48.75
89,447,111.75
79,433,108.25
90,464,116.0
77,434,108.5
170,924,231.0
40,216,54.0
97,530,132.5
45,245,61.25
68,370,92.5
69,381,95.25
70,389,97.25
43,233,58.25
53,292,73.0
71,361,90.25
68,371,92.75
38,191,47.75
9,48,12.0
221,1561,390.25
301,2106,526.5
21,122,30.5
15,85,21.25
272,1722,430.5
113,706,176.5
249,1624,406.0
169,1187,296.75
43,222,55.5
44,248,62.0
240,1304,326.0
231,1366,341.5
22,145,36.25
146,992,248.0
1,20,5.0
305,2205,551.25
6,43,10.75
27,165,41.25
175,1172,293.0
132,889,222.25
85,566,141.5
103,672,168.0
321,1775,443.75
1,3,0.75
83,646,161.5
122,868,217.0
30,161,40.25
204,1165,291.25
162,786,196.5
7,38,9.5
214,1506,376.5
88,703,175.75
72,375,93.75
73,458,114.5
67,378,94.5
269,1643,410.75
119,733,183.25
274,1990,497.5
6,38,9.5
37,256,64.0
28,251,62.75
9,55,13.75
96,594,148.5
264,1793,448.25
169,1059,264.75
182,1205,301.25
42,248,62.0
258,1791,447.75
61,385,96.25
9,58,14.5
99,641,160.25
1,1,0.25
134,861,215.25
193,1342,335.5
143,947,236.75
211,1279,319.75
286,1843,460.75
78,490,122.5
88,467,116.75
48,286,71.5
512,3158,789.5
276,1708,427.0
274,1712,428.0
187,1289,322.25
180,996,249.0
152,895,223.75
49,326,81.5
170,1039,259.75
187,1263,315.75
194,1417,354.25
212,1757,439.25
222,1768,442.0
10,77,19.25
1,2,0.5
48,283,70.75
1,5,1.25
94,544,136.0
7,34,8.5
73,417,104.25
101,587,146.75
219,1351,337.75
17,88,22.0
141,826,206.5
151,920,230.0
206,1245,311.25
233,1613,403.25
237,1536,384.0
180,1013,253.25
14,64,16.0
39,220,55.0
44,229,57.25
368,2189,547.25
51,335,83.75
278,1895,473.75
150,874,218.5
127,756,189.0
38,260,65.0
5,26,6.5
20,101,25.25
49,241,60.25
46,259,64.75
67,373,93.25
65,426,106.5
71,487,121.75
62,392,98.0
67,405,101.25
41,239,59.75
54,280,70.0
111,700,175.0
344,2197,549.25
220,1311,327.75
12,60,15.0
208,1286,321.5
326,2219,554.75
197,1251,312.75
195,1301,325.25
177,1243,310.75
51,405,101.25
51,405,101.25
26,190,47.5
140,948,237.0
250,1603,400.75
138,812,203.0
146,811,202.75
291,1675,418.75
1,6,1.5
1,184,46.0
45,243,60.75
15,65,16.25
28,156,39.0
14,65,16.25
16,69,17.25
36,172,43.0
19,90,22.5
299,1565,391.25
68,388,97.0
87,558,139.5
77,440,110.0
154,764,191.0
65,367,91.75
23,123,30.75
24,132,33.0
202,1217,304.25
165,1064,266.0
88,464,116.0
17,141,35.25
1,8,2.0
512,2558,639.5
65,365,91.25
279,1615,403.75
326,2111,527.75
11,79,19.75
7,47,11.75
189,1152,288.0
118,753,188.25
421,2709,677.25
164,1095,273.75
47,231,57.75
25,134,33.5
54,283,70.75
77,402,100.5
70,363,90.75
58,307,76.75
54,275,68.75
65,361,90.25
26,142,35.5
60,340,85.0
35,205,51.25
64,330,82.5
148,710,177.5
34,227,56.75
4,23,5.75
6,30,7.5
14,83,20.75
8,34,8.5
18,109,27.25
1,2,0.5
17,114,28.5
6,26,6.5
142,924,231.0
273,1592,398.0
148,939,234.75
59,362,90.5
7,32,8.0
18,104,26.0
101,662,165.5
104,684,171.0
166,1113,278.25
198,1423,355.75
241,1695,423.75
92,705,176.25
165,1025,256.25
481,3381,845.25
194,1273,318.25
245,1378,344.5
165,866,216.5
82,578,144.5
19,111,27.75
203,1102,275.5
36,199,49.75
201,1181,295.25
241,1490,372.5
219,1344,336.0
5,25,6.25
12,70,17.5
43,286,71.5
103,715,178.75
66,403,100.75
32,216,54.0
56,379,94.75
59,377,94.25
87,582,145.5
180,1344,336.0
43,223,55.75
301,1679,419.75
332,1999,499.75
380,2091,522.75
165,1031,257.75
43,232,58.0
30,194,48.5
239,1324,331.0
203,1389,347.25
191,1330,332.5
24,152,38.0
209,1286,321.5
7,34,8.5
200,1030,257.5
4,21,5.25
229,1207,301.75
101,377,94.25
1,5,1.25
160,1117,279.25
2,20,5.0
382,2455,613.75
279,1782,445.5
336,1927,481.75
31,156,39.0
67,389,97.25
169,1166,291.5
225,1545,386.25
28,179,44.75
378,2020,505.0
158,963,240.75
184,1165,291.25
200,1205,301.25
182,1069,267.25
170,1087,271.75
333,1884,471.0
167,1117,279.25
2,5,1.25
108,660,165.0
38,239,59.75
155,1000,250.0
36,213,53.25
403,2281,570.25
403,2281,570.25
274,1660,415.0
56,302,75.5
231,1400,350.0
259,1501,375.25
97,555,138.75
11,66,16.5
96,592,148.0
4,39,9.75
63,474,118.5
307,2102,525.5
182,1044,261.0
251,1595,398.75
173,1189,297.25
239,1528,382.0
73,409,102.25
310,1688,422.0
51,330,82.5
178,992,248.0
93,739,184.75
181,988,247.0
192,1055,263.75
46,238,59.5
39,252,63.0
58,480,120.0
44,259,64.75
72,479,119.75
1,5,1.25
25,148,37.0
3,7,1.75
10,46,11.5
28,174,43.5
10,46,11.5
88,520,130.0
9,54,13.5
22,110,27.5
184,991,247.75
89,489,122.25
26,126,31.5
141,821,205.25
162,1246,311.5
63,495,123.75
317,1922,480.5
128,744,186.0
93,585,146.25
28,146,36.5
13,69,17.25
119,856,214.0
87,507,126.75
77,479,119.75
101,504,126.0
214,1324,331.0
178,1009,252.25
146,903,225.75
160,946,236.5
174,1107,276.75
174,1069,267.25
182,1073,268.25
130,791,197.75
127,657,164.25
166,910,227.5
154,922,230.5
153,941,235.25
74,392,98.0
123,677,169.25
148,887,221.75
167,973,243.25
128,729,182.25
162,982,245.5
38,201,50.25
39,194,48.5
140,844,211.0
94,561,140.25
219,1187,296.75
94,563,140.75
175,1024,256.0
5,31,7.75
183,1077,269.25
128,812,203.0
95,599,149.75
178,915,228.75
262,1250,312.5
270,1267,316.75
250,1348,337.0
98,486,121.5
98,491,122.75
175,900,225.0
180,913,228.25
266,1659,414.75
313,1969,492.25
87,507,126.75
315,1962,490.5
324,1967,491.75
292,1513,378.25
242,1240,310.0
31,159,39.75
16,93,23.25
180,1083,270.75
31,170,42.5
188,1105,276.25
122,850,212.5
163,1096,274.0
78,430,107.5
102,671,167.75
249,1492,373.0
147,1343,335.75
138,1260,315.0
1,1,0.25
71,679,169.75
38,203,50.75
243,1602,400.5
32,161,40.25
20,122,30.5
169,1323,330.75
51,869,217.25
20,83,20.75
386,2091,522.75
332,1769,442.25
7,34,8.5
229,1554,388.5
95,593,148.25
90,555,138.75
12,63,15.75
168,1086,271.5
198,1350,337.5
251,1647,411.75
160,994,248.5
94,594,148.5
112,709,177.25
47,267,66.75
118,719,179.75
105,699,174.75
115,665,166.25
187,975,243.75
267,1840,460.0
190,1242,310.5
21,108,27.0
253,1660,415.0
6,22,5.5
54,338,84.5
9,59,14.75
6,31,7.75
92,573,143.25
29,145,36.25
80,443,110.75
75,438,109.5
39,260,65.0
29,159,39.75
145,946,236.5
36,205,51.25
222,1329,332.25
237,1453,363.25
168,951,237.75
277,1620,405.0
3,205,51.25
55,329,82.25
229,1388,347.0
65,394,98.5
94,492,123.0
156,864,216.0
317,2104,526.0
87,478,119.5
7,29,7.25
140,832,208.0
219,1212,303.0
32,159,39.75
65,402,100.5
32,159,39.75
59,420,105.0
32,159,39.75
45,339,84.75
200,1215,303.75
62,317,79.25
26,143,35.75
62,385,96.25
20,441,110.25
165,1019,254.75
244,1570,392.5
323,2044,511.0
307,1952,488.0
105,702,175.5
221,1283,320.75
218,1389,347.25
288,1752,438.0
151,838,209.5
10,45,11.25
150,1042,260.5
47,270,67.5
136,698,174.5
278,1913,478.25
301,1894,473.5
141,1012,253.0
203,1191,297.75
1,15,3.75
7,34,8.5
63,381,95.25
96,824,206.0
142,1080,270.0
147,1103,275.75
197,1105,276.25
110,652,163.0
100,641,160.25
35,198,49.5
219,1547,386.75
45,286,71.5
59,314,78.5
398,2351,587.75
97,547,136.75
109,649,162.25
230,1463,365.75
277,1366,341.5
259,1346,336.5
238,1272,318.0
312,1673,418.25
141,899,224.75
149,999,249.75
174,1131,282.75
156,1012,253.0
65,357,89.25
19,112,28.0
99,558,139.5
19,112,28.0
89,535,133.75
120,694,173.5
1,15,3.75
132,852,213.0
413,2462,615.5
86,565,141.25
102,529,132.25
32,188,47.0
8,36,9.0
105,451,112.75
157,900,225.0
1,6,1.5
1,30,7.5
20,103,25.75
72,399,99.75
46,706,176.5
5,22,5.5
169,1126,281.5
49,268,67.0
66,361,90.25
177,1017,254.25
212,1318,329.5
83,459,114.75
132,880,220.0
210,1442,360.5
171,1013,253.25
221,1113,278.25
48,316,79.0
87,541,135.25
83,450,112.5
318,2284,571.0
214,1507,376.75
131,795,198.75
404,2381,595.25
28,188,47.0
227,1398,349.5
44,253,63.25
473,3037,759.25
18,100,25.0
47,309,77.25
1,2,0.5
284,1767,441.75
21,194,48.5
25,198,49.5
21,198,49.5
115,668,167.0
165,971,242.75
100,576,144.0
96,533,133.25
121,676,169.0
102,583,145.75
118,671,167.75
38,229,57.25
83,484,121.0
257,1640,410.0
260,1583,395.75
1,7,1.75
1,6,1.5
1,6,1.5
1,6,1.5
73,453,113.25
1,1,0.25
342,2433,608.25
29,262,65.5
72,444,111.0
46,428,107.0
348,2045,511.25
227,1375,343.75
187,1013,253.25
231,1329,332.25
232,1323,330.75
198,1119,279.75
350,2392,598.0
4,22,5.5
266,1707,426.75
267,1617,404.25
192,1177,294.25
185,1126,281.5
73,419,104.75
111,636,159.0
160,907,226.75
192,1049,262.25
47,234,58.5
26,140,35.0
53,298,74.5
59,354,88.5
147,859,214.75
104,587,146.75
87,492,123.0
52,353,88.25
1,4,1.0
41,307,76.75
41,254,63.5
33,250,62.5
99,537,134.25
123,729,182.25
194,1189,297.25
59,322,80.5
2,12,3.0
7,41,10.25
265,1733,433.25
591,4020,1005.0
548,3686,921.5
130,833,208.25
95,668,167.0
124,766,191.5
105,663,165.75
255,1753,438.25
20,123,30.75
5,25,6.25
138,742,185.5
11,70,17.5
298,1765,441.25
239,1468,367.0
275,1597,399.25
28,146,36.5
147,813,203.25
6,35,8.75
31,106,26.5
25,155,38.75
167,1034,258.5
118,768,192.0
100,618,154.5
7,29,7.25
20,132,33.0
122,688,172.0
138,734,183.5
62,371,92.75
270,1839,459.75
180,1154,288.5
8,37,9.25
196,1246,311.5
1,1,0.25
60,350,87.5
68,318,79.5
44,273,68.25
203,1295,323.75
34,207,51.75
51,295,73.75
7,32,8.0
140,937,234.25
4,37,9.25
4,37,9.25
4,37,9.25
4,37,9.25
153,1075,268.75
181,1238,309.5
131,780,195.0
107,653,163.25
99,594,148.5
47,272,68.0
39,227,56.75
171,1110,277.5
314,1944,486.0
76,359,89.75
20,150,37.5
19,116,29.0
20,121,30.25
49,326,81.5
89,557,139.25
4,35,8.75
48,347,86.75
15,251,62.75
11,65,16.25
224,1485,371.25
177,1333,333.25
5,25,6.25
7,32,8.0
18,98,24.5
7,34,8.5
5,27,6.75
7,34,8.5
161,885,221.25
49,283,70.75
217,1383,345.75
155,1041,260.25
54,347,86.75
47,306,76.5
10,74,18.5
7,37,9.25
12,91,22.75
191,1049,262.25
71,409,102.25
71,409,102.25
10,56,14.0
10,57,14.25
87,507,126.75
79,509,127.25
10,55,13.75
7,32,8.0
372,2543,635.75
101,560,140.0
75,436,109.0
318,1958,489.5
219,1483,370.75
22,121,30.25
15,78,19.5
16,79,19.75
130,752,188.0
50,286,71.5
12,54,13.5
239,1515,378.75
31,181,45.25
174,1073,268.25
520,3524,881.0
14,59,14.75
6,29,7.25
7,31,7.75
7,31,7.75
186,1155,288.75
256,1497,374.25
253,1503,375.75
497,2377,594.25
206,1314,328.5
7,45,11.25
6,31,7.75
33,177,44.25
22,108,27.0
52,287,71.75
161,902,225.5
221,1647,411.75
7,34,8.5
69,367,91.75
145,863,215.75
283,1709,427.25
259,1655,413.75
48,270,67.5
40,233,58.25
51,286,71.5
15,81,20.25
58,317,79.25
111,666,166.5
55,315,78.75
123,764,191.0
203,1423,355.75
72,459,114.75
15,88,22.0
4,27,6.75
206,1068,267.0
137,832,208.0
72,394,98.5
212,1462,365.5
213,1409,352.25
5,25,6.25
94,409,102.25
3,19,4.75
43,324,81.0
36,209,52.25
87,589,147.25
172,1010,252.5
256,1756,439.0
22,131,32.75
7,37,9.25
23,133,33.25
36,186,46.5
38,204,51.0
399,2042,510.5
39,211,52.75
134,716,179.0
24,125,31.25
5,29,7.25
87,493,123.25
15,82,20.5
12,59,14.75
23,116,29.0
20,98,24.5
19,94,23.5
20,115,28.75
22,121,30.25
29,161,40.25
15,77,19.25
21,103,25.75
14,66,16.5
14,64,16.0
14,74,18.5
19,90,22.5
58,313,78.25
20,96,24.0
17,94,23.5
19,100,25.0
18,93,23.25
17,88,22.0
15,71,17.75
31,170,42.5
19,89,22.25
23,116,29.0
19,96,24.0
20,97,24.25
24,117,29.25
19,101,25.25
64,353,88.25
20,99,24.75
67,377,94.25
3,19,4.75
79,477,119.25
219,1365,341.25
241,1659,414.75
174,1178,294.5
7,34,8.5
169,1000,250.0
138,825,206.25
47,276,69.0
6,29,7.25
78,1147,286.75
12,89,22.25
43,268,67.0
206,1493,373.25
269,1352,338.0
199,1308,327.0
207,1229,307.25
20,96,24.0
126,775,193.75
233,1558,389.5
99,603,150.75
32,191,47.75
82,464,116.0
89,543,135.75
114,742,185.5
108,681,170.25
88,509,127.25
198,1137,284.25
154,851,212.75
291,1706,426.5
240,1462,365.5
143,833,208.25
179,1036,259.0
218,1287,321.75
105,577,144.25
153,900,225.0
40,217,54.25
99,528,132.0
15,75,18.75
67,341,85.25
114,643,160.75
131,801,200.25
106,592,148.0
186,1127,281.75
43,224,56.0
46,303,75.75
13,45,11.25
134,801,200.25
363,2096,524.0
86,537,134.25
185,1150,287.5
35,176,44.0
60,330,82.5
212,1362,340.5
155,989,247.25
121,836,209.0
203,1159,289.75
30,166,41.5
204,1190,297.5
19,38,9.5
7,34,8.5
19,104,26.0
24,157,39.25
1,6,1.5
4,18,4.5
15,102,25.5
25,153,38.25
37,219,54.75
372,2671,667.75
126,766,191.5
143,820,205.0
303,1928,482.0
7,60,15.0
232,1645,411.25
15,80,20.0
14,78,19.5
29,152,38.0
33,184,46.0
235,1421,355.25
106,680,170.0
106,680,170.0
1,1,0.25
414,2327,581.75
34,203,50.75
236,1683,420.75
290,1976,494.0
225,1663,415.75
325,1702,425.5
39,184,46.0
119,684,171.0
154,816,204.0
200,1036,259.0
1,1,0.25
57,307,76.75
128,727,181.75
1,1,0.25
24,132,33.0
59,284,71.0
331,2197,549.25
184,1096,274.0
7,32,8.0
278,1570,392.5
26,137,34.25
110,665,166.25
31,169,42.25
502,3332,833.0
237,1516,379.0
252,1521,380.25
268,1572,393.0
256,1480,370.0
10,53,13.25
154,889,222.25
356,1989,497.25
109,703,175.75
33,186,46.5
22,121,30.25
126,773,193.25
106,624,156.0
323,2333,583.25
270,1928,482.0
248,1531,382.75
87,525,131.25
178,1096,274.0
184,1199,299.75
39,243,60.75
67,425,106.25
85,538,134.5
240,1311,327.75
51,273,68.25
46,243,60.75
63,341,85.25
58,324,81.0
13,82,20.5
298,1696,424.0
269,1445,361.25
17,101,25.25
12,68,17.0
190,955,238.75
76,457,114.25
247,1718,429.5
261,1551,387.75
45,229,57.25
34,172,43.0
185,947,236.75
141,751,187.75
141,758,189.5
230,1241,310.25
140,756,189.0
214,1120,280.0
126,652,163.0
222,1164,291.0
180,922,230.5
238,1339,334.75
36,214,53.5
36,214,53.5
6,50,12.5
171,1036,259.0
62,417,104.25
105,765,191.25
21,143,35.75
64,452,113.0
202,1331,332.75
258,1789,447.25
40,274,68.5
144,786,196.5
81,424,106.0
107,653,163.25
73,445,111.25
2,8,2.0
1,3,0.75
1,3,0.75
2,8,2.0
1,3,0.75
1,3,0.75
2,8,2.0
1,3,0.75
1,3,0.75
1,3,0.75
1,3,0.75
2,8,2.0
6,48,12.0
8,40,10.0
1,1,0.25
19,114,28.5
91,629,157.25
187,1306,326.5
102,985,246.25
150,665,166.25
140,1130,282.5
113,985,246.25
172,1435,358.75
98,579,144.75
181,1483,370.75
84,547,136.75
206,1251,312.75
116,741,185.25
111,699,174.75
62,363,90.75
60,358,89.5
56,302,75.5
98,600,150.0
113,709,177.25
113,687,171.75
54,354,88.5
83,513,128.25
98,607,151.75
1,1,0.25
266,1583,395.75
265,1908,477.0
35,191,47.75
37,236,59.0
493,3551,887.75
1,9,2.25
1,9,2.25
301,1908,477.0
235,1372,343.0
78,512,128.0
38,1252,313.0
94,643,160.75
119,798,199.5
103,1319,329.75
103,1319,329.75
98,580,145.0
315,1787,446.75
17,110,27.5
155,926,231.5
134,711,177.75
25,172,43.0
11,57,14.25
118,719,179.75
118,719,179.75
222,1497,374.25
208,1417,354.25
168,1143,285.75
173,1329,332.25
1,3,0.75
10,54,13.5
11,48,12.0
44,252,63.0
120,776,194.0
60,329,82.25
153,945,236.25
363,1972,493.0
354,2012,503.0
99,603,150.75
142,759,189.75
422,2801,700.25
279,1801,450.25
241,1589,397.25
121,798,199.5
208,1373,343.25
162,1034,258.5
25,129,32.25
294,1717,429.25
387,2697,674.25
385,2639,659.75
337,2558,639.5
1,1,0.25
104,659,164.75
162,1058,264.5
208,1280,320.0
205,1277,319.25
5,31,7.75
1,1,0.25
159,986,246.5
228,1330,332.5
136,757,189.25
174,1151,287.75
121,736,184.0
223,1164,291.0
115,735,183.75
307,1673,418.25
225,1454,363.5
145,1003,250.75
176,1223,305.75
19,96,24.0
158,1140,285.0
351,2248,562.0
5,14,3.5
299,1988,497.0
197,1296,324.0
17,110,27.5
47,274,68.5
13,100,25.0
79,464,116.0
129,894,223.5
26,163,40.75
42,227,56.75
114,742,185.5
112,693,173.25
59,329,82.25
73,492,123.0
73,492,123.0
50,315,78.75
5,25,6.25
7,32,8.0
25,153,38.25
29,180,45.0
300,1758,439.5
163,1081,270.25
115,713,178.25
19,117,29.25
15,99,24.75
45,240,60.0
1,1,0.25
48,279,69.75
62,365,91.25
289,1828,457.0
259,1694,423.5
330,2258,564.5
196,1355,338.75
356,2146,536.5
142,832,208.0
110,632,158.0
39,197,49.25
36,216,54.0
50,313,78.25
192,1142,285.5
235,1551,387.75
85,523,130.75
1,20,5.0
86,510,127.5
26,128,32.0
57,301,75.25
46,244,61.0
272,1824,456.0
108,832,208.0
41,236,59.0
80,720,180.0
79,504,126.0
19,118,29.5
106,679,169.75
232,1640,410.0
32,156,39.0
11,59,14.75
28,157,39.25
23,121,30.25
31,150,37.5
6,28,7.0
193,1159,289.75
1,14,3.5
300,1539,384.75
311,1812,453.0
17,81,20.25
253,1551,387.75
50,196,49.0
41,225,56.25
79,472,118.0
7,49,12.25
122,756,189.0
109,677,169.25
88,564,141.0
86,474,118.5
78,431,107.75
1,1,0.25
190,1057,264.25
62,337,84.25
238,1493,373.25
256,1742,435.5
258,1566,391.5
20,96,24.0
20,96,24.0
97,529,132.25
9,59,14.75
155,962,240.5
19,97,24.25
126,769,192.25
143,871,217.75
143,871,217.75
18,106,26.5
18,106,26.5
73,466,116.5
139,933,233.25
369,2174,543.5
308,1850,462.5
303,1916,479.0
104,648,162.0
46,264,66.0
15,89,22.25
333,1970,492.5
5,25,6.25
170,1122,280.5
201,1230,307.5
239,1424,356.0
187,1243,310.75
45,297,74.25
295,1582,395.5
1,16,4.0
13,74,18.5
217,1263,315.75
502,1040,260.0
502,1040,260.0
23,129,32.25
3,13,3.25
249,1632,408.0
1,4,1.0
1,8,2.0
1,307,76.75
83,498,124.5
44,191,47.75
85,601,150.25
91,650,162.5
81,528,132.0
89,547,136.75
85,581,145.25
116,776,194.0
99,676,169.0
114,825,206.25
95,711,177.75
101,718,179.5
96,661,165.25
8,58,14.5
263,1943,485.75
51,293,73.25
20,103,25.75
321,2122,530.5
328,2542,635.5
340,2001,500.25
196,1200,300.0
295,1863,465.75
36,220,55.0
133,789,197.25
434,2671,667.75
10,55,13.75
271,1582,395.5
78,393,98.25
48,226,56.5
232,1456,364.0
34,189,47.25
89,404,101.0
1,15,3.75
120,484,121.0
136,636,159.0
191,1216,304.0
406,2906,726.5
11,56,14.0
20,119,29.75
1,5,1.25
132,777,194.25
221,1301,325.25
163,918,229.5
49,296,74.0
125,776,194.0
223,1184,296.0
228,1215,303.75
467,2714,678.5
103,654,163.5
132,806,201.5
39,243,60.75
249,1450,362.5
410,2470,617.5
192,1343,335.75
345,2386,596.5
172,1057,264.25
195,1275,318.75
18,108,27.0
26,141,35.25
169,961,240.25
278,1646,411.5
38,210,52.5
209,1232,308.0
82,478,119.5
72,446,111.5
146,854,213.5
14,77,19.25
19,131,32.75
390,2526,631.5
75,439,109.75
39,238,59.5
212,1735,433.75
211,1441,360.25
14,92,23.0
7,32,8.0
163,847,211.75
160,953,238.25
203,1164,291.0
80,438,109.5
188,1096,274.0
15,79,19.75
30,166,41.5
382,2233,558.25
81,524,131.0
14,78,19.5
115,1660,415.0
287,1773,443.25
232,1092,273.0
51,268,67.0
46,307,76.75
50,340,85.0
60,323,80.75
33,246,61.5
80,500,125.0
396,2132,533.0
221,1581,395.25
18,103,25.75
107,1031,257.75
7,34,8.5
10,43,10.75
171,1384,346.0
101,554,138.5
16,87,21.75
4,27,6.75
105,646,161.5
51,335,83.75
1,1,0.25
251,1579,394.75
397,2747,686.75
151,1013,253.25
325,1704,426.0
335,2205,551.25
62,316,79.0
1,1,0.25
301,1945,486.25
183,1032,258.0
40,200,50.0
12,73,18.25
7,34,8.5
38,212,53.0
198,1343,335.75
91,516,129.0
32,189,47.25
297,1824,456.0
11,77,19.25
15,89,22.25
70,393,98.25
162,999,249.75
396,2116,529.0
1,1,0.25
8,35,8.75
15,75,18.75
52,323,80.75
77,469,117.25
16,84,21.0
341,1780,445.0
174,922,230.5
198,1202,300.5
102,592,148.0
96,595,148.75
97,518,129.5
27,191,47.75
291,2010,502.5
31,194,48.5
18,92,23.0
30,143,35.75
22,140,35.0
31,180,45.0
32,186,46.5
34,187,46.75
1,1,0.25
184,1049,262.25
169,994,248.5
154,900,225.0
13,79,19.75
83,502,125.5
39,205,51.25
29,156,39.0
271,1604,401.0
12,77,19.25
19,109,27.25
22,121,30.25
117,802,200.5
214,1180,295.0
335,1893,473.25
363,2031,507.75
70,432,108.0
80,532,133.0
71,477,119.25
79,539,134.75
23,209,52.25
30,214,53.5
12,135,33.75
166,908,227.0
194,1108,277.0
165,853,213.25
253,1404,351.0
146,772,193.0
141,812,203.0
149,812,203.0
119,1260,315.0
176,794,198.5
348,2196,549.0
252,1692,423.0
35,182,45.5
10,57,14.25
6,48,12.0
11,61,15.25
40,212,53.0
15,69,17.25
47,252,63.0
41,239,59.75
2,5,1.25
1,8,2.0
6,36,9.0
55,303,75.75
5,42,10.5
5,42,10.5
6,46,11.5
22,121,30.25
19,116,29.0
78,497,124.25
18,98,24.5
7,32,8.0
42,239,59.75
109,699,174.75
212,1470,367.5
60,368,92.0
18,114,28.5
193,1169,292.25
86,486,121.5
37,211,52.75
223,1649,412.25
269,1686,421.5
298,1928,482.0
34,157,39.25
131,846,211.5
269,1805,451.25
220,1475,368.75
45,214,53.5
40,240,60.0
147,831,207.75
27,120,30.0
23,108,27.0
115,620,155.0
87,701,175.25
5,31,7.75
62,369,92.25
144,991,247.75
139,929,232.25
172,1146,286.5
197,1323,330.75
141,977,244.25
1,1,0.25
223,1241,310.25
141,1133,283.25
184,1072,268.0
220,1243,310.75
233,1278,319.5
244,1418,354.5
162,929,232.25
74,461,115.25
223,1297,324.25
7,34,8.5
82,495,123.75
47,251,62.75
143,982,245.5
92,504,126.0
419,2527,631.75
1,19,4.75
241,1490,372.5
209,1312,328.0
80,461,115.25
110,646,161.5
40,217,54.25
434,2417,604.25
65,363,90.75
114,639,159.75
97,533,133.25
97,533,133.25
107,594,148.5
199,1479,369.75
30,123,30.75
66,319,79.75
160,954,238.5
151,832,208.0
116,934,233.5
54,302,75.5
570,3146,786.5
210,1189,297.25
114,701,175.25
181,1147,286.75
17,95,23.75
29,167,41.75
57,377,94.25
287,1762,440.5
69,348,87.0
301,1840,460.0
7,59,14.75
255,1723,430.75
321,2154,538.5
311,2041,510.25
222,1275,318.75
9,45,11.25
6,32,8.0
245,1835,458.75
6,33,8.25
11,81,20.25
16,93,23.25
10,62,15.5
21,175,43.75
79,621,155.25
42,270,67.5
9,73,18.25
148,864,216.0
50,300,75.0
226,1305,326.25
120,727,181.75
90,531,132.75
39,207,51.75
128,949,237.25
135,1075,268.75
109,522,130.5
25,162,40.5
28,185,46.25
57,321,80.25
116,680,170.0
73,401,100.25
99,523,130.75
210,1137,284.25
99,543,135.75
6,31,7.75
95,540,135.0
196,1181,295.25
109,655,163.75
114,681,170.25
146,842,210.5
159,938,234.5
11,49,12.25
10,63,15.75
99,510,127.5
66,392,98.0
231,1653,413.25
113,689,172.25
112,707,176.75
323,1918,479.5
8,37,9.25
22,140,35.0
557,3607,901.75
81,357,89.25
29,116,29.0
22,110,27.5
11,63,15.75
19,103,25.75
11,48,12.0
150,983,245.75
47,267,66.75
69,407,101.75
154,910,227.5
289,1955,488.75
78,490,122.5
52,314,78.5
32,166,41.5
106,632,158.0
121,724,181.0
12,77,19.25
22,121,30.25
25,124,31.0
24,122,30.5
28,157,39.25
40,201,50.25
109,585,146.25
35,186,46.5
157,931,232.75
69,374,93.5
86,492,123.0
85,495,123.75
120,702,175.5
131,772,193.0
85,509,127.25
108,615,153.75
172,1091,272.75
204,1253,313.25
125,751,187.75
141,839,209.75
205,1222,305.5
149,885,221.25
37,219,54.75
74,418,104.5
86,453,113.25
101,570,142.5
10,46,11.5
4,14,3.5
14,90,22.5
12,52,13.0
4,18,4.5
4,20,5.0
291,1679,419.75
131,905,226.25
182,1141,285.25
170,980,245.0
186,1262,315.5
76,420,105.0
218,1293,323.25
31,198,49.5
40,548,137.0
27,150,37.5
9,62,15.5
30,231,57.75
30,210,52.5
27,180,45.0
245,1407,351.75
206,1276,319.0
296,1702,425.5
11,53,13.25
205,1194,298.5
215,1319,329.75
243,1456,364.0
381,2177,544.25
35,299,74.75
72,426,106.5
143,855,213.75
181,1074,268.5
201,1205,301.25
10,52,13.0
9,48,12.0
15,90,22.5
55,301,75.25
110,598,149.5
81,489,122.25
8,45,11.25
8,45,11.25
19,109,27.25
8,45,11.25
61,310,77.5
127,723,180.75
89,564,141.0
8,42,10.5
47,288,72.0
37,208,52.0
43,246,61.5
66,432,108.0
8,49,12.25
31,161,40.25
75,393,98.25
280,1401,350.25
105,641,160.25
9,70,17.5
220,1558,389.5
13,59,14.75
282,1917,479.25
206,1453,363.25
89,629,157.25
112,802,200.5
65,336,84.0
76,357,89.25
207,1477,369.25
1,1,0.25
216,1099,274.75
210,1046,261.5
152,909,227.25
2,11,2.75
7,34,8.5
383,2350,587.5
115,1262,315.5
193,1334,333.5
87,492,123.0
7,32,8.0
207,1268,317.0
246,1460,365.0
10,65,16.25
10,49,12.25
50,285,71.25
39,205,51.25
39,301,75.25
247,1720,430.0
9,49,12.25
11,57,14.25
17,85,21.25
7,48,12.0
11,57,14.25
17,101,25.25
256,1767,441.75
50,311,77.75
169,1002,250.5
204,1220,305.0
253,1265,316.25
88,524,131.0
40,230,57.5
7,34,8.5
275,1578,394.5
23,129,32.25
111,598,149.5
86,547,136.75
57,328,82.0
10,47,11.75
400,2607,651.75
156,866,216.5
245,1299,324.75
339,1801,450.25
321,1737,434.25
224,1247,311.75
102,606,151.5
1,35,8.75
188,1040,260.0
5,31,7.75
1,8,2.0
5,19,4.75
24,118,29.5
378,2159,539.75
20,123,30.75
30,195,48.75
16,100,25.0
207,1289,322.25
193,1282,320.5
206,1333,333.25
200,1232,308.0
166,1018,254.5
8,56,14.0
359,1985,496.25
215,1509,377.25
272,1727,431.75
20,148,37.0
115,699,174.75
126,743,185.75
59,456,114.0
119,806,201.5
138,969,242.25
96,629,157.25
116,792,198.0
78,540,135.0
5,41,10.25
185,907,226.75
8,36,9.0
14,116,29.0
62,332,83.0
120,896,224.0
101,584,146.0
91,593,148.25
138,827,206.75
110,675,168.75
10,82,20.5
177,1648,412.0
14,66,16.5
24,138,34.5
104,541,135.25
107,553,138.25
177,1278,319.5
5,25,6.25
1,1,0.25
17,118,29.5
79,475,118.75
1,3,0.75
218,1330,332.5
294,1803,450.75
14,126,31.5
157,770,192.5
176,895,223.75
164,802,200.5
65,339,84.75
6,33,8.25
83,450,112.5
26,139,34.75
139,829,207.25
125,756,189.0
10,61,15.25
283,1344,336.0
33,193,48.25
18,135,33.75
16,116,29.0
161,956,239.0
220,1715,428.75
109,735,183.75
71,487,121.75
266,1695,423.75
133,765,191.25
267,1513,378.25
97,660,165.0
168,995,248.75
11,61,15.25
1,7,1.75
73,415,103.75
28,145,36.25
38,213,53.25
51,321,80.25
42,263,65.75
42,205,51.25
15,72,18.0
8,39,9.75
90,493,123.25
55,340,85.0
247,1932,483.0
181,994,248.5
192,1271,317.75
1,1,0.25
141,1040,260.0
114,1228,307.0
160,1105,276.25
151,1613,403.25
95,552,138.0
140,1752,438.0
180,1611,402.75
98,627,156.75
119,708,177.0
93,575,143.75
228,1493,373.25
340,1981,495.25
161,910,227.5
121,699,174.75
8,37,9.25
193,1106,276.5
5,26,6.5
37,252,63.0
5,22,5.5
5,22,5.5
7,32,8.0
26,153,38.25
131,889,222.25
52,293,73.25
262,1361,340.25
279,1423,355.75
269,1398,349.5
73,368,92.0
235,1506,376.5
26,121,30.25
24,127,31.75
79,424,106.0
127,695,173.75
81,596,149.0
302,1719,429.75
337,1931,482.75
1,1,0.25
55,303,75.75
17,102,25.5
22,138,34.5
25,139,34.75
12,70,17.5
33,155,38.75
21,94,23.5
386,2114,528.5
97,527,131.75
183,1257,314.25
281,1562,390.5
264,1506,376.5
235,1380,345.0
246,1628,407.0
4,21,5.25
30,142,35.5
92,660,165.0
30,205,51.25
32,172,43.0
51,399,99.75
38,219,54.75
188,1061,265.25
241,1379,344.75
14,52,13.0
180,1059,264.75
21,119,29.75
40,242,60.5
63,417,104.25
31,160,40.0
8,60,15.0
13,90,22.5
13,78,19.5
7,35,8.75
34,185,46.25
7,45,11.25
23,139,34.75
18,111,27.75
12,74,18.5
21,142,35.5
57,361,90.25
10,71,17.75
46,316,79.0
14,75,18.75
42,238,59.5
247,1660,415.0
239,1371,342.75
1,28,7.0
7,29,7.25
40,241,60.25
14,79,19.75
19,113,28.25
43,237,59.25
6,27,6.75
61,334,83.5
232,1368,342.0
221,1389,347.25
75,437,109.25
71,426,106.5
65,385,96.25
52,229,57.25
52,279,69.75
138,786,196.5
45,287,71.75
93,407,101.75
155,977,244.25
13,117,29.25
303,1644,411.0
159,725,181.25
266,1578,394.5
7,34,8.5
43,271,67.75
57,319,79.75
117,822,205.5
103,624,156.0
22,138,34.5
64,428,107.0
1,2,0.5
82,542,135.5
246,1405,351.25
226,1355,338.75
198,1268,317.0
120,725,181.25
56,311,77.75
70,406,101.5
175,1113,278.25
312,1798,449.5
98,576,144.0
187,786,196.5
3,34,8.5
296,2191,547.75
332,1902,475.5
26,136,34.0
1,1,0.25
26,128,32.0
154,911,227.75
157,1030,257.5
212,1345,336.25
31,127,31.75
203,1123,280.75
53,277,69.25
140,812,203.0
237,1564,391.0
14,67,16.75
17,86,21.5
23,133,33.25
77,469,117.25
40,249,62.25
14,80,20.0
247,1393,348.25
175,921,230.25
23,137,34.25
151,811,202.75
142,751,187.75
7,32,8.0
232,1452,363.0
11,66,16.5
41,256,64.0
81,500,125.0
140,760,190.0
115,687,171.75
83,574,143.5
9,45,11.25
6,35,8.75
81,499,124.75
297,1905,476.25
1,1,0.25
189,1097,274.25
169,1024,256.0
248,1373,343.25
248,1436,359.0
213,1229,307.25
23,147,36.75
1,9,2.25
14,76,19.0
248,1551,387.75
277,1760,440.0
198,1270,317.5
212,1382,345.5
275,1614,403.5
166,988,247.0
212,1341,335.25
111,712,178.0
2,40,10.0
324,1795,448.75
213,1383,345.75
153,1105,276.25
237,1369,342.25
217,1447,361.75
1,3,0.75
158,1075,268.75
405,2529,632.25
68,481,120.25
49,338,84.5
72,549,137.25
25,134,33.5
78,413,103.25
233,923,230.75
191,1332,333.0
135,849,212.25
99,606,151.5
28,159,39.75
42,245,61.25
9,54,13.5
76,423,105.75
18,96,24.0
13,60,15.0
40,277,69.25
368,2025,506.25
139,950,237.5
17,85,21.25
42,280,70.0
54,267,66.75
186,1172,293.0
239,1184,296.0
231,1167,291.75
234,1223,305.75
189,1180,295.0
14,74,18.5
6,34,8.5
31,190,47.5
64,387,96.75
201,1118,279.5
164,887,221.75
146,780,195.0
157,844,211.0
129,765,191.25
213,1305,326.25
6,38,9.5
47,314,78.5
186,1023,255.75
9,59,14.75
131,830,207.5
41,229,57.25
10,45,11.25
156,1108,277.0
102,696,174.0
116,538,134.5
116,702,175.5
50,284,71.0
133,1040,260.0
256,1376,344.0
21,126,31.5
15,97,24.25
166,1163,290.75
36,220,55.0
48,276,69.0
56,298,74.5
56,275,68.75
32,163,40.75
35,163,40.75
48,219,54.75
192,1174,293.5
381,2543,635.75
23,138,34.5
17,88,22.0
212,1435,358.75
207,1279,319.75
255,1523,380.75
97,650,162.5
21,126,31.5
186,1285,321.25
164,1064,266.0
127,1004,251.0
19,111,27.75
26,124,31.0
32,225,56.25
69,435,108.75
128,906,226.5
55,308,77.0
9,67,16.75
47,265,66.25
44,265,66.25
1,1,0.25
148,1897,474.25
140,852,213.0
175,1104,276.0
203,1290,322.5
184,1215,303.75
76,435,108.75
261,1463,365.75
292,1741,435.25
131,810,202.5
21,123,30.75
64,386,96.5
155,1301,325.25
20,111,27.75
26,146,36.5
18,105,26.25
1,13,3.25
28,176,44.0
122,925,231.25
128,1022,255.5
140,1014,253.5
147,935,233.75
147,938,234.5
145,950,237.5
137,1076,269.0
134,954,238.5
132,931,232.75
145,1054,263.5
150,1059,264.75
140,1012,253.0
52,241,60.25
26,136,34.0
24,98,24.5
200,1119,279.75
263,1947,486.75
293,2360,590.0
312,2482,620.5
1,1,0.25
335,2075,518.75
7,34,8.5
60,363,90.75
1,2,0.5
165,878,219.5
284,1774,443.5
137,846,211.5
14,87,21.75
209,1307,326.75
10,242,60.5
11,252,63.0
16,286,71.5
67,425,106.25
67,323,80.75
74,378,94.5
257,1441,360.25
7,32,8.0
266,1316,329.0
7,59,14.75
15,95,23.75
93,603,150.75
67,456,114.0
69,460,115.0
90,637,159.25
165,980,245.0
42,292,73.0
43,294,73.5
12,68,17.0
53,316,79.0
12,68,17.0
12,68,17.0
12,68,17.0
22,121,30.25
27,140,35.0
2,18,4.5
162,1023,255.75
290,1679,419.75
67,393,98.25
85,476,119.0
89,494,123.5
115,691,172.75
107,646,161.5
1,3,0.75
18,94,23.5
221,1521,380.25
59,381,95.25
246,1514,378.5
11,52,13.0
391,2107,526.75
9,49,12.25
192,1102,275.5
214,1306,326.5
31,159,39.75
214,1283,320.75
1,8,2.0
304,2021,505.25
54,330,82.5
7,34,8.5
315,1684,421.0
57,287,71.75
69,357,89.25
162,985,246.25
30,200,50.0
191,1136,284.0
12,56,14.0
205,1199,299.75
189,1204,301.0
200,1246,311.5
16,76,19.0
115,751,187.75
91,579,144.75
6,30,7.5
98,577,144.25
190,1432,358.0
39,223,55.75
6,34,8.5
7,40,10.0
21,137,34.25
281,1935,483.75
45,288,72.0
394,2508,627.0
1,15,3.75
61,315,78.75
93,551,137.75
52,318,79.5
46,317,79.25
32,249,62.25
5,29,7.25
66,437,109.25
34,239,59.75
38,258,64.5
85,667,166.75
177,1410,352.5
204,1438,359.5
67,361,90.25
148,1042,260.5
126,613,153.25
29,159,39.75
18,91,22.75
316,1966,491.5
18,93,23.25
321,2043,510.75
360,2010,502.5
150,985,246.25
238,1350,337.5
287,1987,496.75
27,138,34.5
1,4,1.0
54,321,80.25
3,19,4.75
117,797,199.25
79,1456,364.0
124,807,201.75
37,266,66.5
41,232,58.0
55,359,89.75
65,392,98.0
26,147,36.75
302,2034,508.5
61,387,96.75
255,1417,354.25
395,1963,490.75
67,391,97.75
292,1946,486.5
373,2359,589.75
351,2394,598.5
190,1222,305.5
156,836,209.0
18,117,29.25
88,571,142.75
70,435,108.75
8,51,12.75
20,215,53.75
1,8,2.0
27,132,33.0
158,864,216.0
407,2743,685.75
42,269,67.25
17,103,25.75
194,1059,264.75
90,540,135.0
201,1096,274.0
235,1335,333.75
208,1047,261.75
233,1587,396.75
219,1393,348.25
876,4573,1143.25
401,2794,698.5
313,1980,495.0
50,250,62.5
199,1355,338.75
183,1225,306.25
354,2142,535.5
9,59,14.75
11,65,16.25
21,117,29.25
42,381,95.25
11,61,15.25
165,1059,264.75
308,2031,507.75
226,1358,339.5
205,1320,330.0
46,233,58.25
7,32,8.0
6,30,7.5
99,656,164.0
225,1156,289.0
159,855,213.75
154,797,199.25
11,51,12.75
111,667,166.75
263,1573,393.25
84,490,122.5
12,80,20.0
144,839,209.75
148,859,214.75
162,908,227.0
26,135,33.75
100,576,144.0
21,103,25.75
46,279,69.75
24,156,39.0
7,32,8.0
179,1138,284.5
103,666,166.5
34,224,56.0
240,1449,362.25
298,1789,447.25
162,944,236.0
179,1101,275.25
29,176,44.0
18,77,19.25
27,167,41.75
35,198,49.5
162,916,229.0
6,30,7.5
47,277,69.25
68,362,90.5
20,118,29.5
287,1603,400.75
72,362,90.5
1,5,1.25
22,121,30.25
7,32,8.0
114,713,178.25
124,699,174.75
130,727,181.75
144,771,192.75
282,1748,437.0
108,653,163.25
108,1001,250.25
328,2612,653.0
215,1563,390.75
234,1655,413.75
104,676,169.0
106,690,172.5
247,1369,342.25
72,390,97.5
119,638,159.5
138,720,180.0
89,514,128.5
92,504,126.0
9,52,13.0
48,273,68.25
49,282,70.5
39,237,59.25
175,1053,263.25
215,1162,290.5
143,753,188.25
163,782,195.5
181,978,244.5
116,1013,253.25
71,405,101.25
53,378,94.5
70,421,105.25
343,2289,572.25
61,330,82.5
9,46,11.5
78,443,110.75
412,2310,577.5
38,235,58.75
264,1445,361.25
281,1593,398.25
174,1078,269.5
177,1189,297.25
279,1889,472.25
156,1135,283.75
61,432,108.0
192,1297,324.25
11,77,19.25
75,456,114.0
328,2171,542.75
25,134,33.5
1,1,0.25
6,29,7.25
109,683,170.75
326,2033,508.25
106,692,173.0
175,1178,294.5
23,113,28.25
52,311,77.75
13,67,16.75
1,3,0.75
1,3,0.75
200,1184,296.0
96,532,133.0
16,86,21.5
490,3408,852.0
122,726,181.5
53,290,72.5
145,888,222.0
13,73,18.25
271,1510,377.5
360,2074,518.5
210,1512,378.0
257,1547,386.75
142,929,232.25
323,2107,526.75
303,1749,437.25
9,49,12.25
140,717,179.25
108,750,187.5
352,1983,495.75
37,269,67.25
241,1414,353.5
105,615,153.75
287,1699,424.75
34,203,50.75
10,50,12.5
166,888,222.0
169,964,241.0
255,1496,374.0
385,2130,532.5
90,535,133.75
20,105,26.25
156,964,241.0
205,1202,300.5
270,1526,381.5
265,1812,453.0
119,1060,265.0
7,34,8.5
6,34,8.5
6,34,8.5
10,53,13.25
10,53,13.25
10,53,13.25
7,34,8.5
201,1396,349.0
1,4,1.0
62,335,83.75
34,234,58.5
34,234,58.5
75,454,113.5
163,967,241.75
98,539,134.75
55,293,73.25
86,439,109.75
75,359,89.75
97,509,127.25
131,755,188.75
87,474,118.5
55,272,68.0
78,471,117.75
168,1030,257.5
63,338,84.5
408,2814,703.5
126,703,175.75
61,328,82.0
101,615,153.75
250,1622,405.5
218,1448,362.0
65,414,103.5
53,353,88.25
59,440,110.0
46,343,85.75
264,1757,439.25
56,397,99.25
65,396,99.0
235,1499,374.75
354,1832,458.0
359,1852,463.0
358,1850,462.5
359,1839,459.75
113,636,159.0
37,264,66.0
37,264,66.0
72,545,136.25
149,1096,274.0
66,488,122.0
70,508,127.0
159,1122,280.5
126,882,220.5
107,732,183.0
92,630,157.5
153,1187,296.75
413,3094,773.5
113,621,155.25
126,710,177.5
90,511,127.75
59,355,88.75
52,260,65.0
50,266,66.5
69,466,116.5
112,671,167.75
125,814,203.5
63,377,94.25
63,377,94.25
1,2,0.5
65,389,97.25
16,80,20.0
16,95,23.75
25,147,36.75
21,103,25.75
95,552,138.0
34,160,40.0
35,165,41.25
14,73,18.25
116,634,158.5
35,171,42.75
56,279,69.75
50,319,79.75
83,528,132.0
132,794,198.5
193,1190,297.5
5,27,6.75
84,518,129.5
19,97,24.25
147,832,208.0
161,951,237.75
261,1738,434.5
7,28,7.0
272,1680,420.0
186,1134,283.5
76,426,106.5
30,164,41.0
188,1156,289.0
24,132,33.0
85,521,130.25
92,453,113.25
144,915,228.75
128,736,184.0
113,566,141.5
116,565,141.25
110,572,143.0
116,576,144.0
110,538,134.5
110,825,206.25
114,542,135.5
108,572,143.0
89,421,105.25
100,520,130.0
111,556,139.0
110,527,131.75
99,543,135.75
88,429,107.25
3,13,3.25
52,309,77.25
280,1754,438.5
17,84,21.0
159,1027,256.75
183,1306,326.5
107,570,142.5
184,1150,287.5
14,106,26.5
35,206,51.5
32,186,46.5
263,1583,395.75
341,2140,535.0
1,4,1.0
1,8,2.0
38,1051,262.75
41,249,62.25
25,152,38.0
8,47,11.75
27,158,39.5
13,84,21.0
220,1309,327.25
12,64,16.0
12,61,15.25
224,1503,375.75
52,262,65.5
307,2081,520.25
164,1034,258.5
255,1292,323.0
391,2137,534.25
133,734,183.5
212,1255,313.75
217,1312,328.0
322,2138,534.5
133,758,189.5
32,241,60.25
26,190,47.5
178,1282,320.5
190,1343,335.75
220,1396,349.0
54,295,73.75
85,527,131.75
187,1096,274.0
357,2165,541.25
362,2029,507.25
23,126,31.5
28,166,41.5
28,164,41.0
28,166,41.5
27,156,39.0
52,297,74.25
36,206,51.5
36,206,51.5
36,206,51.5
211,1348,337.0
36,232,58.0
17,105,26.25
52,321,80.25
80,468,117.0
13,187,46.75
36,225,56.25
61,368,92.0
162,1142,285.5
48,278,69.5
54,336,84.0
1,7,1.75
2,9,2.25
391,3090,772.5
1,15,3.75
143,746,186.5
7,32,8.0
121,678,169.5
26,152,38.0
160,1108,277.0
262,1661,415.25
216,1522,380.5
242,1818,454.5
190,1290,322.5
3,9,2.25
28,139,34.75
147,950,237.5
48,307,76.75
114,691,172.75
5,11,2.75
38,190,47.5
50,325,81.25
239,1529,382.25
104,597,149.25
240,1420,355.0
137,1072,268.0
193,1183,295.75
166,1024,256.0
14,83,20.75
26,132,33.0
219,1258,314.5
155,959,239.75
249,1443,360.75
131,666,166.5
35,196,49.0
206,1455,363.75
268,1824,456.0
5,28,7.0
25,126,31.5
105,604,151.0
205,1304,326.0
200,1268,317.0
241,1563,390.75
138,846,211.5
35,188,47.0
108,591,147.75
77,500,125.0
107,679,169.75
112,680,170.0
109,684,171.0
101,603,150.75
1,1,0.25
2,9,2.25
12,67,16.75
12,63,15.75
261,1660,415.0
260,1758,439.5
5,22,5.5
10,50,12.5
24,132,33.0
26,148,37.0
24,138,34.5
97,663,165.75
6,30,7.5
92,549,137.25
45,257,64.25
26,149,37.25
47,284,71.0
220,1865,466.25
122,822,205.5
114,685,171.25
127,756,189.0
1,3,0.75
7,29,7.25
5,23,5.75
95,597,149.25
318,2066,516.5
8,49,12.25
175,1042,260.5
38,202,50.5
18,103,25.75
1,4,1.0
1,4,1.0
7,47,11.75
7,47,11.75
19,103,25.75
255,1508,377.0
318,2055,513.75
51,314,78.5
165,1021,255.25
274,1719,429.75
201,1317,329.25
226,1343,335.75
150,835,208.75
323,1886,471.5
54,320,80.0
96,541,135.25
6,34,8.5
160,1128,282.0
6,30,7.5
115,779,194.75
1,1,0.25
219,1378,344.5
11,52,13.0
28,160,40.0
64,430,107.5
342,2403,600.75
1,3,0.75
277,1640,410.0
23,129,32.25
179,1158,289.5
25,129,32.25
85,507,126.75
172,1007,251.75
192,1119,279.75
161,1004,251.0
196,1225,306.25
160,1016,254.0
323,1795,448.75
312,1855,463.75
86,435,108.75
256,1587,396.75
256,1587,396.75
6,22,5.5
181,1109,277.25
189,1159,289.75
334,2205,551.25
307,2030,507.5
345,2345,586.25
244,1583,395.75
74,450,112.5
14,73,18.25
265,1435,358.75
172,1176,294.0
251,1857,464.25
183,943,235.75
231,1579,394.75
505,2784,696.0
105,1053,263.25
155,1062,265.5
191,1135,283.75
164,1008,252.0
32,196,49.0
26,170,42.5
23,160,40.0
163,1200,300.0
1,9,2.25
185,909,227.25
588,3969,992.25
202,1073,268.25
58,313,78.25
176,1235,308.75
14,84,21.0
66,355,88.75
176,1022,255.5
112,722,180.5
20,114,28.5
8,44,11.0
54,332,83.0
167,1002,250.5
151,853,213.25
236,1533,383.25
14,98,24.5
22,152,38.0
22,152,38.0
22,152,38.0
411,2391,597.75
267,1594,398.5
283,1734,433.5
1,1,0.25
107,597,149.25
106,632,158.0
49,261,65.25
49,261,65.25
211,1538,384.5
30,526,131.5
38,185,46.25
140,879,219.75
7,34,8.5
142,751,187.75
1,16,4.0
305,2215,553.75
18,102,25.5
20,92,23.0
9,59,14.75
300,1758,439.5
59,394,98.5
110,714,178.5
41,258,64.5
12,97,24.25
10,53,13.25
157,1046,261.5
105,679,169.75
95,642,160.5
87,533,133.25
156,992,248.0
7,38,9.5
22,118,29.5
76,495,123.75
60,399,99.75
153,1067,266.75
135,833,208.25
5,35,8.75
149,950,237.5
105,664,166.0
87,516,129.0
15,65,16.25
363,1959,489.75
271,1511,377.75
234,1301,325.25
120,611,152.75
38,223,55.75
94,619,154.75
11,80,20.0
14,91,22.75
66,425,106.25
108,593,148.25
42,238,59.5
248,1679,419.75
230,1527,381.75
276,1943,485.75
228,1551,387.75
175,1242,310.5
188,1404,351.0
207,1387,346.75
222,1289,322.25
241,1469,367.25
187,1146,286.5
178,1131,282.75
192,1264,316.0
307,1884,471.0
148,964,241.0
21,102,25.5
222,1348,337.0
172,1112,278.0
135,862,215.5
156,949,237.25
180,1174,293.5
303,2235,558.75
225,1534,383.5
298,1885,471.25
335,2067,516.75
383,2432,608.0
182,1346,336.5
86,414,103.5
93,507,126.75
312,1917,479.25
301,1714,428.5
185,1035,258.75
233,1317,329.25
232,1368,342.0
145,832,208.0
219,1282,320.5
224,1283,320.75
75,393,98.25
83,491,122.75
344,2010,502.5
257,1485,371.25
252,1477,369.25
232,1367,341.75
208,1279,319.75
206,1227,306.75
207,1221,305.25
152,1024,256.0
203,1237,309.25
151,903,225.75
95,545,136.25
185,1234,308.5
76,464,116.0
125,771,192.75
48,251,62.75
87,533,133.25
201,1215,303.75
94,521,130.25
157,846,211.5
61,317,79.25
138,745,186.25
85,423,105.75
83,350,87.5
72,307,76.75
69,381,95.25
76,326,81.5
90,403,100.75
90,403,100.75
63,338,84.5
75,392,98.0
65,327,81.75
45,231,57.75
94,507,126.75
1,15,3.75
57,371,92.75
9,51,12.75
20,108,27.0
25,138,34.5
341,2059,514.75
65,395,98.75
22,118,29.5
50,320,80.0
173,1017,254.25
188,1064,266.0
66,375,93.75
330,2018,504.5
352,2077,519.25
363,2107,526.75
269,1541,385.25
288,1627,406.75
314,1674,418.5
198,1112,278.0
233,1423,355.75
262,1585,396.25
79,448,112.0
89,575,143.75
305,1791,447.75
301,1761,440.25
134,770,192.5
267,1521,380.25
120,717,179.25
278,1792,448.0
168,951,237.75
212,1270,317.5
110,621,155.25
301,1910,477.5
306,1814,453.5
337,1903,475.75
352,1972,493.0
339,1988,497.0
346,2029,507.25
244,1391,347.75
362,2111,527.75
242,1408,352.0
334,1939,484.75
104,653,163.25
380,2241,560.25
351,2062,515.5
66,408,102.0
130,745,186.25
171,1001,250.25
4,21,5.25
4,22,5.5
4,22,5.5
93,569,142.25
165,949,237.25
334,1983,495.75
326,1927,481.75
105,621,155.25
423,2459,614.75
382,2081,520.25
32,146,36.5
304,1983,495.75
268,1626,406.5
312,1920,480.0
21,120,30.0
40,221,55.25
206,1179,294.75
91,499,124.75
261,1534,383.5
23,135,33.75
228,1684,421.0
152,1084,271.0
6,34,8.5
42,245,61.25
64,394,98.5
122,770,192.5
103,639,159.75
106,636,159.0
7,32,8.0
178,1179,294.75
1,2,0.5
25,150,37.5
327,1907,476.75
155,850,212.5
178,1029,257.25
407,2203,550.75
273,1457,364.25
210,1096,274.0
188,947,236.75
7,29,7.25
7,32,8.0
12,60,15.0
7,40,10.0
238,1318,329.5
245,1382,345.5
173,1264,316.0
283,2054,513.5
54,328,82.0
152,1001,250.25
88,561,140.25
62,343,85.75
105,675,168.75
106,681,170.25
5,40,10.0
175,1009,252.25
24,162,40.5
1,5,1.25
184,1037,259.25
213,1180,295.0
89,463,115.75
108,550,137.5
96,512,128.0
29,144,36.0
41,221,55.25
205,1174,293.5
34,188,47.0
85,470,117.5
57,317,79.25
196,1202,300.5
92,615,153.75
66,444,111.0
265,1518,379.5
134,655,163.75
124,620,155.0
72,413,103.25
72,426,106.5
74,497,124.25
133,764,191.0
14,38,9.5
142,840,210.0
141,846,211.5
8,41,10.25
232,1368,342.0
232,1352,338.0
226,1333,333.25
204,1214,303.5
212,1313,328.25
235,1435,358.75
212,1273,318.25
280,1691,422.75
156,1013,253.25
185,1172,293.0
250,1569,392.25
284,1701,425.25
209,1212,303.0
201,1166,291.5
189,1084,271.0
190,1089,272.25
266,1649,412.25
187,1146,286.5
256,1530,382.5
59,386,96.5
123,741,185.25
121,714,178.5
53,312,78.0
561,3568,892.0
149,794,198.5
177,1161,290.25
1,30,7.5
7,32,8.0
327,1859,464.75
59,356,89.0
94,537,134.25
50,291,72.75
175,1279,319.75
7,32,8.0
210,1343,335.75
224,1430,357.5
221,1415,353.75
12,71,17.75
1,313,78.25
280,1594,398.5
54,351,87.75
590,4418,1104.5
121,1207,301.75
9,48,12.0
46,271,67.75
270,1723,430.75
248,1403,350.75
49,305,76.25
63,424,106.0
39,212,53.0
53,304,76.0
17,111,27.75
33,189,47.25
105,618,154.5
98,601,150.25
68,522,130.5
336,1851,462.75
86,457,114.25
198,1287,321.75
121,752,188.0
179,1163,290.75
5,23,5.75
17,89,22.25
26,126,31.5
13,69,17.25
27,155,38.75
212,1307,326.75
5,35,8.75
101,614,153.5
86,420,105.0
176,1065,266.25
215,1468,367.0
143,994,248.5
152,952,238.0
277,1979,494.75
1,1,0.25
16,82,20.5
195,1429,357.25
130,952,238.0
158,1203,300.75
178,1094,273.5
71,448,112.0
97,568,142.0
133,789,197.25
85,479,119.75
1,10,2.5
7,34,8.5
149,874,218.5
14,69,17.25
6,29,7.25
9,51,12.75
24,129,32.25
27,136,34.0
39,254,63.5
30,229,57.25
153,967,241.75
196,1201,300.25
190,1165,291.25
125,749,187.25
182,1172,293.0
580,3822,955.5
8,35,8.75
225,1378,344.5
30,274,68.5
7,29,7.25
9,36,9.0
8,47,11.75
8,47,11.75
15,97,24.25
6,30,7.5
152,934,233.5
53,268,67.0
90,513,128.25
254,1778,444.5
28,185,46.25
28,186,46.5
158,907,226.75
204,1279,319.75
33,198,49.5
31,185,46.25
104,578,144.5
131,818,204.5
61,385,96.25
1,2,0.5
1,1,0.25
240,1451,362.75
74,417,104.25
10,50,12.5
309,1842,460.5
227,1202,300.5
18,110,27.5
76,458,114.5
487,3529,882.25
27,167,41.75
112,562,140.5
80,486,121.5
80,472,118.0
87,485,121.25
110,631,157.75
106,615,153.75
84,541,135.25
302,1865,466.25
60,365,91.25
141,931,232.75
96,557,139.25
53,300,75.0
97,592,148.0
273,1619,404.75
288,1667,416.75
108,577,144.25
183,1455,363.75
19,96,24.0
114,666,166.5
56,286,71.5
53,296,74.0
198,690,172.5
51,232,58.0
29,147,36.75
33,209,52.25
102,668,167.0
190,973,243.25
20,132,33.0
68,418,104.5
72,444,111.0
185,1091,272.75
35,210,52.5
64,354,88.5
148,849,212.25
116,727,181.75
100,589,147.25
87,423,105.75
18,108,27.0
13,69,17.25
41,222,55.5
137,802,200.5
36,234,58.5
54,325,81.25
66,466,116.5
82,444,111.0
246,1638,409.5
178,682,170.5
95,691,172.75
75,492,123.0
58,358,89.5
51,364,91.0
214,1345,336.25
31,175,43.75
15,70,17.5
29,146,36.5
28,131,32.75
34,173,43.25
15,83,20.75
17,83,20.75
35,175,43.75
50,256,64.0
45,219,54.75
93,482,120.5
298,1937,484.25
127,689,172.25
260,2046,511.5
39,198,49.5
24,199,49.75
182,1064,266.0
197,1252,313.0
292,1821,455.25
159,931,232.75
182,1424,356.0
10,45,11.25
1,1,0.25
5,31,7.75
40,252,63.0
72,462,115.5
53,324,81.0
55,364,91.0
248,1391,347.75
30,190,47.5
31,155,38.75
109,797,199.25
2,14,3.5
4,25,6.25
215,1417,354.25
14,79,19.75
79,477,119.25
117,618,154.5
138,970,242.5
91,618,154.5
87,600,150.0
88,577,144.25
148,1025,256.25
27,156,39.0
95,620,155.0
33,200,50.0
9,59,14.75
18,58,14.5
4,27,6.75
123,648,162.0
4,27,6.75
62,389,97.25
157,863,215.75
195,1112,278.0
19,109,27.25
6,38,9.5
28,159,39.75
42,223,55.75
230,1352,338.0
342,1915,478.75
342,1915,478.75
282,1896,474.0
135,882,220.5
101,646,161.5
266,1520,380.0
234,1466,366.5
179,1174,293.5
7,34,8.5
341,2518,629.5
578,3628,907.0
77,613,153.25
277,1888,472.0
16,147,36.75
57,393,98.25
29,220,55.0
43,285,71.25
22,171,42.75
72,579,144.75
85,498,124.5
85,498,124.5
28,202,50.5
30,231,57.75
152,714,178.5
3,62,15.5
1,7,1.75
13,199,49.75
35,173,43.25
33,207,51.75
122,714,178.5
53,235,58.75
111,629,157.25
17,110,27.5
99,628,157.0
118,790,197.5
78,539,134.75
50,319,79.75
61,428,107.0
94,612,153.0
116,785,196.25
68,444,111.0
110,621,155.25
86,548,137.0
75,479,119.75
102,618,154.5
83,524,131.0
95,581,145.25
89,569,142.25
87,555,138.75
103,628,157.0
105,606,151.5
236,1429,357.25
76,953,238.25
8,89,22.25
7,32,8.0
46,257,64.25
184,1098,274.5
207,1185,296.25
75,372,93.0
186,1006,251.5
30,195,48.75
128,741,185.25
98,535,133.75
37,260,65.0
11,57,14.25
18,95,23.75
69,363,90.75
224,1266,316.5
7,41,10.25
7,61,15.25
86,519,129.75
246,1427,356.75
154,971,242.75
203,1424,356.0
1,1,0.25
1,1,0.25
195,1108,277.0
7,34,8.5
101,599,149.75
69,414,103.5
162,1034,258.5
46,264,66.0
83,523,130.75
67,422,105.5
256,1293,323.25
203,1039,259.75
167,862,215.5
154,869,217.25
398,2755,688.75
220,1449,362.25
181,1237,309.25
191,1298,324.5
102,711,177.75
343,1736,434.0
56,343,85.75
223,1651,412.75
5,34,8.5
30,200,50.0
7,44,11.0
138,853,213.25
253,1591,397.75
109,660,165.0
11,73,18.25
262,1555,388.75
287,2013,503.25
211,1297,324.25
28,141,35.25
90,485,121.25
80,463,115.75
83,486,121.5
92,529,132.25
45,254,63.5
77,450,112.5
162,921,230.25
465,2993,748.25
225,1575,393.75
56,369,92.25
129,678,169.5
17,88,22.0
132,813,203.25
60,406,101.5
9,58,14.5
1,1,0.25
7,34,8.5
22,123,30.75
7,32,8.0
36,201,50.25
124,990,247.5
124,990,247.5
10,79,19.75
10,89,22.25
10,79,19.75
9,73,18.25
354,2406,601.5
3,181,45.25
380,2009,502.25
115,653,163.25
131,919,229.75
131,921,230.25
1,5,1.25
15,78,19.5
158,682,170.5
40,180,45.0
146,872,218.0
1,15,3.75
393,2683,670.75
36,229,57.25
238,1339,334.75
66,371,92.75
8,41,10.25
8,41,10.25
296,1669,417.25
85,422,105.5
62,357,89.25
4,24,6.0
16,91,22.75
359,2273,568.25
30,151,37.75
50,306,76.5
29,180,45.0
48,300,75.0
121,727,181.75
58,330,82.5
139,753,188.25
142,763,190.75
75,418,104.5
174,1077,269.25
186,1262,315.5
169,1141,285.25
147,916,229.0
60,356,89.0
39,233,58.25
235,1335,333.75
218,1265,316.25
66,393,98.25
137,881,220.25
280,1706,426.5
269,1664,416.0
61,347,86.75
78,487,121.75
81,506,126.5
190,1283,320.75
161,1047,261.75
175,1194,298.5
7,34,8.5
34,157,39.25
7,34,8.5
34,157,39.25
28,165,41.25
32,230,57.5
14,75,18.75
12,69,17.25
12,69,17.25
136,706,176.5
238,1618,404.5
22,119,29.75
61,318,79.5
575,3264,816.0
196,1291,322.75
29,181,45.25
9,32,8.0
35,185,46.25
1,1,0.25
33,190,47.5
101,523,130.75
60,334,83.5
27,152,38.0
14,77,19.25
11,53,13.25
152,851,212.75
71,424,106.0
6,50,12.5
200,1374,343.5
20,129,32.25
2,40,10.0
25,129,32.25
127,827,206.75
132,862,215.5
77,455,113.75
6,34,8.5
187,1124,281.0
286,1808,452.0
226,1456,364.0
36,182,45.5
117,672,168.0
126,724,181.0
311,2363,590.75
269,1657,414.25
42,272,68.0
113,695,173.75
70,459,114.75
71,386,96.5
109,582,145.5
7,34,8.5
176,1145,286.25
390,2371,592.75
49,268,67.0
253,1532,383.0
45,263,65.75
44,258,64.5
60,333,83.25
9,49,12.25
50,287,71.75
154,985,246.25
97,580,145.0
246,1321,330.25
1,1,0.25
106,665,166.25
104,582,145.5
21,102,25.5
169,1032,258.0
74,404,101.0
3,21,5.25
236,1700,425.0
246,1823,455.75
65,391,97.75
92,544,136.0
89,530,132.5
63,375,93.75
64,374,93.5
67,400,100.0
78,465,116.25
181,1163,290.75
272,1711,427.75
282,1819,454.75
35,213,53.25
35,213,53.25
245,1584,396.0
10,59,14.75
161,1048,262.0
161,1048,262.0
49,284,71.0
5,51,12.75
5,51,12.75
5,51,12.75
5,51,12.75
5,51,12.75
5,56,14.0
5,55,13.75
5,55,13.75
5,55,13.75
5,55,13.75
5,55,13.75
5,55,13.75
5,55,13.75
5,55,13.75
5,55,13.75
3,24,6.0
1,8,2.0
39,307,76.75
66,364,91.0
115,691,172.75
13,108,27.0
110,664,166.0
192,1187,296.75
90,1156,289.0
1,1,0.25
7,37,9.25
6,30,7.5
4,24,6.0
8,49,12.25
6,39,9.75
5,35,8.75
466,3006,751.5
36,201,50.25
183,1114,278.5
227,1192,298.0
66,392,98.0
64,395,98.75
97,585,146.25
359,2015,503.75
2,37,9.25
51,319,79.75
29,151,37.75
221,1535,383.75
215,1425,356.25
48,261,65.25
80,505,126.25
170,1550,387.5
115,730,182.5
216,1229,307.25
310,2214,553.5
58,414,103.5
273,2077,519.25
370,2179,544.75
46,256,64.0
252,1443,360.75
204,1283,320.75
172,1095,273.75
272,1425,356.25
309,1612,403.0
141,899,224.75
187,1198,299.5
200,1282,320.5
212,1223,305.75
132,853,213.25
157,1074,268.5
1,1,0.25
8,49,12.25
22,127,31.75
34,198,49.5
293,1830,457.5
233,1518,379.5
261,1395,348.75
204,1247,311.75
75,597,149.25
46,448,112.0
167,1028,257.0
205,1124,281.0
94,561,140.25
92,543,135.75
98,586,146.5
87,482,120.5
92,560,140.0
92,543,135.75
98,566,141.5
93,541,135.25
89,528,132.0
167,1070,267.5
64,370,92.5
209,1748,437.0
248,1553,388.25
10,74,18.5
85,506,126.5
300,3323,830.75
185,1451,362.75
30,175,43.75
213,1189,297.25
182,943,235.75
8,94,23.5
12,63,15.75
5,30,7.5
9,60,15.0
73,376,94.0
12,78,19.5
15,78,19.5
110,584,146.0
85,438,109.5
16,84,21.0
72,342,85.5
21,114,28.5
18,100,25.0
18,95,23.75
323,1846,461.5
204,1461,365.25
72,472,118.0
302,1718,429.5
106,691,172.75
113,774,193.5
30,167,41.75
69,445,111.25
69,382,95.5
125,797,199.25
362,2381,595.25
1,1,0.25
81,559,139.75
54,375,93.75
34,236,59.0
75,574,143.5
49,308,77.0
17,152,38.0
32,292,73.0
15,96,24.0
19,181,45.25
1,42,10.5
112,884,221.0
111,768,192.0
134,965,241.25
43,312,78.0
151,954,238.5
250,1488,372.0
61,328,82.0
54,294,73.5
54,406,101.5
662,3528,882.0
1,5,1.25
16,132,33.0
254,1330,332.5
282,1744,436.0
282,2044,511.0
208,1273,318.25
104,572,143.0
118,730,182.5
7,40,10.0
177,993,248.25
16,90,22.5
18,108,27.0
126,723,180.75
180,975,243.75
153,803,200.75
246,1418,354.5
214,1302,325.5
155,936,234.0
180,1059,264.75
196,1069,267.25
63,399,99.75
24,128,32.0
211,1314,328.5
17,94,23.5
9,46,11.5
9,52,13.0
7,31,7.75
185,1181,295.25
110,629,157.25
6,26,6.5
12,55,13.75
139,999,249.75
236,1582,395.5
256,1602,400.5
130,911,227.75
360,2450,612.5
126,1352,338.0
136,787,196.75
21,108,27.0
350,2092,523.0
135,714,178.5
139,740,185.0
194,1104,276.0
297,1565,391.25
14,92,23.0
8,61,15.25
19,129,32.25
146,953,238.25
135,984,246.0
175,1265,316.25
198,1306,326.5
16,76,19.0
88,602,150.5
99,631,157.75
113,700,175.0
74,490,122.5
62,402,100.5
115,717,179.25
89,558,139.5
83,510,127.5
80,573,143.25
90,644,161.0
141,833,208.25
141,833,208.25
11,465,116.25
2,39,9.75
14,93,23.25
216,1286,321.5
195,1237,309.25
170,1024,256.0
297,1795,448.75
40,224,56.0
58,338,84.5
22,111,27.75
70,370,92.5
267,1876,469.0
40,194,48.5
71,362,90.5
77,387,96.75
45,241,60.25
42,230,57.5
44,231,57.75
37,198,49.5
51,283,70.75
54,298,74.5
302,2050,512.5
305,2024,506.0
366,2369,592.25
59,324,81.0
13,81,20.25
1,1,0.25
3,9,2.25
4,17,4.25
3,9,2.25
64,316,79.0
273,1959,489.75
202,1733,433.25
49,236,59.0
88,558,139.5
136,759,189.75
115,569,142.25
8,35,8.75
475,3415,853.75
30,176,44.0
9,38,9.5
58,436,109.0
42,266,66.5
1,3,0.75
265,1851,462.75
73,511,127.75
81,459,114.75
25,146,36.5
19,115,28.75
188,1183,295.75
207,1276,319.0
256,1617,404.25
218,1330,332.5
303,1594,398.5
28,203,50.75
13,63,15.75
40,198,49.5
273,1795,448.75
80,409,102.25
265,1772,443.0
111,777,194.25
68,512,128.0
44,288,72.0
83,451,112.75
248,1599,399.75
266,1636,409.0
47,274,68.5
87,577,144.25
66,420,105.0
68,428,107.0
212,1276,319.0
233,1418,354.5
85,517,129.25
37,266,66.5
135,974,243.5
131,957,239.25
255,1759,439.75
74,479,119.75
91,563,140.75
309,2063,515.75
54,378,94.5
8,46,11.5
174,1055,263.75
5,30,7.5
45,319,79.75
40,214,53.5
87,460,115.0
28,138,34.5
123,724,181.0
201,1304,326.0
281,1781,445.25
205,1278,319.5
231,1449,362.25
333,1927,481.75
225,1268,317.0
344,1794,448.5
337,1760,440.0
22,121,30.25
98,582,145.5
19,128,32.0
328,1883,470.75
11,229,57.25
38,247,61.75
110,577,144.25
111,586,146.5
31,139,34.75
181,1060,265.0
202,1323,330.75
138,897,224.25
61,326,81.5
62,332,83.0
91,487,121.75
26,145,36.25
175,1143,285.75
170,1072,268.0
307,1830,457.5
210,1237,309.25
161,889,222.25
89,535,133.75
20,93,23.25
206,1224,306.0
41,211,52.75
2,13,3.25
303,1606,401.5
410,1228,307.0
23,78,19.5
26,89,22.25
29,100,25.0
195,1155,288.75
70,392,98.0
6,29,7.25
5,30,7.5
4,23,5.75
4,21,5.25
5,32,8.0
4,21,5.25
5,31,7.75
6,33,8.25
32,187,46.75
114,672,168.0
128,765,191.25
204,1145,286.25
54,267,66.75
193,1199,299.75
9,59,14.75
6,26,6.5
13,68,17.0
171,1061,265.25
244,1587,396.75
180,1103,275.75
170,1080,270.0
189,1117,279.25
28,143,35.75
151,980,245.0
143,1173,293.25
67,410,102.5
234,1299,324.75
50,309,77.25
7,32,8.0
25,156,39.0
183,1260,315.0
25,166,41.5
134,869,217.25
204,1327,331.75
216,1418,354.5
109,556,139.0
24,102,25.5
22,90,22.5
16,168,42.0
101,511,127.75
374,2090,522.5
31,156,39.0
12,56,14.0
189,1045,261.25
222,1246,311.5
134,813,203.25
193,1084,271.0
240,1676,419.0
164,1480,370.0
168,1503,375.75
7,43,10.75
199,1066,266.5
24,138,34.5
25,155,38.75
82,374,93.5
152,965,241.25
154,1065,266.25
230,1447,361.75
221,1492,373.0
114,725,181.25
267,1817,454.25
273,1789,447.25
28,156,39.0
33,227,56.75
1,1,0.25
72,383,95.75
297,1581,395.25
1,10,2.5
1,7,1.75
24,171,42.75
292,1544,386.0
15,76,19.0
91,508,127.0
2,9,2.25
363,2174,543.5
37,230,57.5
7,76,19.0
7,76,19.0
341,2212,553.0
93,569,142.25
1,130,32.5
1,130,32.5
158,874,218.5
337,2088,522.0
18,109,27.25
160,927,231.75
344,2392,598.0
355,2607,651.75
337,2190,547.5
218,1247,311.75
213,1246,311.5
185,1087,271.75
42,254,63.5
169,902,225.5
32,152,38.0
54,277,69.25
112,697,174.25
228,1432,358.0
153,844,211.0
198,1216,304.0
288,1581,395.25
630,3465,866.25
670,3691,922.75
182,1255,313.75
46,316,79.0
112,721,180.25
49,300,75.0
4,32,8.0
107,639,159.75
183,905,226.25
157,856,214.0
309,1831,457.75
38,234,58.5
38,226,56.5
38,223,55.75
363,2072,518.0
99,587,146.75
271,1799,449.75
70,443,110.75
8,35,8.75
39,203,50.75
13,67,16.75
5,31,7.75
89,504,126.0
136,749,187.25
44,242,60.5
137,811,202.75
96,549,137.25
89,509,127.25
86,482,120.5
80,386,96.5
8,38,9.5
246,1400,350.0
28,174,43.5
169,1069,267.25
174,1078,269.5
142,997,249.25
118,781,195.25
69,441,110.25
79,521,130.25
21,125,31.25
10,76,19.0
126,707,176.75
6,34,8.5
72,484,121.0
90,610,152.5
72,499,124.75
58,301,75.25
161,1396,349.0
49,282,70.5
273,1631,407.75
91,586,146.5
187,1243,310.75
181,1139,284.75
70,404,101.0
80,449,112.25
78,474,118.5
77,486,121.5
63,396,99.0
174,1006,251.5
149,1007,251.75
17,107,26.75
132,910,227.5
100,622,155.5
112,668,167.0
230,1235,308.75
281,1467,366.75
171,903,225.75
61,787,196.75
93,1305,326.25
13,59,14.75
223,1219,304.75
46,257,64.25
20,114,28.5
13,63,15.75
344,2533,633.25
104,649,162.25
96,622,155.5
114,769,192.25
121,774,193.5
167,1033,258.25
237,1596,399.0
289,1671,417.75
105,656,164.0
90,515,128.75
397,1976,494.0
400,1989,497.25
141,805,201.25
237,1659,414.75
336,1850,462.5
30,158,39.5
5,28,7.0
293,1733,433.25
91,539,134.75
52,309,77.25
220,1173,293.25
75,503,125.75
6,26,6.5
31,178,44.5
5,28,7.0
15,108,27.0
156,1063,265.75
135,952,238.0
89,556,139.0
161,1174,293.5
190,1422,355.5
190,1305,326.25
28,140,35.0
252,1339,334.75
11,50,12.5
26,159,39.75
34,192,48.0
174,1023,255.75
129,847,211.75
196,1197,299.25
215,1247,311.75
53,304,76.0
86,497,124.25
53,297,74.25
103,564,141.0
73,403,100.75
95,558,139.5
70,390,97.5
87,483,120.75
89,486,121.5
89,505,126.25
144,785,196.25
112,550,137.5
114,561,140.25
82,481,120.25
114,685,171.25
135,1074,268.5
212,1683,420.75
220,1212,303.0
220,1212,303.0
150,832,208.0
150,835,208.75
150,833,208.25
183,1037,259.25
215,1187,296.75
68,364,91.0
338,1802,450.5
270,1443,360.75
390,2148,537.0
227,1378,344.5
194,1265,316.25
203,1391,347.75
217,1486,371.5
174,1088,272.0
309,1834,458.5
265,1571,392.75
176,1138,284.5
234,1615,403.75
11,67,16.75
238,1610,402.5
14,73,18.25
184,1009,252.25
166,999,249.75
7,34,8.5
145,957,239.25
124,694,173.5
211,1337,334.25
232,1447,361.75
223,1380,345.0
230,1446,361.5
57,404,101.0
69,486,121.5
311,1697,424.25
192,1031,257.75
72,482,120.5
209,1798,449.5
242,1599,399.75
201,1384,346.0
214,1547,386.75
233,1610,402.5
128,871,217.75
11,65,16.25
140,888,222.0
20,103,25.75
23,115,28.75
83,327,81.75
120,487,121.75
223,1853,463.25
179,1498,374.5
2,9,2.25
7,27,6.75
20,90,22.5
108,651,162.75
235,1295,323.75
148,856,214.0
110,627,156.75
212,1181,295.25
177,1021,255.25
10,49,12.25
183,1061,265.25
92,560,140.0
108,507,126.75
13,74,18.5
51,298,74.5
1,1,0.25
187,1206,301.5
236,1493,373.25
30,160,40.0
318,1775,443.75
148,724,181.0
97,539,134.75
77,456,114.0
235,1296,324.0
77,458,114.5
56,299,74.75
8,25,6.25
5,30,7.5
64,438,109.5
71,473,118.25
196,1388,347.0
16,90,22.5
226,1461,365.25
171,978,244.5
68,415,103.75
86,489,122.25
15,95,23.75
64,381,95.25
113,663,165.75
145,888,222.0
158,1096,274.0
276,1866,466.5
102,610,152.5
144,834,208.5
105,593,148.25
17,77,19.25
77,393,98.25
91,513,128.25
81,453,113.25
71,368,92.0
163,1067,266.75
114,727,181.75
113,703,175.75
191,1225,306.25
220,1425,356.25
278,1768,442.0
256,1598,399.5
149,759,189.75
309,1728,432.0
146,980,245.0
122,1042,260.5
302,2062,515.5
228,1158,289.5
211,1090,272.5
267,1530,382.5
266,1511,377.75
260,1701,425.25
99,586,146.5
96,488,122.0
37,228,57.0
202,1383,345.75
20,133,33.25
56,292,73.0
57,318,79.5
2,40,10.0
272,1574,393.5
200,1189,297.25
176,974,243.5
89,586,146.5
100,684,171.0
89,565,141.25
40,211,52.75
39,210,52.5
125,673,168.25
70,387,96.75
312,1799,449.75
11,89,22.25
35,195,48.75
95,579,144.75
190,1213,303.25
1,1,0.25
1,81,20.25
254,1465,366.25
101,586,146.5
61,482,120.5
61,482,120.5
56,337,84.25
180,1075,268.75
155,914,228.5
307,1910,477.5
129,808,202.0
25,158,39.5
32,251,62.75
86,578,144.5
10,78,19.5
11,55,13.75
51,354,88.5
22,130,32.5
128,809,202.25
106,593,148.25
175,1031,257.75
433,2925,731.25
216,1221,305.25
60,329,82.25
168,672,168.0
73,400,100.0
24,138,34.5
49,332,83.0
62,462,115.5
51,300,75.0
48,285,71.25
22,142,35.5
1,3,0.75
16,90,22.5
96,1350,337.5
145,967,241.75
74,440,110.0
163,1139,284.75
27,145,36.25
1,1,0.25
101,543,135.75
660,4201,1050.25
33,169,42.25
24,146,36.5
36,253,63.25
42,264,66.0
39,262,65.5
63,363,90.75
46,259,64.75
52,327,81.75
70,427,106.75
68,397,99.25
59,362,90.5
48,300,75.0
58,350,87.5
69,410,102.5
72,465,116.25
103,584,146.0
23,132,33.0
28,166,41.5
115,678,169.5
118,701,175.25
12,47,11.75
175,1087,271.75
3,13,3.25
55,325,81.25
17,88,22.0
7,32,8.0
29,140,35.0
63,336,84.0
48,229,57.25
39,249,62.25
186,1141,285.25
247,1404,351.0
48,303,75.75
24,170,42.5
24,170,42.5
24,170,42.5
35,244,61.0
35,244,61.0
32,160,40.0
107,571,142.75
42,249,62.25
34,190,47.5
59,355,88.75
67,413,103.25
48,309,77.25
23,138,34.5
8,46,11.5
4,26,6.5
15,91,22.75
80,487,121.75
116,603,150.75
117,630,157.5
199,1044,261.0
109,699,174.75
196,1436,359.0
85,437,109.25
86,446,111.5
149,1150,287.5
174,828,207.0
6,20,5.0
4,21,5.25
4,17,4.25
8,46,11.5
7,40,10.0
5,27,6.75
20,128,32.0
13,82,20.5
21,107,26.75
4,21,5.25
15,89,22.25
9,46,11.5
27,131,32.75
4,21,5.25
33,184,46.0
307,2343,585.75
2,9,2.25
143,804,201.0
237,1362,340.5
65,346,86.5
5,30,7.5
6,34,8.5
22,117,29.25
9,53,13.25
43,228,57.0
30,163,40.75
40,213,53.25
44,256,64.0
197,1033,258.25
19,109,27.25
107,616,154.0
41,216,54.0
134,902,225.5
1,5,1.25
1,4,1.0
62,354,88.5
64,441,110.25
7,32,8.0
228,1432,358.0
21,102,25.5
200,1252,313.0
165,1040,260.0
146,952,238.0
158,959,239.75
123,799,199.75
119,771,192.75
168,1107,276.75
124,779,194.75
102,561,140.25
301,1817,454.25
27,132,33.0
180,1137,284.25
54,284,71.0
61,339,84.75
66,374,93.5
72,393,98.25
226,1305,326.25
104,465,116.25
102,460,115.0
87,441,110.25
104,493,123.25
99,469,117.25
98,453,113.25
97,467,116.75
94,432,108.0
89,478,119.5
104,467,116.75
29,172,43.0
48,290,72.5
104,679,169.75
106,599,149.75
94,489,122.25
184,1325,331.25
156,1163,290.75
133,798,199.5
290,1513,378.25
265,1457,364.25
251,1422,355.5
67,387,96.75
3,17,4.25
127,686,171.5
186,1089,272.25
157,959,239.75
2,13,3.25
4,16,4.0
120,669,167.25
47,283,70.75
288,1860,465.0
10,43,10.75
278,1786,446.5
228,1520,380.0
7,34,8.5
220,1299,324.75
49,300,75.0
124,866,216.5
17,129,32.25
42,217,54.25
43,283,70.75
43,283,70.75
244,1581,395.25
7,36,9.0
97,596,149.0
220,1338,334.5
161,1060,265.0
52,358,89.5
119,714,178.5
253,1532,383.0
64,336,84.0
66,379,94.75
141,787,196.75
81,546,136.5
87,551,137.75
89,561,140.25
264,1421,355.25
62,369,92.25
122,1150,287.5
97,785,196.25
113,894,223.5
188,1437,359.25
270,1626,406.5
312,1805,451.25
8,35,8.75
1,6,1.5
94,717,179.25
220,1592,398.0
30,155,38.75
25,140,35.0
25,140,35.0
60,345,86.25
42,259,64.75
242,1435,358.75
84,490,122.5
201,1168,292.0
190,1186,296.5
176,1095,273.75
185,1179,294.75
85,493,123.25
1,5,1.25
4,20,5.0
1,2,0.5
1,6,1.5
2,23,5.75
223,1547,386.75
223,1471,367.75
232,1581,395.25
148,757,189.25
6,29,7.25
37,196,49.0
48,244,61.0
99,628,157.0
211,1156,289.0
16,102,25.5
18,89,22.25
238,1557,389.25
136,1002,250.5
257,1538,384.5
72,559,139.75
30,178,44.5
36,204,51.0
21,101,25.25
37,197,49.25
186,1190,297.5
26,134,33.5
66,395,98.75
56,329,82.25
112,710,177.5
1,5,1.25
3,11,2.75
3,14,3.5
7,35,8.75
5,21,5.25
8,39,9.75
10,42,10.5
23,112,28.0
1,4,1.0
19,84,21.0
61,299,74.75
61,299,74.75
56,279,69.75
51,259,64.75
51,259,64.75
6,25,6.25
61,320,80.0
117,577,144.25
30,147,36.75
86,416,104.0
86,419,104.75
56,368,92.0
72,462,115.5
60,401,100.25
91,595,148.75
42,241,60.25
2,10,2.5
58,325,81.25
247,1243,310.75
146,991,247.75
35,186,46.5
36,221,55.25
45,346,86.5
105,649,162.25
90,582,145.5
21,150,37.5
159,991,247.75
55,349,87.25
157,970,242.5
108,794,198.5
400,2753,688.25
22,132,33.0
360,1834,458.5
273,1355,338.75
62,333,83.25
374,2367,591.75
260,1530,382.5
68,375,93.75
245,1365,341.25
13,72,18.0
13,72,18.0
167,1115,278.75
134,736,184.0
1,1,0.25
96,709,177.25
265,1549,387.25
70,409,102.25
26,163,40.75
187,1287,321.75
6,42,10.5
26,140,35.0
219,1378,344.5
223,2304,576.0
307,1877,469.25
159,934,233.5
193,1543,385.75
6,26,6.5
9,36,9.0
19,88,22.0
9,36,9.0
38,247,61.75
24,184,46.0
51,282,70.5
47,269,67.25
51,281,70.25
53,296,74.0
61,373,93.25
6,34,8.5
20,116,29.0
99,593,148.25
39,231,57.75
185,1066,266.5
162,997,249.25
237,1432,358.0
189,1132,283.0
176,1052,263.0
85,488,122.0
351,2215,553.75
216,1350,337.5
368,2499,624.75
389,2307,576.75
345,2338,584.5
4,18,4.5
88,617,154.25
103,741,185.25
55,342,85.5
141,836,209.0
168,1011,252.75
111,835,208.75
113,621,155.25
71,419,104.75
304,2035,508.75
8,47,11.75
186,1049,262.25
250,1747,436.75
47,271,67.75
61,354,88.5
66,373,93.25
149,914,228.5
44,246,61.5
1,1,0.25
10,65,16.25
278,1882,470.5
257,1620,405.0
322,1870,467.5
336,1924,481.0
354,2084,521.0
357,2065,516.25
279,1581,395.25
16,63,15.75
89,456,114.0
38,237,59.25
65,284,71.0
116,475,118.75
102,460,115.0
104,480,120.0
122,530,132.5
7,34,8.5
26,140,35.0
77,398,99.5
281,1872,468.0
143,832,208.0
133,800,200.0
214,1264,316.0
189,1109,277.25
96,589,147.25
328,2033,508.25
354,2251,562.75
121,778,194.5
422,2455,613.75
383,2308,577.0
137,933,233.25
92,571,142.75
153,959,239.75
158,912,228.0
167,1006,251.5
184,1106,276.5
23,124,31.0
252,1668,417.0
70,428,107.0
78,451,112.75
94,529,132.25
157,912,228.0
85,519,129.75
80,473,118.25
68,382,95.5
122,728,182.0
133,839,209.75
13,61,15.25
361,2605,651.25
56,291,72.75
56,289,72.25
63,361,90.25
246,1521,380.25
231,1205,301.25
194,1181,295.25
199,1112,278.0
20,118,29.5
35,183,45.75
401,2081,520.25
21,143,35.75
27,187,46.75
72,471,117.75
87,547,136.75
77,516,129.0
66,407,101.75
53,433,108.25
53,449,112.25
83,632,158.0
83,632,158.0
110,722,180.5
87,582,145.5
53,635,158.75
155,1076,269.0
156,923,230.75
20,128,32.0
46,312,78.0
48,278,69.5
147,2224,556.0
7,32,8.0
173,1094,273.5
177,1078,269.5
173,1071,267.75
177,1099,274.75
260,1632,408.0
170,1060,265.0
222,1137,284.25
17,88,22.0
1,1,0.25
260,1404,351.0
270,1568,392.0
303,1705,426.25
245,1533,383.25
7,32,8.0
35,190,47.5
19,81,20.25
3,18,4.5
3,16,4.0
61,311,77.75
427,2310,577.5
412,2328,582.0
170,960,240.0
128,726,181.5
147,799,199.75
10,60,15.0
66,403,100.75
226,1423,355.75
14,84,21.0
119,660,165.0
121,788,197.0
190,1313,328.25
276,1768,442.0
151,1037,259.25
33,178,44.5
24,122,30.5
196,1764,441.0
10,48,12.0
5,24,6.0
163,989,247.25
27,185,46.25
192,1417,354.25
157,1187,296.75
18,117,29.25
128,1330,332.5
305,1749,437.25
275,1554,388.5
204,1246,311.5
67,501,125.25
7,34,8.5
54,358,89.5
49,315,78.75
98,635,158.75
244,1513,378.25
185,1179,294.75
222,1454,363.5
134,789,197.25
235,1456,364.0
73,435,108.75
20,115,28.75
18,88,22.0
204,1327,331.75
233,1448,362.0
251,1442,360.5
363,2188,547.0
304,1861,465.25
246,1514,378.5
279,1853,463.25
45,234,58.5
14,246,61.5
96,761,190.25
295,1646,411.5
11,54,13.5
7,34,8.5
17,75,18.75
152,1028,257.0
15,113,28.25
5,51,12.75
11,94,23.5
23,192,48.0
1,1,0.25
344,2223,555.75
22,129,32.25
190,1252,313.0
159,884,221.0
188,948,237.0
230,1351,337.75
66,382,95.5
28,164,41.0
43,244,61.0
53,306,76.5
20,126,31.5
171,1001,250.25
27,161,40.25
130,857,214.25
161,997,249.25
193,1196,299.0
253,1694,423.5
145,883,220.75
64,344,86.0
152,899,224.75
57,352,88.0
178,1088,272.0
260,1803,450.75
230,1113,278.25
242,1409,352.25
281,1460,365.0
263,1467,366.75
218,1178,294.5
284,1591,397.75
277,1640,410.0
88,535,133.75
235,1245,311.25
221,1288,322.0
222,1383,345.75
231,1419,354.75
361,2229,557.25
310,1893,473.25
277,1625,406.25
190,1140,285.0
228,1469,367.25
222,1444,361.0
229,1523,380.75
221,1461,365.25
242,1292,323.0
138,858,214.5
94,563,140.75
200,1219,304.75
125,759,189.75
7,34,8.5
21,118,29.5
41,222,55.5
187,1105,276.25
214,1156,289.0
1,341,85.25
1,10,2.5
126,710,177.5
238,1464,366.0
7,34,8.5
30,158,39.5
51,287,71.75
26,142,35.5
79,588,147.0
238,1387,346.75
56,355,88.75
123,811,202.75
36,205,51.25
489,2992,748.0
20,98,24.5
7,34,8.5
364,2122,530.5
334,2126,531.5
203,1077,269.25
132,784,196.0
137,756,189.0
66,404,101.0
56,308,77.0
68,380,95.0
89,489,122.25
115,626,156.5
111,609,152.25
506,3267,816.75
240,1557,389.25
1,1,0.25
103,509,127.25
32,189,47.25
1,1,0.25
254,1712,428.0
214,1377,344.25
82,462,115.5
37,217,54.25
9,56,14.0
141,868,217.0
129,802,200.5
160,940,235.0
212,1312,328.0
34,202,50.5
35,195,48.75
41,209,52.25
64,368,92.0
48,271,67.75
113,616,154.0
112,629,157.25
40,240,60.0
42,281,70.25
273,1661,415.25
29,148,37.0
10,87,21.75
10,87,21.75
12,101,25.25
12,102,25.5
12,101,25.25
159,976,244.0
6,33,8.25
248,1714,428.5
242,1654,413.5
219,1399,349.75
24,134,33.5
123,697,174.25
133,715,178.75
136,765,191.25
278,1559,389.75
252,1605,401.25
13,54,13.5
4,22,5.5
15,63,15.75
13,54,13.5
4,22,5.5
7,32,8.0
128,812,203.0
12,77,19.25
33,179,44.75
333,1885,471.25
167,939,234.75
258,1476,369.0
201,1179,294.75
136,791,197.75
47,314,78.5
44,325,81.25
93,453,113.25
49,276,69.0
129,684,171.0
67,404,101.0
102,626,156.5
15,91,22.75
72,404,101.0
105,622,155.5
62,317,79.25
167,1110,277.5
111,651,162.75
212,1248,312.0
18,106,26.5
30,185,46.25
36,288,72.0
282,1690,422.5
71,411,102.75
314,1878,469.5
339,2096,524.0
363,2257,564.25
128,967,241.75
211,1263,315.75
8,44,11.0
256,1520,380.0
168,972,243.0
161,929,232.25
159,879,219.75
40,220,55.0
1,9,2.25
1,9,2.25
38,213,53.25
1,8,2.0
1,8,2.0
38,233,58.25
1,8,2.0
47,279,69.75
1,9,2.25
43,261,65.25
1,8,2.0
1,9,2.25
1,9,2.25
267,1573,393.25
190,1612,403.0
201,1234,308.5
229,1271,317.75
44,282,70.5
308,1940,485.0
40,224,56.0
39,244,61.0
163,1027,256.75
260,1644,411.0
3,15,3.75
6,44,11.0
59,348,87.0
60,343,85.75
16,90,22.5
99,565,141.25
186,1195,298.75
208,1369,342.25
107,722,180.5
108,748,187.0
116,796,199.0
75,435,108.75
6,48,12.0
17,104,26.0
39,212,53.0
41,245,61.25
21,117,29.25
33,195,48.75
53,316,79.0
36,231,57.75
60,371,92.75
60,371,92.75
217,1860,465.0
245,1659,414.75
137,795,198.75
386,2119,529.75
7,32,8.0
208,1380,345.0
243,1664,416.0
288,1917,479.25
41,205,51.25
269,1680,420.0
242,1502,375.5
54,336,84.0
70,429,107.25
44,224,56.0
67,352,88.0
199,1070,267.5
200,1062,265.5
1,2,0.5
78,449,112.25
55,302,75.5
291,1898,474.5
132,694,173.5
359,1917,479.25
213,674,168.5
118,726,181.5
40,223,55.75
200,1120,280.0
46,263,65.75
58,345,86.25
54,329,82.25
58,357,89.25
53,328,82.0
80,495,123.75
49,300,75.0
172,1141,285.25
129,804,201.0
49,248,62.0
338,1698,424.5
334,2108,527.0
347,2076,519.0
184,1129,282.25
350,2079,519.75
166,1154,288.5
286,1813,453.25
263,1720,430.0
321,2100,525.0
63,487,121.75
63,399,99.75
65,512,128.0
47,314,78.5
71,611,152.75
71,611,152.75
71,643,160.75
151,944,236.0
1,1,0.25
355,1996,499.0
201,1423,355.75
261,1942,485.5
256,1858,464.5
249,1864,466.0
279,1877,469.25
219,1613,403.25
29,143,35.75
34,167,41.75
4,155,38.75
266,1577,394.25
297,1629,407.25
97,550,137.5
86,534,133.5
322,1963,490.75
110,708,177.0
57,377,94.25
172,1022,255.5
12,60,15.0
269,1613,403.25
93,515,128.75
198,1370,342.5
191,1293,323.25
37,210,52.5
43,264,66.0
1,1,0.25
30,337,84.25
341,2292,573.0
53,305,76.25
128,792,198.0
89,492,123.0
91,418,104.5
59,283,70.75
388,2045,511.25
51,500,125.0
505,3024,756.0
49,260,65.0
125,699,174.75
285,1542,385.5
136,900,225.0
115,693,173.25
149,1156,289.0
68,591,147.75
136,1131,282.75
4,24,6.0
42,227,56.75
90,507,126.75
107,560,140.0
347,1967,491.75
140,919,229.75
272,1465,366.25
76,396,99.0
328,2206,551.5
47,242,60.5
141,998,249.5
302,1661,415.25
455,2908,727.0
47,264,66.0
307,1801,450.25
105,555,138.75
1,20,5.0
33,198,49.5
31,154,38.5
324,1896,474.0
209,1500,375.0
26,143,35.75
22,126,31.5
24,129,32.25
45,264,66.0
21,127,31.75
7,32,8.0
14,78,19.5
74,477,119.25
21,118,29.5
99,589,147.25
5,25,6.25
26,130,32.5
23,112,28.0
22,107,26.75
30,146,36.5
38,201,50.25
5,81,20.25
281,1526,381.5
12,78,19.5
156,1154,288.5
239,1654,413.5
176,1201,300.25
166,1096,274.0
228,1695,423.75
24,164,41.0
24,164,41.0
119,839,209.75
231,1726,431.5
326,2019,504.75
1,9,2.25
328,2212,553.0
50,398,99.5
265,1648,412.0
276,2062,515.5
114,683,170.75
168,982,245.5
2,350,87.5
107,562,140.5
5,27,6.75
8,45,11.25
89,587,146.75
48,303,75.75
12,81,20.25
204,1295,323.75
45,294,73.5
30,169,42.25
36,215,53.75
40,254,63.5
20,125,31.25
7,50,12.5
53,296,74.0
237,1590,397.5
302,2199,549.75
7,32,8.0
10,57,14.25
198,1155,288.75
1,1,0.25
35,204,51.0
170,1023,255.75
111,645,161.25
145,852,213.0
190,1121,280.25
167,987,246.75
164,918,229.5
21,112,28.0
67,371,92.75
89,543,135.75
246,1839,459.75
23,136,34.0
1,9,2.25
14,77,19.25
14,83,20.75
14,76,19.0
20,121,30.25
20,122,30.5
16,92,23.0
17,101,25.25
17,102,25.5
20,104,26.0
46,321,80.25
16,90,22.5
17,94,23.5
16,87,21.75
40,229,57.25
41,253,63.25
38,230,57.5
45,286,71.5
60,376,94.0
50,331,82.75
41,262,65.5
63,393,98.25
43,269,67.25
61,395,98.75
127,694,173.5
61,337,84.25
54,321,80.25
163,1118,279.5
2,15,3.75
75,490,122.5
221,994,248.5
161,1829,457.25
186,1232,308.0
173,1266,316.5
217,1973,493.25
441,4272,1068.0
68,1291,322.75
360,2360,590.0
65,362,90.5
47,252,63.0
236,1444,361.0
61,576,144.0
38,219,54.75
60,350,87.5
189,1577,394.25
1,13,3.25
26,131,32.75
203,1346,336.5
321,1757,439.25
126,681,170.25
205,1235,308.75
160,904,226.0
181,1103,275.75
22,125,31.25
60,295,73.75
60,417,104.25
84,542,135.5
66,454,113.5
74,530,132.5
77,324,81.0
147,943,235.75
158,934,233.5
80,540,135.0
80,540,135.0
221,1393,348.25
147,847,211.75
170,997,249.25
72,460,115.0
68,475,118.75
7,41,10.25
9,52,13.0
7,41,10.25
7,41,10.25
7,41,10.25
101,633,158.25
224,1354,338.5
154,853,213.25
195,1088,272.0
56,316,79.0
175,1259,314.75
15,90,22.5
155,1188,297.0
120,799,199.75
208,1092,273.0
230,1448,362.0
148,853,213.25
136,782,195.5
148,845,211.25
123,667,166.75
159,896,224.0
50,275,68.75
167,1083,270.75
197,1116,279.0
101,617,154.25
7,34,8.5
163,1021,255.25
7,21,5.25
31,164,41.0
16,80,20.0
180,1200,300.0
245,1413,353.25
3,11,2.75
298,1637,409.25
351,1963,490.75
183,1026,256.5
361,2014,503.5
114,822,205.5
232,1562,390.5
69,435,108.75
96,580,145.0
79,439,109.75
34,180,45.0
35,186,46.5
40,180,45.0
295,1783,445.75
170,918,229.5
181,1052,263.0
172,924,231.0
137,719,179.75
4,18,4.5
115,603,150.75
4,18,4.5
84,503,125.75
260,1778,444.5
171,722,180.5
192,1139,284.75
217,1386,346.5
247,1667,416.75
245,1569,392.25
33,226,56.5
264,1819,454.75
15,81,20.25
233,1395,348.75
299,1854,463.5
319,1978,494.5
322,1988,497.0
294,1860,465.0
213,1249,312.25
109,657,164.25
7,37,9.25
206,1136,284.0
131,701,175.25
17,98,24.5
64,380,95.0
261,1600,400.0
65,370,92.5
144,689,172.25
117,566,141.5
145,742,185.5
188,1134,283.5
79,476,119.0
72,401,100.25
198,1201,300.25
190,1247,311.75
59,385,96.25
76,501,125.25
89,594,148.5
114,670,167.5
83,546,136.5
8,46,11.5
43,246,61.5
42,248,62.0
33,182,45.5
101,527,131.75
51,313,78.25
20,106,26.5
42,251,62.75
273,1697,424.25
181,1206,301.5
162,1137,284.25
317,1926,481.5
19,198,49.5
369,1892,473.0
44,264,66.0
297,1905,476.25
88,618,154.5
86,502,125.5
49,347,86.75
19,107,26.75
80,449,112.25
35,244,61.0
1,65,16.25
16,129,32.25
6,26,6.5
8,38,9.5
11,51,12.75
5,22,5.5
3,19,4.75
7,28,7.0
2,15,3.75
4,19,4.75
6,31,7.75
3,140,35.0
22,118,29.5
44,268,67.0
252,1633,408.25
255,1653,413.25
157,874,218.5
228,1440,360.0
243,1685,421.25
8,55,13.75
99,537,134.25
152,812,203.0
22,132,33.0
145,1002,250.5
105,721,180.25
27,134,33.5
46,223,55.75
137,890,222.5
220,1486,371.5
31,187,46.75
367,1921,480.25
9,62,15.5
202,1383,345.75
10,137,34.25
230,1441,360.25
127,774,193.5
223,1322,330.5
111,698,174.5
400,2580,645.0
241,1542,385.5
165,1014,253.5
239,1399,349.75
179,1276,319.0
128,722,180.5
84,508,127.0
93,558,139.5
143,796,199.0
17,109,27.25
117,676,169.0
51,335,83.75
58,320,80.0
186,1091,272.75
41,197,49.25
200,1822,455.5
278,1572,393.0
398,2516,629.0
254,1668,417.0
101,640,160.0
40,214,53.5
38,237,59.25
60,408,102.0
77,552,138.0
202,1404,351.0
2,7,1.75
57,331,82.75
137,704,176.0
211,1376,344.0
247,1547,386.75
55,308,77.0
94,614,153.5
12,89,22.25
14,101,25.25
89,493,123.25
115,636,159.0
204,1188,297.0
95,538,134.5
94,545,136.25
7,34,8.5
105,611,152.75
129,778,194.5
435,2503,625.75
482,2678,669.5
50,317,79.25
418,2397,599.25
6,34,8.5
274,1849,462.25
214,1291,322.75
81,1005,251.25
265,1766,441.5
91,552,138.0
95,562,140.5
1,137,34.25
295,1920,480.0
311,2030,507.5
58,540,135.0
78,473,118.25
232,1317,329.25
202,1126,281.5
59,354,88.5
9,47,11.75
190,1049,262.25
231,1211,302.75
28,172,43.0
43,284,71.0
9,47,11.75
9,47,11.75
224,1304,326.0
101,636,159.0
131,855,213.75
212,1229,307.25
236,1656,414.0
167,829,207.25
280,2115,528.75
384,2106,526.5
85,447,111.75
1,1,0.25
40,307,76.75
164,1535,383.75
56,383,95.75
158,953,238.25
6,26,6.5
14,72,18.0
5,22,5.5
10,44,11.0
21,116,29.0
5,10,2.5
25,107,26.75
10,48,12.0
10,48,12.0
5,10,2.5
10,48,12.0
10,48,12.0
10,48,12.0
15,80,20.0
10,48,12.0
10,48,12.0
5,10,2.5
12,47,11.75
5,10,2.5
5,10,2.5
11,71,17.75
8,52,13.0
13,49,12.25
5,10,2.5
13,49,12.25
34,152,38.0
67,268,67.0
8,37,9.25
29,177,44.25
10,49,12.25
2,24,6.0
5,34,8.5
45,261,65.25
5,30,7.5
77,485,121.25
74,433,108.25
248,1439,359.75
317,1691,422.75
335,2176,544.0
7,32,8.0
24,119,29.75
146,812,203.0
31,189,47.25
18,102,25.5
31,192,48.0
26,170,42.5
25,151,37.75
21,113,28.25
89,519,129.75
77,444,111.0
72,429,107.25
332,2161,540.25
199,1255,313.75
72,464,116.0
334,1953,488.25
18,87,21.75
68,442,110.5
20,122,30.5
93,545,136.25
26,175,43.75
56,366,91.5
42,279,69.75
250,1571,392.75
239,1509,377.25
240,1516,379.0
139,791,197.75
175,988,247.0
170,1644,411.0
297,2070,517.5
26,132,33.0
37,222,55.5
25,122,30.5
68,427,106.75
122,718,179.5
155,1011,252.75
396,2413,603.25
390,2084,521.0
40,234,58.5
117,628,157.0
83,465,116.25
268,1459,364.75
15,138,34.5
165,923,230.75
188,1100,275.0
194,1136,284.0
201,1177,294.25
22,126,31.5
29,224,56.0
32,196,49.0
19,109,27.25
31,170,42.5
53,296,74.0
44,265,66.25
55,295,73.75
42,235,58.75
47,266,66.5
40,244,61.0
42,225,56.25
337,2146,536.5
99,608,152.0
10,56,14.0
208,1455,363.75
274,1892,473.0
92,518,129.5
131,828,207.0
182,1056,264.0
20,105,26.25
21,152,38.0
325,1958,489.5
41,290,72.5
7,29,7.25
8,30,7.5
7,28,7.0
9,37,9.25
7,30,7.5
6,25,6.25
3,12,3.0
11,42,10.5
9,38,9.5
162,886,221.5
281,1516,379.0
150,820,205.0
209,1186,296.5
63,341,85.25
63,341,85.25
63,341,85.25
1,1,0.25
182,1061,265.25
7,29,7.25
157,933,233.25
276,1823,455.75
29,178,44.5
50,337,84.25
141,874,218.5
248,1510,377.5
149,951,237.75
168,1090,272.5
204,1367,341.75
229,1463,365.75
166,948,237.0
252,1440,360.0
171,1158,289.5
30,173,43.25
61,362,90.5
120,761,190.25
26,143,35.75
309,1757,439.25
70,453,113.25
19,94,23.5
23,123,30.75
11,54,13.5
10,48,12.0
63,308,77.0
10,58,14.5
25,117,29.25
208,1397,349.25
42,177,44.25
33,173,43.25
210,1085,271.25
192,1281,320.25
283,1828,457.0
194,1547,386.75
9,44,11.0
9,44,11.0
31,151,37.75
7,32,8.0
29,168,42.0
31,186,46.5
115,973,243.25
137,1193,298.25
233,1419,354.75
47,283,70.75
340,2008,502.0
47,310,77.5
50,364,91.0
93,616,154.0
136,748,187.0
165,943,235.75
129,810,202.5
255,1355,338.75
127,775,193.75
10,57,14.25
71,407,101.75
70,417,104.25
86,451,112.75
250,1577,394.25
49,331,82.75
205,1313,328.25
247,1567,391.75
83,483,120.75
337,2451,612.75
98,661,165.25
84,504,126.0
319,1875,468.75
204,1608,402.0
120,912,228.0
24,161,40.25
179,914,228.5
178,958,239.5
217,1419,354.75
149,930,232.5
193,1392,348.0
44,333,83.25
77,472,118.0
130,832,208.0
105,673,168.25
44,246,61.5
79,465,116.25
259,1676,419.0
38,207,51.75
234,1376,344.0
220,1349,337.25
5,22,5.5
259,1461,365.25
247,1457,364.25
102,733,183.25
98,640,160.0
315,1862,465.5
480,3181,795.25
94,532,133.0
7,32,8.0
122,794,198.5
111,704,176.0
155,855,213.75
102,616,154.0
171,1113,278.25
6,30,7.5
19,108,27.0
28,148,37.0
62,498,124.5
67,485,121.25
88,659,164.75
104,878,219.5
69,553,138.25
7,32,8.0
112,682,170.5
163,986,246.5
254,1395,348.75
346,2138,534.5
124,683,170.75
57,281,70.25
274,1244,311.0
169,1364,341.0
68,365,91.25
12,60,15.0
50,296,74.0
104,663,165.75
97,615,153.75
2,11,2.75
139,1876,469.0
243,1551,387.75
192,1093,273.25
359,2541,635.25
30,193,48.25
214,1479,369.75
66,345,86.25
44,229,57.25
126,835,208.75
107,484,121.0
208,1079,269.75
84,466,116.5
84,467,116.75
266,1752,438.0
12,58,14.5
18,84,21.0
46,279,69.75
18,99,24.75
17,90,22.5
14,69,17.25
23,139,34.75
27,149,37.25
64,411,102.75
94,585,146.25
53,317,79.25
116,720,180.0
105,562,140.5
247,1752,438.0
239,1307,326.75
104,624,156.0
24,116,29.0
204,1197,299.25
285,1550,387.5
330,1557,389.25
299,1845,461.25
83,469,117.25
119,662,165.5
35,195,48.75
225,1234,308.5
257,1409,352.25
36,196,49.0
1,5,1.25
51,323,80.75
86,552,138.0
1,14,3.5
478,2664,666.0
396,2121,530.25
241,1361,340.25
231,1277,319.25
161,891,222.75
1,5,1.25
243,1355,338.75
229,1333,333.25
3,14,3.5
40,183,45.75
121,696,174.0
11,56,14.0
130,810,202.5
243,1760,440.0
5,23,5.75
1,4,1.0
7,32,8.0
80,453,113.25
138,852,213.0
171,1122,280.5
151,1006,251.5
149,1013,253.25
180,1155,288.75
149,919,229.75
187,1051,262.75
5,36,9.0
176,1089,272.25
98,596,149.0
25,133,33.25
48,279,69.75
6,35,8.75
10,44,11.0
13,62,15.5
81,510,127.5
399,2701,675.25
2,34,8.5
201,1267,316.75
9,47,11.75
37,214,53.5
193,1273,318.25
167,969,242.25
184,1062,265.5
333,1871,467.75
18,134,33.5
257,1763,440.75
111,681,170.25
7,32,8.0
10,56,14.0
49,222,55.5
1,1,0.25
158,835,208.75
202,1189,297.25
223,1292,323.0
154,901,225.25
312,1654,413.5
1,1,0.25
17,103,25.75
18,113,28.25
55,312,78.0
1,4,1.0
1,2,0.5
1,3,0.75
1,3,0.75
3,18,4.5
2,11,2.75
5,32,8.0
6,36,9.0
2,6,1.5
6,39,9.75
6,37,9.25
5,39,9.75
4,16,4.0
7,40,10.0
2,16,4.0
2,16,4.0
225,1457,364.25
193,1242,310.5
222,1341,335.25
228,1409,352.25
4,23,5.75
204,1287,321.75
189,1166,291.5
155,942,235.5
17,88,22.0
171,1100,275.0
222,1130,282.5
314,1571,392.75
160,890,222.5
69,376,94.0
243,1240,310.0
83,483,120.75
162,610,152.5
142,565,141.25
14,79,19.75
8,50,12.5
254,1686,421.5
225,1510,377.5
237,1533,383.25
42,228,57.0
164,1058,264.5
38,163,40.75
1,15,3.75
223,1392,348.0
13,88,22.0
174,853,213.25
54,313,78.25
352,1065,266.25
350,1106,276.5
40,212,53.0
43,249,62.25
66,402,100.5
9,59,14.75
54,260,65.0
244,840,210.0
15,109,27.25
16,98,24.5
404,2314,578.5
176,1008,252.0
161,1031,257.75
31,192,48.0
93,578,144.5
38,212,53.0
33,186,46.5
29,169,42.25
33,192,48.0
211,1303,325.75
36,207,51.75
244,1484,371.0
155,828,207.0
283,1607,401.75
7,32,8.0
101,577,144.25
43,274,68.5
1,1,0.25
143,924,231.0
51,296,74.0
16,115,28.75
175,1156,289.0
111,620,155.0
49,317,79.25
164,815,203.75
19,111,27.75
14,75,18.75
83,505,126.25
80,485,121.25
107,614,153.5
77,533,133.25
339,2146,536.5
97,521,130.25
25,151,37.75
216,1468,367.0
7,32,8.0
29,161,40.25
228,1254,313.5
221,1233,308.25
186,958,239.5
330,1731,432.75
286,1543,385.75
80,409,102.25
1,2,0.5
167,1039,259.75
172,1036,259.0
279,1762,440.5
360,1974,493.5
222,1335,333.75
24,134,33.5
261,1700,425.0
1,2,0.5
96,537,134.25
70,368,92.0
352,2391,597.75
234,1639,409.75
98,516,129.0
123,739,184.75
312,1902,475.5
197,1205,301.25
170,1081,270.25
245,1635,408.75
228,1390,347.5
441,2717,679.25
893,5524,1381.0
936,5779,1444.75
2866,17624,4406.0
72,678,169.5
13,59,14.75
207,1067,266.75
188,967,241.75
256,1336,334.0
101,630,157.5
19,96,24.0
343,2471,617.75
327,2104,526.0
370,2562,640.5
237,1550,387.5
221,1211,302.75
5,30,7.5
350,2328,582.0
91,549,137.25
332,2120,530.0
308,1895,473.75
45,274,68.5
79,519,129.75
302,1929,482.25
173,1121,280.25
111,714,178.5
229,1403,350.75
212,1289,322.25
206,1235,308.75
180,1076,269.0
223,1305,326.25
304,1821,455.25
28,157,39.25
96,744,186.0
90,664,166.0
15,94,23.5
203,1160,290.0
173,1205,301.25
76,434,108.5
435,3259,814.75
99,535,133.75
84,474,118.5
34,191,47.75
76,434,108.5
40,216,54.0
216,920,230.0
86,431,107.75
106,523,130.75
151,801,200.25
185,982,245.5
189,989,247.25
266,1711,427.75
350,2233,558.25
383,2439,609.75
50,259,64.75
315,2021,505.25
9,59,14.75
337,2142,535.5
175,1087,271.75
40,232,58.0
2,19,4.75
35,187,46.75
1,2,0.5
255,1398,349.5
282,1702,425.5
50,313,78.25
218,1301,325.25
23,153,38.25
205,1135,283.75
270,1686,421.5
193,1306,326.5
222,1484,371.0
1,1,0.25
114,612,153.0
27,143,35.75
114,612,153.0
5,26,6.5
259,1701,425.25
345,2087,521.75
1,38,9.5
284,1665,416.25
270,1652,413.0
70,455,113.75
168,1470,367.5
11,62,15.5
217,1278,319.5
158,1119,279.75
208,1380,345.0
184,1096,274.0
650,3531,882.75
196,1141,285.25
362,2284,571.0
6,34,8.5
28,188,47.0
267,1810,452.5
65,415,103.75
273,1861,465.25
276,2001,500.25
225,1615,403.75
144,952,238.0
141,917,229.25
152,996,249.0
125,828,207.0
114,711,177.75
96,667,166.75
97,673,168.25
192,1190,297.5
206,1332,333.0
4,21,5.25
61,389,97.25
99,662,165.5
182,1178,294.5
223,1558,389.5
43,299,74.75
167,1144,286.0
90,621,155.25
210,1392,348.0
181,1271,317.75
154,1054,263.5
214,1336,334.0
162,971,242.75
119,765,191.25
30,180,45.0
30,165,41.25
39,216,54.0
63,406,101.5
77,462,115.5
44,234,58.5
70,413,103.25
71,433,108.25
9,64,16.0
4,23,5.75
23,151,37.75
16,90,22.5
19,104,26.0
45,249,62.25
27,170,42.5
17,110,27.5
66,344,86.0
53,274,68.5
161,943,235.75
13,87,21.75
196,1486,371.5
164,962,240.5
57,334,83.5
224,1444,361.0
83,467,116.75
1,3,0.75
1,4,1.0
37,256,64.0
60,375,93.75
188,1359,339.75
207,1164,291.0
81,502,125.5
255,1676,419.0
237,926,231.5
358,2916,729.0
237,1482,370.5
214,1594,398.5
41,239,59.75
4,16,4.0
197,1639,409.75
342,1903,475.75
207,1166,291.5
296,1916,479.0
193,1270,317.5
319,1957,489.25
339,2116,529.0
250,1613,403.25
24,147,36.75
159,1065,266.25
115,694,173.5
177,1156,289.0
10,70,17.5
9,53,13.25
124,684,171.0
54,319,79.75
196,1100,275.0
274,1524,381.0
181,1000,250.0
210,1164,291.0
204,1234,308.5
196,1102,275.5
193,1126,281.5
103,652,163.0
221,1308,327.0
43,261,65.25
11,71,17.75
37,226,56.5
49,360,90.0
47,353,88.25
50,305,76.25
72,448,112.0
147,987,246.75
61,389,97.25
176,1093,273.25
131,813,203.25
77,503,125.75
111,737,184.25
120,799,199.75
73,469,117.25
124,905,226.25
108,693,173.25
81,550,137.5
80,526,131.5
126,834,208.5
90,592,148.0
88,578,144.5
111,758,189.5
122,791,197.75
116,780,195.0
169,1231,307.75
51,424,106.0
26,145,36.25
56,303,75.75
277,1606,401.5
496,2732,683.0
258,1840,460.0
44,247,61.75
7,32,8.0
155,922,230.5
267,1596,399.0
95,614,153.5
7,34,8.5
116,682,170.5
48,273,68.25
425,2765,691.25
212,1249,312.25
1,1,0.25
129,1206,301.5
138,1051,262.75
307,1435,358.75
240,1618,404.5
9,59,14.75
27,158,39.5
77,449,112.25
8,35,8.75
65,398,99.5
5,22,5.5
10,58,14.5
32,213,53.25
166,999,249.75
119,725,181.25
227,1390,347.5
1,1,0.25
1,4,1.0
67,388,97.0
67,388,97.0
256,1524,381.0
273,1704,426.0
126,740,185.0
169,1000,250.0
194,1190,297.5
46,267,66.75
6,26,6.5
1,1,0.25
62,365,91.25
56,342,85.5
40,230,57.5
38,230,57.5
250,1611,402.75
127,804,201.0
308,1748,437.0
220,1381,345.25
281,1197,299.25
283,1203,300.75
313,1985,496.25
321,1982,495.5
269,1806,451.5
119,775,193.75
62,351,87.75
6,34,8.5
128,736,184.0
90,578,144.5
226,1297,324.25
537,3646,911.5
237,1446,361.5
5,25,6.25
20,128,32.0
27,151,37.75
1,3,0.75
367,2273,568.25
283,1822,455.5
114,688,172.0
129,755,188.75
151,866,216.5
144,852,213.0
144,894,223.5
325,2077,519.25
12,69,17.25
79,404,101.0
361,2245,561.25
98,754,188.5
106,719,179.75
5,45,11.25
218,1353,338.25
198,1237,309.25
242,1352,338.0
219,1440,360.0
16,75,18.75
1,2,0.5
43,233,58.25
74,371,92.75
44,227,56.75
222,1219,304.75
196,1058,264.5
34,204,51.0
113,657,164.25
197,1396,349.0
53,344,86.0
141,769,192.25
31,187,46.75
79,476,119.0
138,775,193.75
195,1138,284.5
184,1098,274.5
57,328,82.0
123,783,195.75
251,1492,373.0
105,571,142.75
328,1938,484.5
97,527,131.75
28,167,41.75
33,189,47.25
20,128,32.0
20,134,33.5
20,135,33.75
20,110,27.5
47,256,64.0
24,125,31.25
59,343,85.75
12,69,17.25
35,258,64.5
49,334,83.5
65,435,108.75
323,1815,453.75
227,1199,299.75
278,1608,402.0
27,131,32.75
220,1605,401.25
113,820,205.0
165,1361,340.25
155,1271,317.75
1,1,0.25
382,2717,679.25
11,77,19.25
4,16,4.0
201,1467,366.75
364,2171,542.75
173,923,230.75
254,1581,395.25
226,1398,349.5
209,1076,269.0
7,32,8.0
80,445,111.25
91,604,151.0
209,1337,334.25
334,2095,523.75
77,500,125.0
256,1643,410.75
23,118,29.5
72,474,118.5
88,554,138.5
27,140,35.0
40,211,52.75
55,297,74.25
87,469,117.25
9,45,11.25
140,930,232.5
175,846,211.5
212,956,239.0
178,1210,302.5
152,1012,253.0
61,374,93.5
84,632,158.0
155,1151,287.75
7,43,10.75
7,32,8.0
19,105,26.25
33,190,47.5
29,157,39.25
36,199,49.75
40,248,62.0
200,1018,254.5
360,2195,548.75
221,1301,325.25
333,2008,502.0
89,521,130.25
73,451,112.75
267,1939,484.75
222,1412,353.0
41,242,60.5
144,823,205.75
51,340,85.0
69,451,112.75
19,125,31.25
5,29,7.25
71,451,112.75
58,351,87.75
80,473,118.25
61,412,103.0
52,292,73.0
51,267,66.75
229,1308,327.0
283,1646,411.5
129,730,182.5
64,323,80.75
83,637,159.25
210,1316,329.0
4,23,5.75
18,110,27.5
15,81,20.25
7,32,8.0
9,59,14.75
243,1504,376.0
312,1766,441.5
10,43,10.75
64,371,92.75
234,1368,342.0
94,592,148.0
132,856,214.0
132,856,214.0
7,32,8.0
188,1167,291.75
8,55,13.75
43,230,57.5
262,1737,434.25
56,344,86.0
71,550,137.5
57,351,87.75
90,517,129.25
172,1030,257.5
245,1407,351.75
119,735,183.75
236,1370,342.5
207,1190,297.5
317,1817,454.25
15,80,20.0
1,1,0.25
317,2128,532.0
364,2336,584.0
189,1025,256.25
344,2034,508.5
200,1167,291.75
31,180,45.0
138,755,188.75
120,636,159.0
46,252,63.0
94,546,136.5
93,552,138.0
106,630,157.5
29,184,46.0
14,71,17.75
37,272,68.0
57,453,113.25
17,123,30.75
55,320,80.0
45,301,75.25
48,306,76.5
39,259,64.75
74,531,132.75
23,132,33.0
167,1010,252.5
162,1035,258.75
220,1568,392.0
51,286,71.5
42,234,58.5
336,2019,504.75
12,71,17.75
40,196,49.0
159,984,246.0
312,1991,497.75
21,122,30.5
5,11,2.75
100,692,173.0
20,116,29.0
228,1451,362.75
228,1451,362.75
6,48,12.0
7,38,9.5
7,44,11.0
57,357,89.25
155,751,187.75
278,1583,395.75
260,1541,385.25
58,339,84.75
30,166,41.5
314,1902,475.5
6,48,12.0
9,63,15.75
4,32,8.0
212,1064,266.0
309,1755,438.75
1,19,4.75
7,34,8.5
79,551,137.75
109,739,184.75
27,143,35.75
214,1371,342.75
41,201,50.25
83,501,125.25
110,658,164.5
155,1018,254.5
131,765,191.25
7,50,12.5
5,29,7.25
8,44,11.0
10,55,13.75
8,52,13.0
5,56,14.0
8,42,10.5
45,313,78.25
5,35,8.75
117,953,238.25
28,253,63.25
31,163,40.75
46,247,61.75
5,32,8.0
40,232,58.0
13,84,21.0
2,7,1.75
37,192,48.0
23,121,30.25
22,113,28.25
33,193,48.25
27,149,37.25
76,460,115.0
182,1090,272.5
32,164,41.0
63,478,119.5
141,901,225.25
1,1,0.25
264,1505,376.25
311,1874,468.5
299,1765,441.25
42,241,60.25
42,241,60.25
32,178,44.5
177,1032,258.0
59,294,73.5
7,32,8.0
170,1101,275.25
173,946,236.5
193,1208,302.0
228,1694,423.5
75,456,114.0
222,1295,323.75
125,698,174.5
131,800,200.0
344,2058,514.5
264,1533,383.25
198,1130,282.5
173,1033,258.25
238,1464,366.0
114,755,188.75
285,1863,465.75
138,811,202.75
19,96,24.0
116,723,180.75
183,1167,291.75
162,1012,253.0
120,674,168.5
110,632,158.0
251,1381,345.25
181,996,249.0
19,139,34.75
38,259,64.75
81,477,119.25
283,1766,441.5
63,337,84.25
176,1035,258.75
193,1109,277.25
115,737,184.25
236,1242,310.5
234,1185,296.25
217,1161,290.25
112,633,158.25
34,193,48.25
17,98,24.5
5,34,8.5
3,16,4.0
12,83,20.75
13,79,19.75
34,211,52.75
43,274,68.5
19,97,24.25
40,228,57.0
7,35,8.75
3,7,1.75
191,1582,395.5
187,1271,317.75
17,104,26.0
1,1,0.25
1,6,1.5
4,21,5.25
6,31,7.75
5,22,5.5
3,23,5.75
2,6,1.5
2,6,1.5
7,25,6.25
5,17,4.25
5,24,6.0
120,668,167.0
91,493,123.25
117,659,164.75
155,951,237.75
161,1010,252.5
143,950,237.5
155,979,244.75
86,519,129.75
64,368,92.0
104,750,187.5
97,539,134.75
202,1028,257.0
1,5,1.25
171,1091,272.75
259,1415,353.75
416,2858,714.5
48,258,64.5
2,10,2.5
247,1411,352.75
204,1370,342.5
182,1145,286.25
241,1662,415.5
137,962,240.5
192,1337,334.25
179,1178,294.5
356,2409,602.25
269,1528,382.0
223,1328,332.0
313,2225,556.25
349,2209,552.25
24,169,42.25
13,67,16.75
365,1984,496.0
380,2376,594.0
340,1917,479.25
263,1474,368.5
42,198,49.5
50,303,75.75
123,682,170.5
99,616,154.0
111,670,167.5
369,2326,581.5
381,2161,540.25
265,1559,389.75
133,718,179.5
49,279,69.75
81,463,115.75
118,664,166.0
116,656,164.0
92,539,134.75
223,1326,331.5
164,846,211.5
8,49,12.25
264,1538,384.5
3,19,4.75
235,1328,332.0
193,1027,256.75
350,1998,499.5
124,709,177.25
241,1260,315.0
292,1650,412.5
56,279,69.75
71,418,104.5
68,443,110.75
192,1184,296.0
34,225,56.25
34,225,56.25
34,225,56.25
35,190,47.5
154,972,243.0
303,2101,525.25
64,384,96.0
68,366,91.5
31,185,46.25
239,1288,322.0
264,1445,361.25
219,1366,341.5
111,590,147.5
282,1448,362.0
216,1354,338.5
297,1781,445.25
245,1512,378.0
156,1189,297.25
68,508,127.0
1,14,3.5
6,35,8.75
273,1347,336.75
210,1329,332.25
74,475,118.75
277,1793,448.25
1,1,0.25
6,33,8.25
135,841,210.25
330,1949,487.25
290,1675,418.75
347,2455,613.75
72,505,126.25
128,923,230.75
85,622,155.5
108,749,187.25
78,578,144.5
111,765,191.25
23,120,30.0
44,252,63.0
1,7,1.75
8,56,14.0
58,294,73.5
80,435,108.75
91,445,111.25
86,419,104.75
25,144,36.0
145,975,243.75
162,1627,406.75
119,772,193.0
1,3,0.75
116,597,149.25
144,961,240.25
93,621,155.25
32,183,45.75
30,194,48.5
32,185,46.25
3,19,4.75
245,1552,388.0
6,37,9.25
102,711,177.75
45,263,65.75
218,1394,348.5
189,1173,293.25
23,143,35.75
58,357,89.25
63,430,107.5
5,30,7.5
64,411,102.75
167,993,248.25
147,856,214.0
147,854,213.5
25,159,39.75
71,462,115.5
158,772,193.0
135,893,223.25
134,933,233.25
182,1360,340.0
40,249,62.25
19,114,28.5
101,638,159.5
46,244,61.0
100,658,164.5
180,1146,286.5
39,213,53.25
3,18,4.5
2,15,3.75
189,1216,304.0
213,1444,361.0
29,189,47.25
85,525,131.25
20,132,33.0
81,536,134.0
2,11,2.75
1,13,3.25
42,205,51.25
1,10,2.5
6,34,8.5
146,975,243.75
173,1122,280.5
341,2161,540.25
200,1217,304.25
186,1137,284.25
240,1515,378.75
229,1446,361.5
101,617,154.25
7,32,8.0
45,249,62.25
24,240,60.0
104,575,143.75
75,410,102.5
75,416,104.0
60,357,89.25
1,1,0.25
162,1241,310.25
299,1583,395.75
92,455,113.75
68,375,93.75
156,1582,395.5
161,975,243.75
186,987,246.75
203,1303,325.75
158,1028,257.0
19,107,26.75
11,70,17.5
8,40,10.0
338,1913,478.25
386,2249,562.25
1,5,1.25
116,662,165.5
26,412,103.0
14,62,15.5
3,14,3.5
9,38,9.5
6,27,6.75
6,32,8.0
3,15,3.75
4,21,5.25
5,31,7.75
40,199,49.75
5,18,4.5
5,15,3.75
50,302,75.5
38,248,62.0
38,245,61.25
10,82,20.5
3,14,3.5
35,177,44.25
207,1265,316.25
58,322,80.5
284,2056,514.0
7,45,11.25
195,1098,274.5
57,335,83.75
16,95,23.75
230,1292,323.0
103,1074,268.5
122,747,186.75
108,647,161.75
139,838,209.5
66,423,105.75
104,652,163.0
296,1961,490.25
20,111,27.75
346,2214,553.5
330,2046,511.5
100,691,172.75
347,2004,501.0
192,1110,277.5
182,1078,269.5
359,2542,635.5
82,520,130.0
277,1791,447.75
190,1160,290.0
164,1007,251.75
107,626,156.5
203,1162,290.5
219,1242,310.5
106,765,191.25
263,1341,335.25
285,1819,454.75
1,10,2.5
2,10,2.5
57,322,80.5
53,288,72.0
68,355,88.75
26,194,48.5
23,108,27.0
196,1354,338.5
110,791,197.75
241,1294,323.5
50,280,70.0
81,456,114.0
162,1035,258.75
38,251,62.75
56,315,78.75
49,283,70.75
110,686,171.5
17,94,23.5
17,94,23.5
161,972,243.0
11,68,17.0
8,49,12.25
246,1322,330.5
10,55,13.75
8,50,12.5
270,1835,458.75
209,1261,315.25
211,1259,314.75
129,753,188.25
118,847,211.75
227,1362,340.5
225,1424,356.0
6,32,8.0
82,460,115.0
23,166,41.5
131,1339,334.75
190,1222,305.5
3,27,6.75
3,23,5.75
20,147,36.75
9,42,10.5
16,111,27.75
16,104,26.0
136,810,202.5
141,789,197.25
22,135,33.75
79,546,136.5
187,1214,303.5
156,971,242.75
173,1105,276.25
162,964,241.0
141,787,196.75
174,1011,252.75
234,1451,362.75
275,1514,378.5
1,43,10.75
271,1652,413.0
129,819,204.75
153,937,234.25
31,145,36.25
9,48,12.0
28,150,37.5
6,26,6.5
66,386,96.5
70,396,99.0
5,31,7.75
17,111,27.75
201,1367,341.75
175,1208,302.0
69,425,106.25
84,563,140.75
121,856,214.0
21,114,28.5
82,477,119.25
147,1300,325.0
148,1281,320.25
146,1277,319.25
215,1381,345.25
147,841,210.25
12,60,15.0
59,454,113.5
164,1259,314.75
65,486,121.5
99,722,180.5
102,738,184.5
26,161,40.25
21,161,40.25
120,616,154.0
100,510,127.5
166,1030,257.5
58,331,82.75
160,874,218.5
285,1840,460.0
86,508,127.0
112,792,198.0
164,1227,306.75
46,262,65.5
269,1925,481.25
67,347,86.75
168,969,242.25
211,1220,305.0
160,982,245.5
118,620,155.0
169,1225,306.25
235,1386,346.5
17,81,20.25
171,854,213.5
18,116,29.0
25,164,41.0
53,303,75.75
105,713,178.25
90,457,114.25
90,456,114.0
97,478,119.5
43,235,58.75
1,15,3.75
125,733,183.25
85,442,110.5
6,50,12.5
607,3800,950.0
15,99,24.75
130,869,217.25
124,775,193.75
42,191,47.75
42,191,47.75
7,34,8.5
98,560,140.0
176,1025,256.25
13,63,15.75
17,98,24.5
24,142,35.5
27,149,37.25
174,988,247.0
267,1394,348.5
333,1922,480.5
34,165,41.25
1,23,5.75
19,121,30.25
28,185,46.25
153,906,226.5
70,393,98.25
207,1135,283.75
197,1148,287.0
191,1003,250.75
192,1038,259.5
111,689,172.25
387,1887,471.75
59,284,71.0
75,362,90.5
64,344,86.0
70,345,86.25
99,494,123.5
70,377,94.25
60,303,75.75
254,1433,358.25
194,1210,302.5
153,819,204.75
3,12,3.0
22,121,30.25
377,2074,518.5
32,194,48.5
33,351,87.75
10,55,13.75
10,43,10.75
185,1067,266.75
11,109,27.25
1,7,1.75
15,66,16.5
7,37,9.25
16,91,22.75
336,1927,481.75
267,1564,391.0
255,1530,382.5
339,1638,409.5
30,192,48.0
247,1498,374.5
181,1196,299.0
209,1354,338.5
222,1503,375.75
202,1232,308.0
37,265,66.25
96,592,148.0
3,16,4.0
3,16,4.0
10,83,20.75
1,2,0.5
140,824,206.0
123,780,195.0
95,601,150.25
349,1929,482.25
113,632,158.0
38,192,48.0
148,848,212.0
291,1524,381.0
153,895,223.75
167,949,237.25
7,37,9.25
241,1470,367.5
204,1161,290.25
187,1083,270.75
116,646,161.5
116,646,161.5
98,575,143.75
104,602,150.5
64,350,87.5
61,392,98.0
82,445,111.25
74,442,110.5
262,1602,400.5
413,2568,642.0
45,257,64.25
28,143,35.75
241,1659,414.75
79,404,101.0
38,199,49.75
73,444,111.0
80,478,119.5
75,450,112.5
144,863,215.75
114,658,164.5
123,790,197.5
229,1417,354.25
228,1419,354.75
126,705,176.25
98,580,145.0
69,396,99.0
69,396,99.0
36,203,50.75
63,366,91.5
68,384,96.0
81,464,116.0
77,448,112.0
84,497,124.25
129,683,170.75
90,472,118.0
66,358,89.5
97,637,159.25
161,894,223.5
130,754,188.5
150,908,227.0
140,806,201.5
212,1248,312.0
175,954,238.5
104,583,145.75
151,860,215.0
151,860,215.0
239,1372,343.0
22,122,30.5
41,229,57.25
144,787,196.75
144,787,196.75
173,954,238.5
211,1376,344.0
240,1278,319.5
160,878,219.5
92,502,125.5
104,589,147.25
112,637,159.25
154,832,208.0
125,667,166.75
121,648,162.0
44,232,58.0
72,398,99.5
171,897,224.25
8,48,12.0
150,924,231.0
158,865,216.25
296,1801,450.25
194,1218,304.5
95,573,143.25
1,1,0.25
184,1093,273.25
1,1,0.25
205,1309,327.25
472,3032,758.0
7,32,8.0
171,1126,281.5
210,1396,349.0
273,1523,380.75
1,3,0.75
3,15,3.75
37,208,52.0
37,226,56.5
83,438,109.5
91,522,130.5
82,477,119.25
44,255,63.75
110,763,190.75
75,488,122.0
33,177,44.25
14,74,18.5
258,1858,464.5
301,1938,484.5
244,1322,330.5
188,1016,254.0
191,1012,253.0
216,1184,296.0
135,758,189.5
11,62,15.5
115,669,167.25
7,32,8.0
38,196,49.0
239,1704,426.0
21,120,30.0
370,2157,539.25
364,2223,555.75
270,1788,447.0
286,1997,499.25
60,347,86.75
63,335,83.75
205,1181,295.25
91,535,133.75
1,179,44.75
1,173,43.25
1,4,1.0
1,5,1.25
1,21,5.25
16,75,18.75
51,326,81.5
61,385,96.25
45,303,75.75
185,1509,377.25
148,1213,303.25
288,1911,477.75
46,233,58.25
12,61,15.25
7,32,8.0
72,438,109.5
142,782,195.5
232,1370,342.5
177,1008,252.0
161,895,223.75
48,286,71.5
65,419,104.75
122,728,182.0
15,81,20.25
34,126,31.5
10,55,13.75
43,238,59.5
128,816,204.0
161,942,235.5
240,1279,319.75
20,106,26.5
16,103,25.75
456,2934,733.5
159,1128,282.0
118,769,192.25
13,83,20.75
174,1076,269.0
28,148,37.0
11,51,12.75
5,25,6.25
13,60,15.0
7,33,8.25
7,32,8.0
7,28,7.0
7,29,7.25
9,42,10.5
14,78,19.5
12,61,15.25
13,78,19.5
379,2047,511.75
9,47,11.75
3,13,3.25
7,29,7.25
1,1,0.25
27,169,42.25
5,27,6.75
247,1585,396.25
267,1628,407.0
246,1469,367.25
134,808,202.0
3,18,4.5
1,8,2.0
1,8,2.0
1,8,2.0
159,947,236.75
109,606,151.5
120,769,192.25
240,1392,348.0
77,485,121.25
82,518,129.5
88,488,122.0
91,521,130.25
36,191,47.75
103,616,154.0
105,599,149.75
80,473,118.25
73,422,105.5
181,1083,270.75
216,1342,335.5
162,1026,256.5
193,1224,306.0
194,1192,298.0
109,677,169.25
151,956,239.0
155,966,241.5
191,1203,300.75
165,1050,262.5
181,1069,267.25
165,1028,257.0
162,991,247.75
48,254,63.5
215,1384,346.0
151,919,229.75
63,325,81.25
59,344,86.0
157,956,239.0
149,841,210.25
168,946,236.5
201,1144,286.0
249,1349,337.25
150,839,209.75
30,155,38.75
86,458,114.5
86,458,114.5
21,105,26.25
86,458,114.5
115,737,184.25
72,478,119.5
140,964,241.0
373,2543,635.75
293,2031,507.75
98,607,151.75
3,14,3.5
11,60,15.0
9,56,14.0
17,84,21.0
13,65,16.25
28,166,41.5
30,171,42.75
65,363,90.75
267,1474,368.5
12,73,18.25
36,189,47.25
83,487,121.75
106,638,159.5
149,874,218.5
75,379,94.75
102,624,156.0
89,511,127.75
4,296,74.0
13,84,21.0
248,1332,333.0
93,571,142.75
80,406,101.5
68,400,100.0
90,441,110.25
60,307,76.75
172,1011,252.75
78,413,103.25
175,1179,294.75
84,345,86.25
60,408,102.0
318,1969,492.25
277,1664,416.0
268,1929,482.25
33,169,42.25
213,1459,364.75
85,533,133.25
67,327,81.75
16,67,16.75
282,1498,374.5
266,1618,404.5
85,460,115.0
233,1441,360.25
312,1845,461.25
207,1475,368.75
72,428,107.0
146,890,222.5
149,983,245.75
116,536,134.0
14,85,21.25
262,1566,391.5
267,1653,413.25
358,2137,534.25
278,1587,396.75
1,1,0.25
37,197,49.25
75,420,105.0
149,913,228.25
100,561,140.25
82,425,106.25
93,532,133.0
36,197,49.25
69,404,101.0
83,443,110.75
97,527,131.75
72,446,111.5
49,308,77.0
36,390,97.5
100,521,130.25
78,437,109.25
340,2162,540.5
123,732,183.0
16,89,22.25
132,1337,334.25
40,1080,270.0
53,342,85.5
113,784,196.0
23,110,27.5
23,132,33.0
1,3,0.75
27,138,34.5
27,144,36.0
1,4,1.0
1,3,0.75
30,150,37.5
1,4,1.0
1,4,1.0
1,3,0.75
1,3,0.75
28,160,40.0
1,4,1.0
1,3,0.75
1,3,0.75
35,203,50.75
1,3,0.75
27,141,35.25
206,1079,269.75
78,435,108.75
77,465,116.25
395,1958,489.5
40,265,66.25
7,49,12.25
287,1929,482.25
152,1050,262.5
252,1573,393.25
253,1600,400.0
251,1571,392.75
275,1687,421.75
218,1873,468.25
224,1927,481.75
272,1625,406.25
222,1217,304.25
212,1180,295.0
186,1009,252.25
214,1187,296.75
127,775,193.75
118,793,198.25
240,1323,330.75
266,1451,362.75
215,1284,321.0
10,41,10.25
19,100,25.0
195,1092,273.0
83,486,121.5
124,727,181.75
187,1194,298.5
275,1752,438.0
387,2432,608.0
41,232,58.0
106,580,145.0
7,311,77.75
184,1075,268.75
250,1413,353.25
53,278,69.5
90,553,138.25
57,299,74.75
209,1355,338.75
17,87,21.75
18,90,22.5
24,119,29.75
42,213,53.25
31,167,41.75
20,98,24.5
120,601,150.25
254,1564,391.0
107,918,229.5
11,62,15.5
288,1775,443.75
40,247,61.75
30,179,44.75
269,1841,460.25
58,351,87.75
4,19,4.75
52,232,58.0
62,266,66.5
1,7,1.75
162,1204,301.0
111,756,189.0
70,531,132.75
47,296,74.0
147,838,209.5
67,499,124.75
148,1048,262.0
40,267,66.75
120,877,219.25
5,24,6.0
6,26,6.5
296,1866,466.5
52,337,84.25
43,274,68.5
39,252,63.0
164,1067,266.75
133,858,214.5
17,94,23.5
16,80,20.0
578,3199,799.75
165,872,218.0
77,480,120.0
165,1011,252.75
9,59,14.75
213,1371,342.75
324,1840,460.0
123,897,224.25
140,629,157.25
64,351,87.75
9,59,14.75
15,69,17.25
27,132,33.0
25,124,31.0
49,231,57.75
40,195,48.75
158,822,205.5
180,923,230.75
101,524,131.0
110,574,143.5
55,285,71.25
130,1148,287.0
279,1670,417.5
5,30,7.5
54,311,77.75
8,40,10.0
301,1802,450.5
29,177,44.25
82,667,166.75
295,1895,473.75
2,5,1.25
95,461,115.25
1,10,2.5
143,980,245.0
239,1488,372.0
279,1826,456.5
36,180,45.0
275,1837,459.25
63,399,99.75
75,413,103.25
78,460,115.0
91,540,135.0
190,1230,307.5
168,1459,364.75
1,1,0.25
111,610,152.5
16,99,24.75
37,222,55.5
61,362,90.5
40,225,56.25
34,223,55.75
36,245,61.25
18,107,26.75
35,199,49.75
22,133,33.25
21,135,33.75
35,203,50.75
21,137,34.25
1,5,1.25
1,5,1.25
20,91,22.75
16,73,18.25
8,71,17.75
15,91,22.75
8,33,8.25
16,67,16.75
28,138,34.5
69,391,97.75
75,393,98.25
34,179,44.75
54,302,75.5
73,375,93.75
92,464,116.0
88,436,109.0
75,380,95.0
87,443,110.75
34,158,39.5
162,802,200.5
32,150,37.5
437,1978,494.5
16,77,19.25
45,203,50.75
18,83,20.75
421,2120,530.0
11,44,11.0
32,163,40.75
11,60,15.0
5,23,5.75
33,202,50.5
7,34,8.5
20,118,29.5
44,246,61.5
3,17,4.25
156,1222,305.5
225,1484,371.0
129,697,174.25
153,794,198.5
355,2359,589.75
118,681,170.25
119,681,170.25
2,40,10.0
7,47,11.75
174,916,229.0
139,886,221.5
298,2031,507.75
244,1492,373.0
80,527,131.75
599,3944,986.0
159,1086,271.5
240,1448,362.0
14,86,21.5
360,2004,501.0
149,994,248.5
212,1508,377.0
187,1576,394.0
27,132,33.0
45,267,66.75
183,1218,304.5
91,648,162.0
172,1245,311.25
156,999,249.75
214,1337,334.25
279,1590,397.5
278,1585,396.25
234,1304,326.0
252,1814,453.5
11,73,18.25
18,108,27.0
41,258,64.5
117,747,186.75
1,1,0.25
68,469,117.25
97,702,175.5
161,1042,260.5
152,996,249.0
99,643,160.75
20,117,29.25
7,34,8.5
45,272,68.0
3,13,3.25
150,889,222.25
25,135,33.75
57,341,85.25
22,121,30.25
5,23,5.75
290,2071,517.75
13,90,22.5
21,113,28.25
127,828,207.0
173,1035,258.75
273,1771,442.75
302,1715,428.75
118,780,195.0
117,797,199.25
162,1074,268.5
295,1706,426.5
137,1292,323.0
83,590,147.5
23,152,38.0
24,140,35.0
228,1254,313.5
95,608,152.0
7,34,8.5
105,610,152.5
138,1041,260.25
159,982,245.5
56,454,113.5
81,569,142.25
191,1157,289.25
327,2247,561.75
176,1167,291.75
274,1937,484.25
331,2172,543.0
172,1167,291.75
328,2072,518.0
62,438,109.5
131,983,245.75
7,29,7.25
183,1133,283.25
40,220,55.0
206,1337,334.25
80,522,130.5
222,1574,393.5
53,320,80.0
139,822,205.5
130,763,190.75
213,1278,319.5
284,1807,451.75
369,2205,551.25
129,786,196.5
12,72,18.0
81,440,110.0
182,1316,329.0
145,1049,262.25
204,1431,357.75
7,32,8.0
20,115,28.75
23,121,30.25
23,121,30.25
166,1011,252.75
42,434,108.5
287,1565,391.25
177,929,232.25
3,47,11.75
255,2220,555.0
280,1527,381.75
27,136,34.0
149,960,240.0
5,25,6.25
232,1376,344.0
29,157,39.25
6,41,10.25
12,56,14.0
6,27,6.75
296,1470,367.5
24,132,33.0
156,1279,319.75
157,1328,332.0
157,1330,332.5
24,148,37.0
26,181,45.25
104,710,177.5
109,740,185.0
167,1014,253.5
185,1111,277.75
164,979,244.75
117,682,170.5
479,2630,657.5
322,1977,494.25
71,389,97.25
269,1808,452.0
51,313,78.25
229,1452,363.0
176,1094,273.5
33,187,46.75
11,85,21.25
1,236,59.0
190,1141,285.25
31,183,45.75
143,781,195.25
75,399,99.75
50,339,84.75
235,1506,376.5
147,852,213.0
91,528,132.0
6,48,12.0
27,155,38.75
93,524,131.0
22,165,41.25
107,668,167.0
117,775,193.75
120,743,185.75
96,643,160.75
58,374,93.5
44,217,54.25
245,1085,271.25
211,1909,477.25
283,2507,626.75
273,2437,609.25
183,1029,257.25
214,1214,303.5
124,849,212.25
54,312,78.0
11,85,21.25
247,1563,390.75
192,1258,314.5
291,1505,376.25
77,455,113.75
9,59,14.75
171,944,236.0
75,436,109.0
72,404,101.0
9,51,12.75
14,73,18.25
6,26,6.5
115,723,180.75
1,1,0.25
25,132,33.0
125,742,185.5
111,626,156.5
52,290,72.5
110,613,153.25
75,462,115.5
93,573,143.25
94,532,133.0
43,218,54.5
75,338,84.5
314,1781,445.25
1,3,0.75
108,625,156.25
58,332,83.0
139,727,181.75
113,643,160.75
127,755,188.75
417,2310,577.5
79,432,108.0
201,1293,323.25
93,604,151.0
196,1238,309.5
31,192,48.0
31,199,49.75
262,1615,403.75
168,1235,308.75
165,1093,273.25
5,40,10.0
56,319,79.75
64,277,69.25
144,924,231.0
148,948,237.0
223,1401,350.25
78,527,131.75
143,937,234.25
54,303,75.75
223,1256,314.0
15,92,23.0
14,82,20.5
23,96,24.0
20,85,21.25
19,76,19.0
14,72,18.0
7,32,8.0
16,119,29.75
19,107,26.75
19,107,26.75
66,386,96.5
7,33,8.25
7,33,8.25
1,1,0.25
18,100,25.0
22,134,33.5
173,1057,264.25
12,67,16.75
7,29,7.25
86,496,124.0
137,684,171.0
170,938,234.5
149,921,230.25
176,1084,271.0
32,168,42.0
64,335,83.75
156,979,244.75
171,1080,270.0
168,1003,250.75
198,1171,292.75
66,395,98.75
189,1103,275.75
237,1517,379.25
225,1401,350.25
95,549,137.25
58,359,89.75
147,811,202.75
82,491,122.75
43,280,70.0
77,492,123.0
104,663,165.75
12,77,19.25
192,1265,316.25
17,95,23.75
158,1100,275.0
151,966,241.5
188,1125,281.25
63,363,90.75
208,1438,359.5
219,1358,339.5
167,1162,290.5
386,2126,531.5
15,101,25.25
42,309,77.25
34,257,64.25
18,101,25.25
36,221,55.25
68,1256,314.0
1,2,0.5
82,456,114.0
172,956,239.0
13,79,19.75
3,16,4.0
193,1250,312.5
227,992,248.0
119,701,175.25
72,383,95.75
15,87,21.75
39,221,55.25
31,147,36.75
1,20,5.0
91,500,125.0
9,41,10.25
43,258,64.5
30,172,43.0
1,44,11.0
182,865,216.25
129,709,177.25
24,123,30.75
59,422,105.5
303,2116,529.0
51,314,78.5
25,143,35.75
93,564,141.0
31,174,43.5
100,638,159.5
14,91,22.75
4,30,7.5
162,939,234.75
32,181,45.25
144,1108,277.0
184,1224,306.0
157,1068,267.0
68,434,108.5
1,4,1.0
424,2541,635.25
47,345,86.25
50,319,79.75
50,319,79.75
19,115,28.75
123,734,183.5
393,2232,558.0
254,1637,409.25
227,1523,380.75
226,1569,392.25
149,951,237.75
103,693,173.25
57,340,85.0
220,1286,321.5
19,112,28.0
109,643,160.75
1,125,31.25
20,95,23.75
136,736,184.0
18,96,24.0
497,3266,816.5
184,1232,308.0
178,1287,321.75
210,1538,384.5
134,953,238.25
563,3913,978.25
225,1155,288.75
286,1514,378.5
359,2061,515.25
347,1981,495.25
351,2012,503.0
1,5,1.25
30,206,51.5
210,1267,316.75
258,1685,421.25
94,573,143.25
21,109,27.25
160,1000,250.0
129,1474,368.5
44,302,75.5
147,943,235.75
17,161,40.25
17,111,27.75
56,305,76.25
52,284,71.0
43,276,69.0
88,479,119.75
61,339,84.75
61,331,82.75
103,604,151.0
159,1005,251.25
235,1481,370.25
173,1134,283.5
204,1364,341.0
207,1234,308.5
17,107,26.75
218,1223,305.75
4,14,3.5
11,69,17.25
308,1844,461.0
1,14,3.5
1,67,16.75
1,88,22.0
26,134,33.5
28,153,38.25
54,327,81.75
221,1398,349.5
66,408,102.0
311,2011,502.75
38,230,57.5
7,34,8.5
25,156,39.0
151,955,238.75
107,674,168.5
91,469,117.25
288,1510,377.5
37,214,53.5
170,1188,297.0
9,59,14.75
164,1051,262.75
161,1092,273.0
193,1205,301.25
131,799,199.75
7,39,9.75
155,988,247.0
65,385,96.25
23,129,32.25
223,1070,267.5
137,896,224.0
210,989,247.25
37,207,51.75
59,315,78.75
302,2171,542.75
18,118,29.5
310,1964,491.0
6,30,7.5
277,1576,394.0
3,321,80.25
1,14,3.5
49,311,77.75
207,1123,280.75
305,1667,416.75
340,1825,456.25
307,1589,397.25
153,802,200.5
3,17,4.25
210,1159,289.75
101,643,160.75
264,1465,366.25
227,1728,432.0
235,2028,507.0
171,1702,425.5
69,409,102.25
240,1423,355.75
34,183,45.75
144,833,208.25
1,15,3.75
22,121,30.25
33,162,40.5
48,294,73.5
90,564,141.0
104,633,158.25
89,545,136.25
132,721,180.25
145,787,196.75
45,231,57.75
85,550,137.5
78,494,123.5
94,492,123.0
237,1999,499.75
57,354,88.5
172,1124,281.0
205,1019,254.75
8,42,10.5
80,571,142.75
72,471,117.75
96,685,171.25
246,1674,418.5
111,699,174.75
89,513,128.25
174,1223,305.75
119,906,226.5
160,1125,281.25
56,331,82.75
15,94,23.5
47,392,98.0
45,359,89.75
45,359,89.75
14,80,20.0
363,2121,530.25
200,1308,327.0
14,64,16.0
268,1835,458.75
78,437,109.25
8,52,13.0
1,6,1.5
22,166,41.5
139,735,183.75
372,2018,504.5
72,523,130.75
118,803,200.75
133,756,189.0
81,496,124.0
10,51,12.75
10,51,12.75
10,51,12.75
10,51,12.75
10,51,12.75
116,674,168.5
28,146,36.5
244,1313,328.25
55,298,74.5
181,1273,318.25
207,1306,326.5
119,711,177.75
47,266,66.5
300,1765,441.25
311,1826,456.5
106,538,134.5
96,612,153.0
7,32,8.0
326,2210,552.5
332,1977,494.25
344,2072,518.0
277,1684,421.0
96,545,136.25
7,31,7.75
48,248,62.0
32,170,42.5
59,356,89.0
193,1358,339.5
163,840,210.0
43,296,74.0
173,1192,298.0
53,314,78.5
119,827,206.75
350,2250,562.5
168,1294,323.5
177,1292,323.0
230,1579,394.75
216,1630,407.5
6,76,19.0
2,14,3.5
1,6,1.5
55,335,83.75
20,194,48.5
103,731,182.75
99,828,207.0
136,1054,263.5
44,380,95.0
40,320,80.0
82,516,129.0
51,318,79.5
45,316,79.0
32,234,58.5
38,291,72.75
2,26,6.5
24,158,39.5
31,257,64.25
42,323,80.75
8,72,18.0
35,250,62.5
2,13,3.25
2,15,3.75
166,773,193.25
135,1014,253.5
85,532,133.0
174,1006,251.5
376,2237,559.25
399,2446,611.5
50,276,69.0
42,228,57.0
241,1695,423.75
33,201,50.25
9,55,13.75
50,280,70.0
106,1147,286.75
63,1353,338.25
57,1338,334.5
77,485,121.25
255,1534,383.5
296,1628,407.0
9,21,5.25
1,2,0.5
9,80,20.0
200,1146,286.5
7,32,8.0
161,887,221.75
369,2169,542.25
48,264,66.0
37,223,55.75
156,989,247.25
274,1793,448.25
170,1175,293.75
166,1072,268.0
71,422,105.5
66,420,105.0
80,585,146.25
162,1022,255.5
183,1178,294.5
183,1178,294.5
32,237,59.25
24,181,45.25
191,1133,283.25
30,161,40.25
7,32,8.0
60,348,87.0
32,180,45.0
167,1006,251.5
238,1288,322.0
88,583,145.75
65,342,85.5
30,161,40.25
30,168,42.0
168,965,241.25
258,1552,388.0
5,31,7.75
214,1347,336.75
123,814,203.5
1,1,0.25
72,462,115.5
84,481,120.25
30,177,44.25
107,633,158.25
19,151,37.75
31,261,65.25
25,164,41.0
7,37,9.25
9,63,15.75
80,301,75.25
57,381,95.25
18,81,20.25
46,324,81.0
189,1140,285.0
67,386,96.5
423,2459,614.75
3,13,3.25
167,1077,269.25
107,787,196.75
182,1550,387.5
17,82,20.5
38,286,71.5
77,491,122.75
66,386,96.5
154,1065,266.25
134,915,228.75
64,456,114.0
78,557,139.25
163,1202,300.5
66,477,119.25
91,736,184.0
52,394,98.5
1,6,1.5
185,964,241.0
33,214,53.5
6,34,8.5
26,167,41.75
270,1540,385.0
143,1016,254.0
46,309,77.25
12,56,14.0
15,83,20.75
99,1347,336.75
5,28,7.0
2,7,1.75
9,47,11.75
45,212,53.0
68,525,131.25
91,691,172.75
443,2965,741.25
3,21,5.25
3,21,5.25
37,212,53.0
172,1183,295.75
110,659,164.75
448,3023,755.75
313,1853,463.25
161,901,225.25
79,443,110.75
195,1258,314.5
171,1508,377.0
80,466,116.5
329,2323,580.75
167,991,247.75
247,1270,317.5
48,266,66.5
24,179,44.75
153,957,239.25
293,1808,452.0
157,965,241.25
231,1349,337.25
241,1813,453.25
266,1631,407.75
310,1733,433.25
367,2046,511.5
7,34,8.5
32,196,49.0
210,1405,351.25
131,752,188.0
237,1589,397.25
240,1510,377.5
82,609,152.25
271,1791,447.75
181,1105,276.25
1,141,35.25
274,1912,478.0
102,519,129.75
373,2867,716.75
141,772,193.0
141,772,193.0
335,1879,469.75
167,934,233.5
115,753,188.25
96,605,151.25
222,1311,327.75
7,32,8.0
64,326,81.5
83,406,101.5
154,832,208.0
86,479,119.75
59,344,86.0
59,346,86.5
92,478,119.5
95,504,126.0
9,43,10.75
9,63,15.75
1,45,11.25
127,740,185.0
118,692,173.0
193,1205,301.25
119,832,208.0
2,32,8.0
609,3931,982.75
182,1198,299.5
1,1,0.25
101,667,166.75
344,2018,504.5
344,2009,502.25
237,1355,338.75
253,1465,366.25
122,721,180.25
14,91,22.75
143,1000,250.0
66,474,118.5
35,283,70.75
7,29,7.25
17,94,23.5
237,1485,371.25
7,38,9.5
7,38,9.5
321,1829,457.25
34,185,46.25
54,340,85.0
290,1738,434.5
20,157,39.25
230,1616,404.0
118,836,209.0
91,523,130.75
150,1029,257.25
164,1130,282.5
115,672,168.0
9,54,13.5
12,76,19.0
11,55,13.75
96,549,137.25
89,498,124.5
75,418,104.5
68,378,94.5
102,559,139.75
104,623,155.75
81,463,115.75
91,548,137.0
10,43,10.75
9,64,16.0
9,64,16.0
9,64,16.0
9,64,16.0
187,1129,282.25
76,535,133.75
13,69,17.25
51,323,80.75
62,368,92.0
351,1886,471.5
107,677,169.25
104,653,163.25
229,1476,369.0
81,435,108.75
305,1842,460.5
290,2139,534.75
131,806,201.5
174,1177,294.25
7,44,11.0
183,993,248.25
209,1106,276.5
227,1218,304.5
196,1130,282.5
82,488,122.0
85,545,136.25
8,54,13.5
244,1283,320.75
204,1039,259.75
91,574,143.5
263,1456,364.0
1,15,3.75
11,83,20.75
8,70,17.5
8,69,17.25
143,847,211.75
156,950,237.5
161,1046,261.5
213,1357,339.25
198,1251,312.75
37,194,48.5
82,579,144.75
103,690,172.5
267,1636,409.0
246,1487,371.75
229,1379,344.75
2,12,3.0
8,41,10.25
233,1604,401.0
8,54,13.5
11,73,18.25
10,58,14.5
204,1014,253.5
8,54,13.5
163,1083,270.75
109,525,131.25
18,103,25.75
95,650,162.5
240,1627,406.75
201,1718,429.5
11,66,16.5
182,1032,258.0
55,342,85.5
175,1047,261.75
237,1460,365.0
206,1241,310.25
93,546,136.5
115,863,215.75
6,34,8.5
38,255,63.75
173,1347,336.75
380,2193,548.25
10,48,12.0
135,828,207.0
1,20,5.0
41,245,61.25
44,257,64.25
333,1829,457.25
268,1454,363.5
159,864,216.0
60,328,82.0
96,582,145.5
76,428,107.0
167,924,231.0
182,977,244.25
12,66,16.5
271,1594,398.5
148,922,230.5
171,1039,259.75
180,1084,271.0
162,976,244.0
2,19,4.75
2,19,4.75
202,1542,385.5
117,957,239.25
175,1284,321.0
175,1269,317.25
57,350,87.5
50,273,68.25
171,1066,266.5
14,94,23.5
19,115,28.75
8,41,10.25
34,248,62.0
322,1766,441.5
101,694,173.5
55,285,71.25
1,6,1.5
1,1,0.25
198,1328,332.0
152,970,242.5
203,1551,387.75
31,206,51.5
37,210,52.5
99,579,144.75
254,1706,426.5
113,716,179.0
231,1424,356.0
78,501,125.25
10,55,13.75
234,1539,384.75
136,831,207.75
156,896,224.0
7,49,12.25
254,1602,400.5
72,486,121.5
61,362,90.5
11,48,12.0
381,2504,626.0
225,1515,378.75
44,246,61.5
112,597,149.25
7,32,8.0
135,795,198.75
77,446,111.5
180,1019,254.75
107,633,158.25
207,1190,297.5
235,1685,421.25
170,1094,273.5
1,1,0.25
8,49,12.25
10,60,15.0
96,659,164.75
70,461,115.25
31,136,34.0
183,953,238.25
138,858,214.5
5,25,6.25
13,72,18.0
9,48,12.0
156,832,208.0
5,26,6.5
6,31,7.75
4,19,4.75
38,192,48.0
68,331,82.75
116,664,166.0
66,455,113.75
213,1238,309.5
122,731,182.75
182,1256,314.0
225,1400,350.0
64,402,100.5
55,284,71.0
169,1018,254.5
196,1233,308.25
180,1190,297.5
52,319,79.75
52,2105,526.25
46,293,73.25
315,1924,481.0
157,1161,290.25
158,918,229.5
192,1204,301.0
188,1219,304.75
119,753,188.25
239,1481,370.25
39,239,59.75
7,45,11.25
18,122,30.5
15,96,24.0
23,166,41.5
7,32,8.0
37,211,52.75
97,685,171.25
33,166,41.5
15,80,20.0
155,922,230.5
184,1254,313.5
42,251,62.75
42,290,72.5
31,165,41.25
29,152,38.0
117,1039,259.75
200,1106,276.5
151,860,215.0
293,1796,449.0
269,1550,387.5
148,901,225.25
27,79,19.75
11,56,14.0
450,3218,804.5
46,274,68.5
138,667,166.75
47,490,122.5
4,23,5.75
39,260,65.0
58,373,93.25
60,351,87.75
127,725,181.25
19,103,25.75
122,656,164.0
106,668,167.0
107,666,166.5
173,1384,346.0
216,1364,341.0
264,1693,423.25
293,1956,489.0
144,915,228.75
138,858,214.5
42,239,59.75
4,19,4.75
6,31,7.75
11,58,14.5
61,345,86.25
30,157,39.25
13,68,17.0
6,28,7.0
4,20,5.0
40,248,62.0
1,63,15.75
5,29,7.25
7,34,8.5
663,4290,1072.5
303,1850,462.5
11,71,17.75
14,78,19.5
57,300,75.0
7,34,8.5
228,1439,359.75
112,668,167.0
56,357,89.25
226,1473,368.25
231,1528,382.0
20,117,29.25
82,529,132.25
169,893,223.25
8,40,10.0
60,301,75.25
53,311,77.75
38,233,58.25
75,455,113.75
109,668,167.0
6,30,7.5
68,361,90.25
212,1199,299.75
129,758,189.5
160,1667,416.75
39,211,52.75
153,829,207.25
6,26,6.5
13,63,15.75
13,65,16.25
29,149,37.25
94,597,149.25
115,804,201.0
32,160,40.0
209,1304,326.0
308,1755,438.75
220,1522,380.5
242,1945,486.25
16,91,22.75
426,2814,703.5
153,947,236.75
179,983,245.75
27,140,35.0
1,1,0.25
26,147,36.75
273,1632,408.0
100,562,140.5
2,13,3.25
2,13,3.25
50,352,88.0
79,474,118.5
82,534,133.5
79,520,130.0
204,1156,289.0
107,620,155.0
15,91,22.75
97,699,174.75
57,356,89.0
30,153,38.25
229,1416,354.0
8,32,8.0
8,33,8.25
4,112,28.0
4,49,12.25
3,56,14.0
196,1064,266.0
47,257,64.25
45,276,69.0
137,714,178.5
19,96,24.0
1,15,3.75
125,750,187.5
273,1616,404.0
28,150,37.5
26,127,31.75
62,412,103.0
24,128,32.0
60,344,86.0
270,1913,478.25
286,1824,456.0
74,498,124.5
1,9,2.25
1,10,2.5
14,68,17.0
148,990,247.5
347,2151,537.75
339,2114,528.5
32,209,52.25
13,54,13.5
3,26,6.5
180,948,237.0
125,894,223.5
203,1159,289.75
543,3081,770.25
86,527,131.75
16,87,21.75
181,1093,273.25
59,286,71.5
62,452,113.0
101,580,145.0
40,205,51.25
218,1213,303.25
229,1348,337.0
15,94,23.5
82,537,134.25
303,1877,469.25
151,969,242.25
279,1768,442.0
16,94,23.5
64,493,123.25
104,547,136.75
24,122,30.5
19,102,25.5
221,1509,377.25
263,1748,437.0
104,547,136.75
289,1878,469.5
57,261,65.25
211,1235,308.75
147,856,214.0
90,633,158.25
8,39,9.75
61,344,86.0
150,888,222.0
112,781,195.25
108,619,154.75
3,142,35.5
2,145,36.25
11,63,15.75
139,895,223.75
13,130,32.5
59,387,96.75
63,352,88.0
264,1394,348.5
322,2081,520.25
147,1103,275.75
17,123,30.75
52,296,74.0
28,145,36.25
291,1734,433.5
134,800,200.0
106,562,140.5
164,937,234.25
326,1894,473.5
125,901,225.25
172,1058,264.5
35,197,49.25
50,256,64.0
2,18,4.5
128,778,194.5
38,191,47.75
322,1801,450.25
72,398,99.5
322,1859,464.75
39,273,68.25
23,118,29.5
46,259,64.75
40,219,54.75
64,359,89.75
39,253,63.25
13,104,26.0
10,68,17.0
9,51,12.75
48,290,72.5
58,324,81.0
105,590,147.5
105,590,147.5
69,417,104.25
84,496,124.0
86,504,126.0
342,2358,589.5
75,459,114.75
196,1204,301.0
134,776,194.0
121,770,192.5
128,804,201.0
136,860,215.0
499,3258,814.5
1,1,0.25
223,1369,342.25
13,67,16.75
203,1245,311.25
190,871,217.75
83,464,116.0
73,418,104.5
40,238,59.5
267,1729,432.25
11,64,16.0
20,119,29.75
7,32,8.0
181,1045,261.25
213,1390,347.5
319,2083,520.75
57,372,93.0
65,429,107.25
25,137,34.25
334,1899,474.75
183,1191,297.75
198,1272,318.0
69,730,182.5
65,1037,259.25
137,933,233.25
70,475,118.75
381,2249,562.25
29,165,41.25
178,1178,294.5
156,876,219.0
170,896,224.0
203,1038,259.5
172,926,231.5
215,1219,304.75
210,1202,300.5
181,1020,255.0
191,1120,280.0
285,1522,380.5
238,1445,361.25
287,1550,387.5
63,310,77.5
10,74,18.5
307,1885,471.25
122,756,189.0
7,36,9.0
67,418,104.5
377,2466,616.5
332,2114,528.5
371,2361,590.25
18,125,31.25
207,1288,322.0
261,1221,305.25
7,34,8.5
25,157,39.25
23,192,48.0
210,1167,291.75
28,193,48.25
236,1778,444.5
162,841,210.25
17,87,21.75
2,11,2.75
2,11,2.75
198,2323,580.75
595,6454,1613.5
1473,14710,3677.5
2890,29132,7283.0
110,631,157.75
116,656,164.0
141,815,203.75
18,94,23.5
104,637,159.25
33,169,42.25
33,241,60.25
81,499,124.75
51,259,64.75
296,1538,384.5
18,94,23.5
476,3143,785.75
7,34,8.5
48,330,82.5
79,502,125.5
7,37,9.25
28,143,35.75
87,431,107.75
84,486,121.5
83,473,118.25
85,495,123.75
185,1084,271.0
218,1310,327.5
209,1263,315.75
186,1111,277.75
229,1318,329.5
48,267,66.75
43,232,58.0
59,323,80.75
34,191,47.75
66,347,86.75
64,342,85.5
86,435,108.75
27,148,37.0
26,134,33.5
430,2957,739.25
291,2107,526.75
78,480,120.0
19,112,28.0
31,173,43.25
415,2697,674.25
85,513,128.25
67,395,98.75
65,387,96.75
136,795,198.75
159,1018,254.5
93,622,155.5
6,24,6.0
57,265,66.25
61,277,69.25
2,83,20.75
1,8,2.0
1,8,2.0
1,19,4.75
5,32,8.0
11,59,14.75
10,52,13.0
15,77,19.25
7,37,9.25
9,52,13.0
15,63,15.75
136,746,186.5
6,30,7.5
60,341,85.25
6,100,25.0
1,2,0.5
15,92,23.0
7,32,8.0
149,802,200.5
136,849,212.25
239,1626,406.5
104,663,165.75
187,1246,311.5
211,1224,306.0
7,32,8.0
212,1084,271.0
32,183,45.75
14,80,20.0
217,1275,318.75
16,93,23.25
18,82,20.5
14,77,19.25
17,86,21.5
21,111,27.75
33,214,53.5
112,638,159.5
88,589,147.25
88,534,133.5
7,34,8.5
5,30,7.5
22,134,33.5
224,1284,321.0
7,32,8.0
165,1129,282.25
313,2082,520.5
346,2410,602.5
276,1847,461.75
274,1809,452.25
207,1244,311.0
205,1284,321.0
254,1401,350.25
256,1458,364.5
7,34,8.5
17,91,22.75
18,100,25.0
1,1,0.25
1,1,0.25
20,102,25.5
11,58,14.5
165,1114,278.5
360,1870,467.5
6,26,6.5
313,1831,457.75
288,1906,476.5
250,1656,414.0
359,2278,569.5
330,1946,486.5
287,1742,435.5
252,1520,380.0
15,96,24.0
19,98,24.5
35,210,52.5
12,60,15.0
80,561,140.25
114,828,207.0
102,669,167.25
35,178,44.5
101,659,164.75
37,248,62.0
149,1177,294.25
187,1276,319.0
165,1239,309.75
173,1226,306.5
95,601,150.25
210,1339,334.75
21,130,32.5
9,66,16.5
64,373,93.25
79,488,122.0
77,472,118.0
102,671,167.75
4,21,5.25
96,576,144.0
149,1244,311.0
80,463,115.75
337,2167,541.75
6,19,4.75
81,422,105.5
40,200,50.0
357,2242,560.5
184,1191,297.75
3,14,3.5
83,494,123.5
18,103,25.75
127,1118,279.5
358,1651,412.75
25,135,33.75
28,139,34.75
156,907,226.75
144,873,218.25
192,1330,332.5
148,906,226.5
203,1292,323.0
121,651,162.75
50,266,66.5
12,70,17.5
179,1022,255.5
276,1940,485.0
155,769,192.25
140,703,175.75
42,271,67.75
6,41,10.25
153,762,190.5
86,489,122.25
103,479,119.75
116,620,155.0
71,492,123.0
2,11,2.75
10,94,23.5
10,67,16.75
12,100,25.0
10,80,20.0
287,1635,408.75
38,619,154.75
22,150,37.5
273,1886,471.5
31,239,59.75
180,1059,264.75
47,290,72.5
199,1192,298.0
198,1177,294.25
522,3311,827.75
522,3311,827.75
324,2181,545.25
56,403,100.75
373,2201,550.25
16,85,21.25
212,1224,306.0
76,491,122.75
1,6,1.5
1,5,1.25
7,34,8.5
330,1907,476.75
331,1883,470.75
223,1300,325.0
232,1335,333.75
3,19,4.75
2,12,3.0
146,949,237.25
10,43,10.75
9,44,11.0
9,44,11.0
9,44,11.0
9,44,11.0
41,292,73.0
57,808,202.0
43,292,73.0
6,26,6.5
30,190,47.5
16,88,22.0
223,1549,387.25
1,1,0.25
220,1449,362.25
70,487,121.75
83,589,147.25
77,564,141.0
88,610,152.5
99,664,166.0
32,169,42.25
89,634,158.5
99,654,163.5
64,401,100.25
7,34,8.5
165,1031,257.75
82,631,157.75
7,32,8.0
47,261,65.25
67,401,100.25
81,474,118.5
347,2411,602.75
272,1938,484.5
267,1638,409.5
223,1772,443.0
25,139,34.75
186,1241,310.25
33,180,45.0
26,120,30.0
129,856,214.0
1,6,1.5
8,47,11.75
16,85,21.25
203,1390,347.5
48,250,62.5
50,267,66.75
54,278,69.5
80,420,105.0
75,356,89.0
89,451,112.75
87,445,111.25
148,740,185.0
153,849,212.25
347,1961,490.25
39,197,49.25
204,1041,260.25
259,1572,393.0
27,132,33.0
258,1351,337.75
1,1,0.25
39,244,61.0
35,195,48.75
23,152,38.0
113,731,182.75
197,1205,301.25
233,1412,353.0
49,328,82.0
163,1104,276.0
134,857,214.25
110,606,151.5
80,441,110.25
163,1093,273.25
201,1378,344.5
1,42,10.5
98,531,132.75
127,753,188.25
314,1851,462.75
59,302,75.5
202,1333,333.25
243,1494,373.5
287,1758,439.5
274,1558,389.5
229,1524,381.0
187,1002,250.5
100,588,147.0
17,118,29.5
204,1394,348.5
319,2141,535.25
193,1260,315.0
116,620,155.0
101,560,140.0
233,1301,325.25
20,104,26.0
6,31,7.75
266,1585,396.25
266,1585,396.25
183,1067,266.75
149,998,249.5
173,1085,271.25
314,1663,415.75
7,46,11.5
71,470,117.5
107,506,126.5
42,247,61.75
493,3354,838.5
99,635,158.75
118,699,174.75
8,40,10.0
83,548,137.0
110,694,173.5
7,32,8.0
204,1158,289.5
17,98,24.5
7,27,6.75
166,931,232.75
167,581,145.25
12,78,19.5
82,581,145.25
51,319,79.75
215,1628,407.0
49,292,73.0
137,956,239.0
174,1600,400.0
20,115,28.75
20,120,30.0
44,241,60.25
32,197,49.25
59,303,75.75
36,188,47.0
29,194,48.5
43,242,60.5
31,199,49.75
22,114,28.5
34,173,43.25
30,195,48.75
382,2350,587.5
13,75,18.75
51,369,92.25
193,1311,327.75
151,990,247.5
11,80,20.0
179,1221,305.25
16,98,24.5
195,1182,295.5
11,66,16.5
255,1392,348.0
272,1504,376.0
179,946,236.5
39,217,54.25
51,278,69.5
22,162,40.5
22,162,40.5
22,162,40.5
174,1238,309.5
51,325,81.25
126,681,170.25
206,1363,340.75
13,78,19.5
1,5,1.25
6,27,6.75
20,133,33.25
28,156,39.0
24,198,49.5
118,616,154.0
99,552,138.0
30,158,39.5
169,1077,269.25
206,1356,339.0
7,17,4.25
61,387,96.75
29,137,34.25
159,1035,258.75
142,916,229.0
36,180,45.0
203,1141,285.25
45,272,68.0
271,1815,453.75
60,303,75.75
237,1433,358.25
237,1432,358.0
231,1335,333.75
232,1378,344.5
149,998,249.5
210,1618,404.5
246,1405,351.25
133,697,174.25
129,1182,295.5
275,1893,473.25
368,2390,597.5
295,2282,570.5
163,1067,266.75
46,250,62.5
21,122,30.5
63,316,79.0
42,267,66.75
77,397,99.25
84,466,116.5
2,13,3.25
66,398,99.5
214,1323,330.75
25,117,29.25
66,267,66.75
227,1195,298.75
52,220,55.0
12,98,24.5
55,375,93.75
77,475,118.75
256,1516,379.0
165,991,247.75
226,1285,321.25
192,1384,346.0
1,1,0.25
195,1114,278.5
193,1126,281.5
7,48,12.0
151,840,210.0
95,494,123.5
13,104,26.0
87,493,123.25
69,383,95.75
332,1848,462.0
331,1855,463.75
17,97,24.25
105,592,148.0
70,415,103.75
69,391,97.75
103,702,175.5
222,1331,332.75
63,388,97.0
216,1293,323.25
239,1396,349.0
219,1741,435.25
159,1048,262.0
201,1154,288.5
42,275,68.75
39,237,59.25
272,1860,465.0
70,459,114.75
163,960,240.0
100,729,182.25
62,347,86.75
66,492,123.0
8,72,18.0
54,357,89.25
45,295,73.75
79,514,128.5
86,566,141.5
82,516,129.0
193,1252,313.0
228,1583,395.75
66,441,110.25
72,472,118.0
6,38,9.5
11,83,20.75
21,118,29.5
153,955,238.75
328,1958,489.5
221,1414,353.5
247,1541,385.25
146,1465,366.25
1,1,0.25
235,1458,364.5
128,829,207.25
80,526,131.5
54,314,78.5
110,696,174.0
1,1,0.25
191,1284,321.0
46,277,69.25
174,1212,303.0
66,370,92.5
76,443,110.75
66,414,103.5
129,766,191.5
8,53,13.25
330,2094,523.5
66,341,85.25
13,73,18.25
30,164,41.0
76,535,133.75
154,975,243.75
100,543,135.75
15,104,26.0
9,59,14.75
16,87,21.75
8,43,10.75
8,46,11.5
211,971,242.75
76,488,122.0
65,436,109.0
1,2,0.5
4,19,4.75
234,1301,325.25
81,542,135.5
72,391,97.75
238,1227,306.75
30,156,39.0
33,169,42.25
179,976,244.0
45,261,65.25
37,165,41.25
118,525,131.25
162,944,236.0
11,67,16.75
127,746,186.5
7,34,8.5
114,660,165.0
315,2070,517.5
175,1102,275.5
318,1933,483.25
54,379,94.75
340,2542,635.5
148,999,249.75
5,25,6.25
11,54,13.5
273,1581,395.25
212,1131,282.75
18,104,26.0
211,1336,334.0
11,52,13.0
21,134,33.5
33,171,42.75
19,94,23.5
30,153,38.25
25,131,32.75
19,100,25.0
8,55,13.75
94,701,175.25
76,620,155.0
399,2285,571.25
129,1155,288.75
148,791,197.75
329,2433,608.25
260,1834,458.5
19,107,26.75
156,945,236.25
185,1015,253.75
122,1149,287.25
114,695,173.75
151,1112,278.0
79,395,98.75
144,714,178.5
182,906,226.5
143,731,182.75
120,628,157.0
111,579,144.75
102,501,125.25
60,367,91.75
99,461,115.25
103,481,120.25
84,443,110.75
67,359,89.75
7,42,10.5
133,862,215.5
328,1912,478.0
97,599,149.75
256,1558,389.5
283,1799,449.75
48,273,68.25
33,215,53.75
17,84,21.0
193,1046,261.5
144,959,239.75
53,292,73.0
250,1538,384.5
48,305,76.25
118,844,211.0
181,1080,270.0
238,1272,318.0
137,1087,271.75
43,278,69.5
157,828,207.0
119,614,153.5
104,600,150.0
138,753,188.25
116,601,150.25
160,895,223.75
38,215,53.75
162,1147,286.75
12,87,21.75
100,793,198.25
59,404,101.0
50,340,85.0
66,443,110.75
39,287,71.75
56,387,96.75
60,424,106.0
79,553,138.25
128,782,195.5
160,954,238.5
13,75,18.75
70,634,158.5
63,531,132.75
70,634,158.5
15,107,26.75
312,2019,504.75
224,1352,338.0
74,350,87.5
34,184,46.0
338,2284,571.0
7,32,8.0
88,590,147.5
185,1107,276.75
165,966,241.5
373,2203,550.75
248,1585,396.25
15,99,24.75
214,1194,298.5
30,152,38.0
346,2178,544.5
39,251,62.75
218,1391,347.75
176,1214,303.5
298,1722,430.5
17,105,26.25
66,380,95.0
82,467,116.75
98,553,138.25
106,630,157.5
216,1295,323.75
281,1654,413.5
43,305,76.25
20,137,34.25
1,3,0.75
8,39,9.75
15,69,17.25
33,183,45.75
45,239,59.75
14,73,18.25
49,283,70.75
100,631,157.75
12,76,19.0
8,48,12.0
136,913,228.25
231,1448,362.0
48,302,75.5
33,166,41.5
73,394,98.5
66,366,91.5
59,321,80.25
59,326,81.5
41,248,62.0
438,2707,676.75
364,2144,536.0
20,167,41.75
16,77,19.25
46,257,64.25
260,1413,353.25
222,1602,400.5
323,1841,460.25
264,1675,418.75
56,340,85.0
179,927,231.75
54,295,73.75
48,294,73.5
55,339,84.75
101,617,154.25
400,2083,520.75
189,1345,336.25
185,1249,312.25
7,34,8.5
108,679,169.75
28,168,42.0
129,784,196.0
13,78,19.5
90,587,146.75
93,502,125.5
49,303,75.75
71,436,109.0
52,304,76.0
1,9,2.25
1,8,2.0
1,8,2.0
1,9,2.25
15,87,21.75
27,185,46.25
61,360,90.0
24,129,32.25
27,157,39.25
17,92,23.0
27,159,39.75
67,384,96.0
174,1018,254.5
18,95,23.75
221,1216,304.0
193,1062,265.5
47,275,68.75
198,1207,301.75
178,1035,258.75
154,943,235.75
153,901,225.25
188,1464,366.0
213,1672,418.0
2,13,3.25
1,4,1.0
1,4,1.0
1,4,1.0
1,5,1.25
23,169,42.25
43,312,78.0
22,147,36.75
6,34,8.5
36,217,54.25
3,14,3.5
94,512,128.0
243,1334,333.5
254,1425,356.25
12,74,18.5
164,975,243.75
120,687,171.75
108,623,155.75
77,794,198.5
7,32,8.0
27,136,34.0
60,345,86.25
5,25,6.25
49,332,83.0
41,252,63.0
34,193,48.25
46,272,68.0
56,355,88.75
13,100,25.0
12,80,20.0
14,98,24.5
41,228,57.0
16,78,19.5
93,525,131.25
60,404,101.0
51,310,77.5
39,192,48.0
37,240,60.0
36,254,63.5
35,248,62.0
141,900,225.0
123,765,191.25
4,18,4.5
66,437,109.25
279,1696,424.0
57,294,73.5
213,1177,294.25
92,585,146.25
268,1823,455.75
2,16,4.0
410,2488,622.0
153,1140,285.0
10,54,13.5
296,1792,448.0
164,978,244.5
174,923,230.75
211,1138,284.5
85,466,116.5
219,1419,354.75
7,32,8.0
65,361,90.25
40,218,54.5
59,327,81.75
69,409,102.25
20,108,27.0
84,486,121.5
73,452,113.0
98,565,141.25
92,551,137.75
72,395,98.75
208,1516,379.0
247,1723,430.75
86,514,128.5
282,1810,452.5
163,1753,438.25
245,1535,383.75
8,50,12.5
350,2183,545.75
320,1898,474.5
146,827,206.75
191,1363,340.75
2,38,9.5
39,203,50.75
147,834,208.5
78,459,114.75
199,1013,253.25
26,145,36.25
42,199,49.75
97,367,91.75
17,80,20.0
62,346,86.5
95,533,133.25
74,451,112.75
208,1275,318.75
231,1347,336.75
272,1692,423.0
7,34,8.5
50,299,74.75
253,1608,402.0
174,1077,269.25
304,1900,475.0
155,908,227.0
114,666,166.5
108,694,173.5
25,156,39.0
339,2508,627.0
238,1464,366.0
190,1184,296.0
289,1537,384.25
13,65,16.25
34,215,53.75
7,32,8.0
99,642,160.5
28,177,44.25
75,460,115.0
145,880,220.0
196,1149,287.25
343,2408,602.0
14,81,20.25
33,178,44.5
91,495,123.75
161,1354,338.5
67,512,128.0
152,1298,324.5
154,1300,325.0
116,637,159.25
240,1329,332.25
108,528,132.0
15,74,18.5
30,178,44.5
37,195,48.75
50,300,75.0
7,34,8.5
48,232,58.0
167,1013,253.25
94,514,128.5
273,1793,448.25
215,1224,306.0
110,848,212.0
83,470,117.5
64,360,90.0
225,1361,340.25
286,1750,437.5
61,310,77.5
231,1427,356.75
1,5,1.25
1,8,2.0
1,11,2.75
21,123,30.75
42,244,61.0
14,70,17.5
56,282,70.5
125,633,158.25
86,517,129.25
127,732,183.0
61,325,81.25
16,78,19.5
20,95,23.75
24,125,31.25
29,148,37.0
29,151,37.75
29,150,37.5
8,48,12.0
211,1242,310.5
40,232,58.0
19,99,24.75
1,6,1.5
17,97,24.25
5,28,7.0
100,556,139.0
225,1015,253.75
50,259,64.75
4,22,5.5
246,1597,399.25
91,503,125.75
78,456,114.0
245,1434,358.5
231,1378,344.5
80,474,118.5
79,575,143.75
1,7,1.75
201,1195,298.75
93,518,129.5
125,778,194.5
124,758,189.5
105,620,155.0
153,948,237.0
198,1182,295.5
208,1224,306.0
68,396,99.0
1,14,3.5
34,212,53.0
259,1422,355.5
44,219,54.75
245,1654,413.5
157,999,249.75
229,1622,405.5
82,466,116.5
4,24,6.0
9,293,73.25
2,9,2.25
87,444,111.0
16,92,23.0
5,39,9.75
209,1306,326.5
35,205,51.25
398,2268,567.0
166,962,240.5
202,1165,291.25
208,1205,301.25
3,14,3.5
158,1119,279.75
22,135,33.75
56,287,71.75
81,470,117.5
8,38,9.5
6,25,6.25
2,9,2.25
2,12,3.0
2,12,3.0
2,9,2.25
14,74,18.5
6,24,6.0
2,8,2.0
2,10,2.5
2,10,2.5
2,10,2.5
20,100,25.0
16,83,20.75
2,10,2.5
20,100,25.0
183,1082,270.5
45,275,68.75
62,367,91.75
73,445,111.25
77,429,107.25
32,160,40.0
12,58,14.5
55,291,72.75
39,219,54.75
304,2284,571.0
117,744,186.0
127,733,183.25
118,775,193.75
153,982,245.5
52,284,71.0
113,603,150.75
50,309,77.25
248,1544,386.0
320,2033,508.25
20,118,29.5
237,1505,376.25
74,436,109.0
259,1786,446.5
165,1067,266.75
30,139,34.75
30,145,36.25
25,183,45.75
236,1442,360.5
1,1,0.25
65,373,93.25
111,672,168.0
128,842,210.5
153,935,233.75
278,1653,413.25
347,2062,515.5
161,1421,355.25
184,1186,296.5
64,344,86.0
119,641,160.25
299,2001,500.25
215,1496,374.0
109,859,214.75
190,1603,400.75
35,178,44.5
33,162,40.5
239,1524,381.0
175,1191,297.75
70,429,107.25
85,496,124.0
4,23,5.75
47,297,74.25
22,136,34.0
353,2019,504.75
334,1925,481.25
334,1925,481.25
30,182,45.5
166,1328,332.0
228,2041,510.25
229,2047,511.75
228,2030,507.5
259,1819,454.75
241,1749,437.25
1,6,1.5
364,2009,502.25
663,3570,892.5
642,3443,860.75
132,813,203.25
8,49,12.25
77,480,120.0
23,213,53.25
40,245,61.25
9,59,14.75
111,632,158.0
129,803,200.75
248,1422,355.5
240,1416,354.0
191,1158,289.5
190,1123,280.75
273,1527,381.75
89,501,125.25
275,1583,395.75
26,195,48.75
18,102,25.5
22,119,29.75
12,75,18.75
127,913,228.25
256,1779,444.75
15,81,20.25
1,15,3.75
228,1374,343.5
13,70,17.5
164,967,241.75
141,978,244.5
23,105,26.25
56,326,81.5
244,1602,400.5
10,48,12.0
11,61,15.25
21,108,27.0
14,70,17.5
206,1168,292.0
330,2036,509.0
245,1437,359.25
150,957,239.25
74,458,114.5
43,289,72.25
77,402,100.5
25,133,33.25
164,1168,292.0
4,18,4.5
195,1195,298.75
106,667,166.75
6,24,6.0
103,711,177.75
19,109,27.25
1,2,0.5
262,1655,413.75
195,1206,301.5
1,9,2.25
1,6,1.5
1,7,1.75
1,11,2.75
1,9,2.25
1,11,2.75
1,8,2.0
420,2584,646.0
137,902,225.5
14,118,29.5
308,1893,473.25
218,1397,349.25
1,1,0.25
22,133,33.25
138,777,194.25
11,67,16.75
24,146,36.5
6,30,7.5
169,995,248.75
167,954,238.5
14,58,14.5
9,35,8.75
312,3038,759.5
203,1493,373.25
203,1493,373.25
245,1581,395.25
1,1,0.25
1,3,0.75
12,84,21.0
70,462,115.5
87,487,121.75
78,487,121.75
121,742,185.5
74,395,98.75
61,339,84.75
86,489,122.25
65,357,89.25
65,357,89.25
418,2160,540.0
7,34,8.5
582,2940,735.0
273,2597,649.25
248,1510,377.5
6,34,8.5
26,172,43.0
15,59,14.75
56,346,86.5
47,234,58.5
190,1446,361.5
298,1807,451.75
227,1372,343.0
45,263,65.75
293,1650,412.5
7,43,10.75
80,468,117.0
133,652,163.0
358,2452,613.0
174,1274,318.5
14,94,23.5
10,66,16.5
7,49,12.25
141,821,205.25
23,179,44.75
13,71,17.75
9,59,14.75
94,748,187.0
151,1025,256.25
90,623,155.75
1,233,58.25
376,2128,532.0
271,2029,507.25
371,2113,528.25
15,400,100.0
229,1336,334.0
85,512,128.0
189,1183,295.75
249,1464,366.0
98,647,161.75
115,800,200.0
227,1377,344.25
355,2630,657.5
67,400,100.0
26,146,36.5
255,1610,402.5
261,1516,379.0
110,751,187.75
159,979,244.75
157,1002,250.5
169,1071,267.75
157,1004,251.0
175,1071,267.75
204,1186,296.5
64,338,84.5
12,60,15.0
102,720,180.0
60,329,82.25
168,1036,259.0
121,850,212.5
163,1091,272.75
285,2017,504.25
18,100,25.0
20,106,26.5
24,124,31.0
23,110,27.5
28,148,37.0
32,144,36.0
32,165,41.25
44,252,63.0
39,186,46.5
45,240,60.0
63,348,87.0
39,198,49.5
56,295,73.75
43,242,60.5
7,34,8.5
52,256,64.0
33,204,51.0
317,1789,447.25
352,2157,539.25
254,1563,390.75
253,1576,394.0
177,1053,263.25
246,1387,346.75
95,576,144.0
117,698,174.5
10,73,18.25
9,62,15.5
175,1039,259.75
32,181,45.25
36,216,54.0
44,278,69.5
33,232,58.0
2,51,12.75
194,1110,277.5
194,1271,317.75
316,1684,421.0
27,190,47.5
180,1064,266.0
183,977,244.25
314,2111,527.75
1,8,2.0
324,1878,469.5
190,1224,306.0
322,1889,472.25
18,81,20.25
164,760,190.0
85,411,102.75
9,48,12.0
9,48,12.0
9,48,12.0
12,69,17.25
9,48,12.0
9,48,12.0
147,1234,308.5
193,1406,351.5
211,1522,380.5
73,563,140.75
121,898,224.5
97,733,183.25
111,851,212.75
105,597,149.25
129,749,187.25
166,1536,384.0
165,1751,437.75
184,1062,265.5
177,1051,262.75
227,1334,333.5
212,1292,323.0
153,1197,299.25
158,1193,298.25
218,1338,334.5
64,413,103.25
100,594,148.5
80,510,127.5
52,312,78.0
227,1451,362.75
92,556,139.0
106,646,161.5
124,759,189.75
148,908,227.0
234,1454,363.5
23,125,31.25
120,760,190.0
69,390,97.5
90,497,124.25
13,66,16.5
48,274,68.5
278,1648,412.0
32,169,42.25
303,1604,401.0
16,98,24.5
70,414,103.5
2,12,3.0
78,457,114.25
54,320,80.0
84,461,115.25
121,765,191.25
1,3,0.75
35,281,70.25
35,197,49.25
149,966,241.5
137,868,217.0
62,383,95.75
209,1420,355.0
97,633,158.25
1,1,0.25
56,343,85.75
355,2000,500.0
350,2027,506.75
173,1196,299.0
152,1018,254.5
183,1304,326.0
230,1552,388.0
90,469,117.25
144,859,214.75
157,943,235.75
200,1123,280.75
241,1361,340.25
204,1215,303.75
323,1878,469.5
217,1316,329.0
224,1348,337.0
1,9,2.25
1,2,0.5
121,603,150.75
291,1967,491.75
213,1535,383.75
49,304,76.0
160,982,245.5
1,6,1.5
148,1099,274.75
1,1,0.25
91,515,128.75
226,1376,344.0
216,1282,320.5
13,89,22.25
125,786,196.5
132,795,198.75
193,1177,294.25
20,114,28.5
19,96,24.0
239,1870,467.5
1,1,0.25
1,1,0.25
1,4,1.0
23,134,33.5
23,134,33.5
54,332,83.0
34,212,53.0
203,1303,325.75
593,3805,951.25
142,818,204.5
1,1,0.25
234,1530,382.5
44,270,67.5
211,1218,304.5
285,1618,404.5
324,1751,437.75
227,1318,329.5
213,1208,302.0
270,1447,361.75
236,1375,343.75
191,1114,278.5
391,2188,547.0
511,2938,734.5
389,2195,548.75
468,2656,664.0
315,1754,438.5
519,3058,764.5
675,3875,968.75
746,4186,1046.5
718,4168,1042.0
754,4311,1077.75
364,2116,529.0
638,3634,908.5
732,4285,1071.25
247,1647,411.75
39,283,70.75
1,9,2.25
5,12,3.0
13,60,15.0
36,191,47.75
186,1108,277.0
110,617,154.25
140,820,205.0
162,972,243.0
98,632,158.0
157,967,241.75
108,655,163.75
115,709,177.25
215,1223,305.75
285,1613,403.25
109,642,160.5
6,23,5.75
186,1035,258.75
197,1185,296.25
40,198,49.5
10,61,15.25
1,6,1.5
30,229,57.25
38,219,54.75
136,785,196.25
280,1789,447.25
198,1355,338.75
44,224,56.0
118,749,187.25
53,280,70.0
40,251,62.75
41,253,63.25
158,1097,274.25
279,1815,453.75
344,2304,576.0
332,2160,540.0
80,510,127.5
49,282,70.5
306,1896,474.0
287,1857,464.25
291,1851,462.75
112,541,135.25
147,780,195.0
12,72,18.0
4,17,4.25
25,120,30.0
193,1249,312.25
398,2757,689.25
112,476,119.0
20,311,77.75
61,375,93.75
298,1691,422.75
309,2101,525.25
281,1780,445.0
276,1765,441.25
224,1491,372.75
202,1472,368.0
346,2449,612.25
249,1780,445.0
299,2065,516.25
8,445,111.25
5,204,51.0
354,2441,610.25
211,1482,370.5
368,2557,639.25
205,1414,353.5
212,1274,318.5
53,352,88.0
395,2306,576.5
43,232,58.0
43,232,58.0
109,777,194.25
163,1161,290.25
188,1324,331.0
152,939,234.75
145,955,238.75
50,283,70.75
158,1026,256.5
156,981,245.25
19,115,28.75
39,225,56.25
259,1849,462.25
183,1072,268.0
234,1416,354.0
434,2403,600.75
105,614,153.5
30,206,51.5
16,106,26.5
12,89,22.25
39,223,55.75
40,278,69.5
141,861,215.25
158,1043,260.75
7,34,8.5
16,88,22.0
152,869,217.25
138,865,216.25
120,782,195.5
181,1186,296.5
182,1152,288.0
158,1048,262.0
108,598,149.5
65,404,101.0
358,1970,492.5
273,1496,374.0
190,1199,299.75
33,179,44.75
232,1532,383.0
332,2204,551.0
7,36,9.0
1,1,0.25
7,47,11.75
166,922,230.5
60,319,79.75
106,641,160.25
66,343,85.75
6,26,6.5
7,26,6.5
7,26,6.5
7,26,6.5
7,26,6.5
38,198,49.5
51,332,83.0
150,894,223.5
184,1085,271.25
136,834,208.5
117,680,170.0
19,130,32.5
24,166,41.5
9,56,14.0
216,1299,324.75
101,420,105.0
92,542,135.5
164,960,240.0
168,1064,266.0
247,1425,356.25
158,872,218.0
70,506,126.5
28,157,39.25
109,678,169.5
198,1183,295.75
37,202,50.5
74,471,117.75
27,149,37.25
58,332,83.0
65,392,98.0
186,1152,288.0
303,1926,481.5
265,1644,411.0
316,1886,471.5
225,1490,372.5
318,1887,471.75
15,89,22.25
68,371,92.75
167,991,247.75
84,487,121.75
204,1185,296.25
221,1266,316.5
209,1212,303.0
224,1236,309.0
18,92,23.0
62,395,98.75
3,21,5.25
1,1,0.25
58,317,79.25
171,1554,388.5
9,58,14.5
35,210,52.5
143,918,229.5
155,878,219.5
121,943,235.75
273,1666,416.5
89,528,132.0
23,118,29.5
9,46,11.5
125,813,203.25
153,1090,272.5
62,456,114.0
74,504,126.0
7,44,11.0
72,475,118.75
95,630,157.5
94,628,157.0
85,555,138.75
79,506,126.5
88,572,143.0
42,256,64.0
76,507,126.75
14,91,22.75
238,1335,333.75
1,3,0.75
215,1330,332.5
177,1131,282.75
230,1368,342.0
131,807,201.75
180,987,246.75
251,1511,377.75
306,1717,429.25
289,1828,457.0
7,34,8.5
21,122,30.5
54,330,82.5
51,292,73.0
6,32,8.0
6,36,9.0
4,19,4.75
169,1118,279.5
165,1000,250.0
104,660,165.0
157,942,235.5
55,294,73.5
89,539,134.75
9,39,9.75
8,56,14.0
15,77,19.25
54,300,75.0
263,1766,441.5
128,762,190.5
7,32,8.0
103,573,143.25
161,887,221.75
85,578,144.5
61,381,95.25
63,308,77.0
36,187,46.75
83,499,124.75
66,455,113.75
94,609,152.25
51,311,77.75
97,575,143.75
44,309,77.25
224,1589,397.25
45,257,64.25
21,155,38.75
5,34,8.5
151,941,235.25
112,709,177.25
16,81,20.25
13,90,22.5
37,198,49.5
30,173,43.25
31,181,45.25
3,26,6.5
198,1204,301.0
161,1069,267.25
20,132,33.0
1,2,0.5
152,1028,257.0
14,79,19.75
16,173,43.25
141,988,247.0
65,422,105.5
194,1144,286.0
255,1503,375.75
5,32,8.0
13,62,15.5
238,1364,341.0
238,1364,341.0
22,141,35.25
40,278,69.5
34,260,65.0
46,340,85.0
39,301,75.25
38,275,68.75
53,343,85.75
52,313,78.25
82,546,136.5
63,385,96.25
8,38,9.5
215,1329,332.25
95,611,152.75
96,543,135.75
1,25,6.25
14,93,23.25
6,45,11.25
169,898,224.5
131,719,179.75
7,40,10.0
237,1445,361.25
24,175,43.75
244,1600,400.0
44,226,56.5
29,164,41.0
23,122,30.5
31,174,43.5
46,259,64.75
47,266,66.5
15,72,18.0
103,561,140.25
257,1454,363.5
180,1048,262.0
124,691,172.75
108,595,148.75
139,741,185.25
126,715,178.75
24,158,39.5
54,233,58.25
315,1685,421.25
79,493,123.25
57,366,91.5
61,364,91.0
277,1783,445.75
125,838,209.5
192,1109,277.25
31,160,40.0
241,1541,385.25
241,1467,366.75
229,1210,302.5
14,44,11.0
104,710,177.5
131,868,217.0
243,1815,453.75
183,1088,272.0
199,1347,336.75
100,627,156.75
113,692,173.0
82,525,131.25
209,1097,274.25
250,1414,353.5
88,464,116.0
51,360,90.0
186,1247,311.75
25,139,34.75
9,52,13.0
71,413,103.25
195,1199,299.75
206,1316,329.0
228,1462,365.5
145,884,221.0
223,1395,348.75
64,367,91.75
12,56,14.0
5,23,5.75
75,444,111.0
17,91,22.75
85,517,129.25
266,1808,452.0
16,73,18.25
40,237,59.25
136,788,197.0
10,49,12.25
4,30,7.5
78,464,116.0
63,347,86.75
74,391,97.75
99,501,125.25
145,837,209.25
169,998,249.5
162,910,227.5
197,1344,336.0
1,1,0.25
7,29,7.25
1,107,26.75
151,967,241.75
155,968,242.0
231,1680,420.0
39,201,50.25
188,1102,275.5
110,711,177.75
32,176,44.0
118,700,175.0
254,1624,406.0
77,427,106.75
26,143,35.75
201,1054,263.5
204,1108,277.0
98,517,129.25
30,171,42.75
1,1,0.25
22,125,31.25
179,876,219.0
18,128,32.0
1,14,3.5
138,986,246.5
75,458,114.5
188,1236,309.0
132,844,211.0
78,433,108.25
120,743,185.75
154,944,236.0
179,1110,277.5
126,765,191.25
79,488,122.0
313,2045,511.25
305,1818,454.5
261,1517,379.25
243,1706,426.5
257,1626,406.5
122,739,184.75
5,25,6.25
414,2446,611.5
14,78,19.5
248,1520,380.0
55,335,83.75
124,717,179.25
143,965,241.25
207,1363,340.75
87,637,159.25
50,304,76.0
166,995,248.75
32,240,60.0
1,2,0.5
2,331,82.75
2,6,1.5
2,7,1.75
157,1051,262.75
15,83,20.75
12,80,20.0
16,102,25.5
31,154,38.5
165,1052,263.0
156,842,210.5
58,315,78.75
56,298,74.5
48,258,64.5
64,382,95.5
61,339,84.75
60,361,90.25
77,469,117.25
79,494,123.5
85,502,125.5
84,479,119.75
8,40,10.0
131,735,183.75
75,380,95.0
63,334,83.5
42,232,58.0
32,187,46.75
37,193,48.25
63,362,90.5
172,936,234.0
38,209,52.25
115,671,167.75
84,563,140.75
155,937,234.25
219,1296,324.0
119,784,196.0
251,1557,389.25
53,295,73.75
119,702,175.5
168,909,227.25
145,1209,302.25
140,1535,383.75
117,736,184.0
118,769,192.25
185,1110,277.5
199,1225,306.25
137,852,213.0
284,1610,402.5
102,595,148.75
108,628,157.0
118,714,178.5
326,1826,456.5
27,173,43.25
42,279,69.75
45,306,76.5
178,1399,349.75
193,1414,353.5
45,304,76.0
121,953,238.25
82,541,135.25
91,610,152.5
36,204,51.0
147,834,208.5
7,32,8.0
37,217,54.25
38,238,59.5
18,93,23.25
14,140,35.0
7,34,8.5
92,473,118.25
16,67,16.75
24,136,34.0
22,125,31.25
26,128,32.0
16,73,18.25
20,95,23.75
12,79,19.75
19,107,26.75
36,238,59.5
20,136,34.0
19,142,35.5
10,62,15.5
38,254,63.5
69,459,114.75
148,965,241.25
215,1442,360.5
156,1009,252.25
88,498,124.5
14,127,31.75
40,250,62.5
26,170,42.5
16,99,24.75
108,642,160.5
47,289,72.25
171,954,238.5
75,409,102.25
80,493,123.25
233,1418,354.5
6,49,12.25
4,39,9.75
385,2089,522.25
97,579,144.75
1,2,0.5
22,308,77.0
267,1780,445.0
211,1198,299.5
139,746,186.5
206,1325,331.25
251,1588,397.0
237,1364,341.0
245,1418,354.5
201,1411,352.75
12,68,17.0
211,1241,310.25
185,1055,263.75
160,947,236.75
188,1100,275.0
174,1004,251.0
203,1159,289.75
111,667,166.75
1,48,12.0
59,399,99.75
81,393,98.25
41,259,64.75
45,243,60.75
41,226,56.5
39,238,59.5
6,35,8.75
5,36,9.0
40,247,61.75
61,384,96.0
96,555,138.75
60,438,109.5
136,990,247.5
146,1237,309.25
308,1864,466.0
49,333,83.25
47,321,80.25
146,813,203.25
141,827,206.75
141,781,195.25
147,822,205.5
147,811,202.75
121,723,180.75
148,915,228.75
170,1019,254.75
246,1643,410.75
193,1194,298.5
279,1959,489.75
256,1704,426.0
143,768,192.0
63,315,78.75
181,1275,318.75
340,1827,456.75
182,1184,296.0
325,1722,430.5
163,966,241.5
90,500,125.0
3,7,1.75
33,187,46.75
299,1556,389.0
35,179,44.75
203,1120,280.0
19,96,24.0
291,1892,473.0
2,40,10.0
2,27,6.75
168,1010,252.5
219,1442,360.5
255,1593,398.25
274,1801,450.25
189,1214,303.5
163,915,228.75
263,1836,459.0
121,759,189.75
38,215,53.75
56,350,87.5
82,489,122.25
36,170,42.5
6,27,6.75
128,800,200.0
32,195,48.75
43,283,70.75
33,310,77.5
389,2089,522.25
280,1533,383.25
118,685,171.25
298,1937,484.25
211,1365,341.25
452,3058,764.5
24,147,36.75
221,1166,291.5
206,1435,358.75
61,360,90.0
51,298,74.5
71,516,129.0
28,191,47.75
243,1343,335.75
258,1353,338.25
177,1070,267.5
189,1055,263.75
187,1053,263.25
149,865,216.25
14,74,18.5
1,1,0.25
7,28,7.0
10,83,20.75
6,51,12.75
270,1773,443.25
69,424,106.0
198,1197,299.25
1,56,14.0
1,56,14.0
1,56,14.0
15,103,25.75
15,103,25.75
66,398,99.5
13,67,16.75
211,1151,287.75
5,25,6.25
126,792,198.0
5,25,6.25
24,127,31.75
22,127,31.75
48,274,68.5
21,125,31.25
236,1292,323.0
21,134,33.5
71,432,108.0
36,226,56.5
111,728,182.0
69,476,119.0
158,1078,269.5
142,909,227.25
50,303,75.75
248,1557,389.25
16,102,25.5
32,182,45.5
69,630,157.5
69,630,157.5
168,968,242.0
20,101,25.25
20,103,25.75
14,95,23.75
16,107,26.75
207,1428,357.0
164,1038,259.5
165,1047,261.75
224,1482,370.5
283,1676,419.0
227,1378,344.5
58,380,95.0
208,1588,397.0
76,516,129.0
85,619,154.75
128,906,226.5
81,592,148.0
229,1692,423.0
187,1374,343.5
229,1617,404.25
45,311,77.75
221,1309,327.25
216,1286,321.5
211,1292,323.0
176,1076,269.0
168,1223,305.75
89,609,152.25
71,452,113.0
76,445,111.25
86,545,136.25
70,454,113.5
45,276,69.0
59,288,72.0
76,400,100.0
124,890,222.5
122,694,173.5
78,454,113.5
85,489,122.25
70,425,106.25
35,173,43.25
105,553,138.25
107,566,141.5
116,605,151.25
152,802,200.5
81,419,104.75
252,1762,440.5
177,1059,264.75
151,933,233.25
16,91,22.75
268,1830,457.5
146,979,244.75
164,1147,286.75
338,2310,577.5
75,426,106.5
61,325,81.25
39,417,104.25
1,6,1.5
1,6,1.5
59,353,88.25
93,648,162.0
97,630,157.5
93,595,148.75
77,543,135.75
49,359,89.75
126,1012,253.0
33,221,55.25
49,286,71.5
2,13,3.25
113,674,168.5
104,533,133.25
16,103,25.75
39,238,59.5
245,2359,589.75
247,1604,401.0
50,312,78.0
1,1,0.25
274,1611,402.75
35,199,49.75
17,109,27.25
90,692,173.0
30,178,44.5
136,940,235.0
162,1062,265.5
225,1273,318.25
119,543,135.75
72,410,102.5
95,541,135.25
214,1198,299.5
1,1,0.25
72,524,131.0
286,1866,466.5
130,804,201.0
154,992,248.0
156,983,245.75
73,467,116.75
386,2111,527.75
288,2057,514.25
505,3393,848.25
255,1706,426.5
155,1021,255.25
169,1153,288.25
173,1098,274.5
104,685,171.25
258,1382,345.5
265,1426,356.5
70,444,111.0
187,1084,271.0
65,409,102.25
89,545,136.25
35,223,55.75
83,535,133.75
182,1034,258.5
228,1281,320.25
136,913,228.25
221,1311,327.75
15,99,24.75
244,911,227.75
74,373,93.25
175,770,192.5
30,119,29.75
213,1054,263.5
314,1843,460.75
127,731,182.75
232,1349,337.25
229,1434,358.5
218,1365,341.25
31,147,36.75
11,88,22.0
58,338,84.5
117,847,211.75
166,1041,260.25
7,32,8.0
13,61,15.25
13,87,21.75
1,80,20.0
276,1699,424.75
81,480,120.0
79,464,116.0
89,521,130.25
295,1827,456.75
7,34,8.5
42,375,93.75
36,202,50.5
11,61,15.25
48,324,81.0
372,2508,627.0
19,58,14.5
332,2234,558.5
158,835,208.75
171,974,243.5
164,948,237.0
258,1434,358.5
288,1494,373.5
76,396,99.0
223,1322,330.5
259,1883,470.75
195,1339,334.75
12,75,18.75
13,89,22.25
16,73,18.25
7,32,8.0
15,85,21.25
220,1435,358.75
35,258,64.5
35,215,53.75
11,57,14.25
55,344,86.0
38,237,59.25
105,448,112.0
124,630,157.5
267,1528,382.0
339,1928,482.0
301,1671,417.75
20,127,31.75
140,732,183.0
36,199,49.75
47,248,62.0
150,847,211.75
200,1234,308.5
67,570,142.5
86,503,125.75
352,2202,550.5
232,1478,369.5
211,1500,375.0
89,547,136.75
166,987,246.75
292,1862,465.5
324,2724,681.0
214,1328,332.0
19,100,25.0
43,241,60.25
6,26,6.5
157,951,237.75
42,235,58.75
102,614,153.5
17,102,25.5
55,365,91.25
439,3225,806.25
6,34,8.5
64,445,111.25
56,409,102.25
98,618,154.5
165,1180,295.0
72,520,130.0
52,343,85.75
134,821,205.25
251,1594,398.5
171,953,238.25
239,1468,367.0
76,418,104.5
38,278,69.5
18,101,25.25
147,781,195.25
260,1759,439.75
169,1147,286.75
181,1295,323.75
44,261,65.25
122,479,119.75
200,1454,363.5
197,1269,317.25
163,1122,280.5
7,34,8.5
9,49,12.25
24,128,32.0
55,308,77.0
176,1055,263.75
9,44,11.0
15,85,21.25
109,645,161.25
114,662,165.5
12,66,16.5
2,138,34.5
83,525,131.25
355,2023,505.75
115,622,155.5
309,1670,417.5
304,1684,421.0
54,264,66.0
127,693,173.25
380,2042,510.5
10,54,13.5
7,32,8.0
1,10,2.5
87,510,127.5
320,1772,443.0
195,1119,279.75
186,1103,275.75
184,1033,258.25
89,532,133.0
229,1379,344.75
274,1311,327.75
22,113,28.25
190,1196,299.0
163,997,249.25
154,972,243.0
14,85,21.25
12,75,18.75
108,719,179.75
64,454,113.5
1,1,0.25
1,3,0.75
1,7,1.75
1,7,1.75
1,7,1.75
1,7,1.75
33,185,46.25
25,159,39.75
150,1012,253.0
49,264,66.0
35,246,61.5
83,450,112.5
27,165,41.25
14,74,18.5
113,718,179.5
18,90,22.5
10,52,13.0
125,734,183.5
91,605,151.25
105,700,175.0
15,90,22.5
69,433,108.25
29,142,35.5
166,1087,271.75
114,787,196.75
186,927,231.75
199,1160,290.0
11,56,14.0
310,1949,487.25
1,19,4.75
53,290,72.5
68,600,150.0
75,456,114.0
83,512,128.0
300,2046,511.5
348,2072,518.0
294,1827,456.75
359,2225,556.25
103,595,148.75
43,273,68.25
338,1061,265.25
21,120,30.0
267,1671,417.75
164,960,240.0
164,960,240.0
7,30,7.5
273,1838,459.5
26,155,38.75
1,15,3.75
114,569,142.25
217,1185,296.25
226,1213,303.25
179,1034,258.5
187,1208,302.0
157,948,237.0
53,246,61.5
220,1230,307.5
215,1183,295.75
67,386,96.5
500,3264,816.0
233,1436,359.0
447,2869,717.25
46,232,58.0
31,175,43.75
50,290,72.5
7,45,11.25
40,262,65.5
528,3557,889.25
114,671,167.75
18,76,19.0
29,172,43.0
7,34,8.5
33,204,51.0
56,344,86.0
164,1125,281.25
23,127,31.75
284,2464,616.0
232,1354,338.5
139,787,196.75
7,34,8.5
159,813,203.25
15,92,23.0
87,335,83.75
23,111,27.75
188,1087,271.75
1,4,1.0
9,62,15.5
79,491,122.75
21,212,53.0
147,876,219.0
5,28,7.0
23,145,36.25
116,700,175.0
140,835,208.75
91,492,123.0
95,592,148.0
228,1290,322.5
128,616,154.0
61,321,80.25
93,520,130.0
172,1067,266.75
213,1235,308.75
186,1104,276.0
289,2001,500.25
72,500,125.0
82,588,147.0
120,922,230.5
167,1270,317.5
86,638,159.5
80,643,160.75
124,1000,250.0
136,1137,284.25
87,681,170.25
187,1086,271.5
1,6,1.5
3,16,4.0
3,16,4.0
6,23,5.75
6,33,8.25
157,1680,420.0
168,917,229.25
183,1023,255.75
39,205,51.25
6,27,6.75
7,35,8.75
39,194,48.5
5,32,8.0
17,88,22.0
304,2002,500.5
459,3214,803.5
329,2190,547.5
46,271,67.75
57,335,83.75
143,865,216.25
43,256,64.0
83,479,119.75
76,446,111.5
91,528,132.0
1,4,1.0
6,26,6.5
7,36,9.0
7,36,9.0
20,87,21.75
93,563,140.75
7,34,8.5
196,1143,285.75
188,1076,269.0
14,83,20.75
229,1317,329.25
103,642,160.5
259,1449,362.25
190,1119,279.75
330,1923,480.75
194,1084,271.0
289,1811,452.75
299,1963,490.75
357,2206,551.5
91,686,171.5
392,2143,535.75
4,38,9.5
196,1105,276.25
28,145,36.25
139,943,235.75
246,1686,421.5
241,1774,443.5
34,170,42.5
346,2194,548.5
11,77,19.25
42,243,60.75
29,179,44.75
64,396,99.0
61,342,85.5
158,935,233.75
33,163,40.75
385,2152,538.0
168,1363,340.75
73,928,232.0
78,470,117.5
89,561,140.25
86,578,144.5
149,1009,252.25
190,1155,288.75
178,1105,276.25
209,1328,332.0
7,34,8.5
5,23,5.75
8,25,6.25
16,90,22.5
13,67,16.75
340,1874,468.5
218,1194,298.5
34,199,49.75
29,199,49.75
358,2281,570.25
7,29,7.25
232,1567,391.75
56,423,105.75
39,234,58.5
82,494,123.5
88,598,149.5
77,490,122.5
1,1,0.25
19,116,29.0
211,1284,321.0
39,229,57.25
223,1229,307.25
238,1361,340.25
247,1710,427.5
3,20,5.0
67,379,94.75
73,430,107.5
127,816,204.0
39,222,55.5
34,212,53.0
242,1407,351.75
121,688,172.0
399,2596,649.0
382,2430,607.5
416,2629,657.25
406,2609,652.25
287,1867,466.75
342,2224,556.0
10,60,15.0
20,149,37.25
51,473,118.25
14,73,18.25
15,99,24.75
11,54,13.5
36,197,49.25
189,1230,307.5
64,349,87.25
45,242,60.5
10,80,20.0
69,419,104.75
180,1170,292.5
99,589,147.25
7,34,8.5
67,362,90.5
92,544,136.0
340,2391,597.75
15,81,20.25
320,1935,483.75
301,1826,456.5
155,898,224.5
250,1582,395.5
81,480,120.0
389,2115,528.75
160,835,208.75
4,21,5.25
185,1095,273.75
7,34,8.5
211,1126,281.5
228,1260,315.0
42,279,69.75
7,32,8.0
19,100,25.0
18,136,34.0
24,124,31.0
27,119,29.75
37,168,42.0
73,493,123.25
56,335,83.75
62,350,87.5
313,1803,450.75
249,1481,370.25
92,544,136.0
5,31,7.75
126,850,212.5
218,1451,362.75
6,29,7.25
118,890,222.5
7,63,15.75
196,1335,333.75
15,101,25.25
158,1214,303.5
100,779,194.75
188,1407,351.75
36,233,58.25
150,1137,284.25
132,425,106.25
7,53,13.25
176,1294,323.5
176,1337,334.25
94,691,172.75
120,963,240.75
139,1078,269.5
175,1411,352.75
7,48,12.0
1,4,1.0
208,1466,366.5
306,2102,525.5
39,246,61.5
7,32,8.0
198,1279,319.75
115,632,158.0
106,615,153.75
148,830,207.5
142,858,214.5
207,1296,324.0
18,105,26.25
151,886,221.5
276,1491,372.75
37,208,52.0
207,1307,326.75
78,615,153.75
96,547,136.75
198,1336,334.0
228,1432,358.0
8,47,11.75
53,296,74.0
70,399,99.75
57,408,102.0
390,2425,606.25
2,11,2.75
119,726,181.5
16,97,24.25
466,3251,812.75
5,28,7.0
7,34,8.5
105,692,173.0
332,1969,492.25
40,239,59.75
79,475,118.75
42,227,56.75
213,1479,369.75
213,1297,324.25
258,1547,386.75
275,1821,455.25
251,1732,433.0
103,609,152.25
183,1057,264.25
201,1411,352.75
295,2666,666.5
23,169,42.25
100,742,185.5
76,591,147.75
18,99,24.75
369,2161,540.25
579,3030,757.5
13,142,35.5
143,1043,260.75
218,1198,299.5
176,1314,328.5
6,23,5.75
16,95,23.75
18,107,26.75
79,436,109.0
48,253,63.25
9,36,9.0
33,145,36.25
18,86,21.5
47,211,52.75
323,2047,511.75
325,2041,510.25
263,1660,415.0
211,1319,329.75
54,311,77.75
14,86,21.5
13,67,16.75
184,1148,287.0
123,768,192.0
90,550,137.5
82,502,125.5
109,654,163.5
147,946,236.5
19,104,26.0
129,791,197.75
287,1616,404.0
8,45,11.25
161,1145,286.25
1,2,0.5
160,951,237.75
248,1537,384.25
76,466,116.5
1,3,0.75
183,1061,265.25
95,449,112.25
52,374,93.5
230,1463,365.75
213,1388,347.0
13,79,19.75
8,45,11.25
174,1091,272.75
223,1376,344.0
345,2266,566.5
174,1059,264.75
1,15,3.75
18,180,45.0
1,2,0.5
193,1187,296.75
416,3173,793.25
157,911,227.75
46,290,72.5
51,321,80.25
237,1396,349.0
391,2396,599.0
124,780,195.0
91,627,156.75
87,602,150.5
117,692,173.0
29,190,47.5
87,552,138.0
68,433,108.25
24,152,38.0
6,30,7.5
113,942,235.5
87,746,186.5
79,770,192.5
144,1109,277.25
79,576,144.0
102,624,156.0
110,659,164.75
114,703,175.75
266,1523,380.75
71,386,96.5
255,1576,394.0
222,1430,357.5
223,1493,373.25
91,510,127.5
179,1013,253.25
263,1454,363.5
12,65,16.25
341,1903,475.75
340,2208,552.0
249,1747,436.75
108,690,172.5
93,558,139.5
91,558,139.5
194,1317,329.25
5,26,6.5
3,14,3.5
299,1629,407.25
71,431,107.75
1,5,1.25
331,2478,619.5
245,1323,330.75
263,1691,422.75
375,2351,587.75
378,2357,589.25
172,1061,265.25
325,2061,515.25
370,2458,614.5
192,1134,283.5
7,34,8.5
171,901,225.25
95,572,143.0
144,977,244.25
141,795,198.75
146,1536,384.0
58,330,82.5
170,1049,262.25
269,1553,388.25
126,1368,342.0
293,1961,490.25
341,2285,571.25
124,818,204.5
152,938,234.5
107,698,174.5
98,717,179.25
386,3054,763.5
253,1518,379.5
291,1542,385.5
104,603,150.75
467,3287,821.75
205,1053,263.25
170,985,246.25
111,742,185.5
95,569,142.25
1,1,0.25
6,59,14.75
79,529,132.25
7,32,8.0
158,1184,296.0
106,614,153.5
19,102,25.5
3,31,7.75
4,20,5.0
7,32,8.0
1,15,3.75
55,335,83.75
7,32,8.0
211,1067,266.75
211,1104,276.0
211,1104,276.0
207,1103,275.75
1,2,0.5
21,117,29.25
116,718,179.5
70,439,109.75
27,176,44.0
25,169,42.25
28,192,48.0
19,106,26.5
27,176,44.0
11,66,16.5
7,40,10.0
14,78,19.5
79,1190,297.5
301,2036,509.0
214,1736,434.0
30,141,35.25
42,250,62.5
260,1573,393.25
23,125,31.25
283,1737,434.25
185,1042,260.5
147,904,226.0
141,898,224.5
135,822,205.5
8,37,9.25
8,37,9.25
8,40,10.0
89,524,131.0
713,3785,946.25
132,774,193.5
179,1107,276.75
232,1504,376.0
49,278,69.5
18,136,34.0
7,34,8.5
8,41,10.25
5,26,6.5
118,734,183.5
85,405,101.25
53,405,101.25
154,1070,267.5
281,1558,389.5
147,845,211.25
214,1220,305.0
30,158,39.5
35,221,55.25
80,515,128.75
248,1484,371.0
213,1502,375.5
10,49,12.25
206,1270,317.5
17,87,21.75
353,2393,598.25
451,2923,730.75
269,1622,405.5
149,955,238.75
151,1143,285.75
23,114,28.5
465,1272,318.0
52,313,78.25
1,3,0.75
1,3,0.75
103,643,160.75
84,460,115.0
164,1235,308.75
25,146,36.5
75,416,104.0
37,205,51.25
64,352,88.0
86,506,126.5
86,506,126.5
361,2409,602.25
33,178,44.5
34,186,46.5
319,1887,471.75
549,3155,788.75
35,208,52.0
113,726,181.5
57,443,110.75
10,49,12.25
24,133,33.25
29,158,39.5
45,282,70.5
145,1090,272.5
128,1076,269.0
332,1902,475.5
27,166,41.5
24,116,29.0
29,168,42.0
46,234,58.5
46,234,58.5
145,923,230.75
122,772,193.0
154,1032,258.0
184,1175,293.75
21,188,47.0
1,8,2.0
21,134,33.5
18,100,25.0
110,584,146.0
52,333,83.25
50,364,91.0
54,389,97.25
126,825,206.25
291,1968,492.0
250,1568,392.0
170,941,235.25
352,2167,541.75
376,2298,574.5
7,39,9.75
39,204,51.0
256,1554,388.5
146,1004,251.0
189,1235,308.75
46,289,72.25
13,70,17.5
6,33,8.25
34,201,50.25
20,139,34.75
53,322,80.5
54,294,73.5
70,410,102.5
67,402,100.5
72,442,110.5
85,511,127.75
181,1048,262.0
172,964,241.0
217,1272,318.0
35,181,45.25
6,32,8.0
25,134,33.5
287,1946,486.5
174,983,245.75
254,1764,441.0
7,34,8.5
44,243,60.75
177,991,247.75
268,1412,353.0
185,1105,276.25
2,32,8.0
222,1310,327.5
227,1510,377.5
14,77,19.25
192,1380,345.0
6,26,6.5
317,1993,498.25
300,1885,471.25
322,1888,472.0
240,1577,394.25
200,1368,342.0
173,1147,286.75
252,1655,413.75
106,660,165.0
308,1864,466.0
242,1759,439.75
290,2013,503.25
177,1458,364.5
246,1538,384.5
248,1464,366.0
42,253,63.25
42,280,70.0
205,1224,306.0
201,1352,338.0
9,59,14.75
144,1194,298.5
255,1708,427.0
82,456,114.0
468,2524,631.0
254,1500,375.0
346,2017,504.25
242,1447,361.75
205,1145,286.25
18,94,23.5
275,1554,388.5
12,71,17.75
11,63,15.75
126,952,238.0
200,1592,398.0
1,19,4.75
154,1276,319.0
1,1,0.25
2,4,1.0
94,654,163.5
294,1899,474.75
233,1616,404.0
5,25,6.25
96,554,138.5
5,24,6.0
4,20,5.0
1,6,1.5
13,65,16.25
257,1811,452.75
227,1655,413.75
1,4,1.0
17,110,27.5
19,106,26.5
447,3061,765.25
288,1910,477.5
43,241,60.25
12,58,14.5
64,458,114.5
65,392,98.0
4,32,8.0
272,1475,368.75
8,51,12.75
15,114,28.5
345,2124,531.0
203,1463,365.75
128,908,227.0
56,313,78.25
64,410,102.5
94,569,142.25
11,53,13.25
15,107,26.75
16,81,20.25
34,214,53.5
18,109,27.25
232,1415,353.75
200,1242,310.5
223,1369,342.25
46,260,65.0
7,32,8.0
216,1168,292.0
412,2248,562.0
467,2646,661.5
1065,6041,1510.25
2164,12311,3077.75
133,763,190.75
162,891,222.75
36,224,56.0
2,10,2.5
3,13,3.25
2,10,2.5
149,1141,285.25
65,396,99.0
260,1853,463.25
205,1329,332.25
1,1,0.25
20,167,41.75
66,380,95.0
105,674,168.5
115,753,188.25
173,982,245.5
91,543,135.75
65,445,111.25
193,1399,349.75
137,925,231.25
187,1183,295.75
74,460,115.0
334,2026,506.5
302,1908,477.0
60,334,83.5
19,108,27.0
60,348,87.0
18,133,33.25
389,2026,506.5
7,32,8.0
222,1541,385.25
224,1185,296.25
281,1901,475.25
270,1670,417.5
258,1621,405.25
276,1798,449.5
5,44,11.0
307,1971,492.75
8,51,12.75
10,72,18.0
246,1398,349.5
245,1502,375.5
8,45,11.25
72,522,130.5
29,147,36.75
36,187,46.75
42,246,61.5
39,211,52.75
36,192,48.0
84,555,138.75
236,1431,357.75
326,2492,623.0
187,1450,362.5
81,498,124.5
37,221,55.25
15,95,23.75
34,222,55.5
27,177,44.25
24,139,34.75
229,1542,385.5
172,1137,284.25
204,1290,322.5
239,1581,395.25
76,484,121.0
142,957,239.25
20,113,28.25
3,10,2.5
1,3,0.75
16,169,42.25
186,1192,298.0
2,12,3.0
10,58,14.5
84,517,129.25
83,502,125.5
75,474,118.5
68,401,100.25
52,325,81.25
240,1302,325.5
52,275,68.75
3,11,2.75
8,30,7.5
36,202,50.5
35,202,50.5
25,147,36.75
132,701,175.25
84,511,127.75
48,271,67.75
54,285,71.25
162,982,245.5
9,46,11.5
1,15,3.75
77,968,242.0
177,978,244.5
392,2005,501.25
372,1923,480.75
232,1187,296.75
340,1771,442.75
44,254,63.5
1,1,0.25
1,1,0.25
58,331,82.75
90,510,127.5
154,888,222.0
137,783,195.75
189,1107,276.75
143,835,208.75
63,439,109.75
18,101,25.25
274,2018,504.5
70,522,130.5
97,616,154.0
110,676,169.0
233,1365,341.25
241,1359,339.75
330,1978,494.5
298,1644,411.0
168,930,232.5
1,1,0.25
42,276,69.0
37,206,51.5
39,263,65.75
39,263,65.75
154,1118,279.5
105,618,154.5
208,1349,337.25
161,1035,258.75
217,1346,336.5
132,790,197.5
220,1415,353.75
7,32,8.0
215,1330,332.5
479,3090,772.5
154,933,233.25
447,2315,578.75
503,2746,686.5
86,505,126.25
100,625,156.25
19,100,25.0
20,115,28.75
133,827,206.75
205,1280,320.0
204,1232,308.0
75,484,121.0
104,626,156.5
135,859,214.75
296,1937,484.25
1,3,0.75
250,1753,438.25
189,1315,328.75
199,1323,330.75
233,1691,422.75
75,500,125.0
231,1353,338.25
6,34,8.5
210,1514,378.5
211,1637,409.25
83,699,174.75
375,2158,539.5
377,2040,510.0
332,2079,519.75
10,57,14.25
197,1309,327.25
102,600,150.0
32,183,45.75
2,13,3.25
231,1339,334.75
9,45,11.25
60,418,104.5
48,370,92.5
63,437,109.25
162,1043,260.75
28,163,40.75
122,720,180.0
126,708,177.0
13,74,18.5
58,347,86.75
149,971,242.75
58,330,82.5
271,1711,427.75
259,1613,403.25
295,1839,459.75
317,1940,485.0
301,1853,463.25
311,1911,477.75
341,1890,472.5
315,1745,436.25
213,1134,283.5
301,1654,413.5
198,1118,279.5
258,1475,368.75
5,32,8.0
209,1380,345.0
183,1576,394.0
272,1741,435.25
194,1243,310.75
36,231,57.75
16,107,26.75
202,1228,307.0
2,40,10.0
247,1728,432.0
70,425,106.25
30,213,53.25
204,1263,315.75
160,912,228.0
232,1352,338.0
178,1018,254.5
200,1125,281.25
93,578,144.5
395,2452,613.0
158,1043,260.75
181,1107,276.75
247,1226,306.5
265,1272,318.0
243,1143,285.75
231,1062,265.5
225,1042,260.5
221,982,245.5
221,982,245.5
216,974,243.5
222,968,242.0
229,1045,261.25
188,905,226.25
223,973,243.25
223,1005,251.25
147,756,189.0
73,413,103.25
130,948,237.0
97,745,186.25
100,731,182.75
76,573,143.25
33,220,55.0
1,2,0.5
57,435,108.75
1,8,2.0
126,1021,255.25
256,1471,367.75
337,2100,525.0
81,470,117.5
163,903,225.75
226,1399,349.75
88,560,140.0
128,903,225.75
126,722,180.5
35,193,48.25
2,5,1.25
210,1459,364.75
201,1370,342.5
168,1250,312.5
201,1201,300.25
181,1044,261.0
152,875,218.75
120,647,161.75
124,788,197.0
137,859,214.75
36,389,97.25
53,314,78.5
107,716,179.0
35,210,52.5
391,2437,609.25
38,178,44.5
69,329,82.25
5,28,7.0
68,399,99.75
37,218,54.5
37,197,49.25
41,203,50.75
47,267,66.75
235,1672,418.0
17,96,24.0
9,46,11.5
242,1283,320.75
190,1037,259.25
254,1633,408.25
289,1792,448.0
307,1713,428.25
287,1636,409.0
333,1936,484.0
64,332,83.0
184,1028,257.0
42,249,62.25
7,29,7.25
23,123,30.75
12,69,17.25
39,275,68.75
79,437,109.25
96,524,131.0
395,1996,499.0
392,1972,493.0
395,1904,476.0
2,22,5.5
28,199,49.75
7,34,8.5
7,34,8.5
423,2301,575.25
321,2084,521.0
10,65,16.25
40,263,65.75
320,1988,497.0
280,1938,484.5
262,1898,474.5
277,1766,441.5
70,411,102.75
7,32,8.0
25,144,36.0
12,74,18.5
8,45,11.25
165,939,234.75
4,22,5.5
163,1046,261.5
73,380,95.0
44,232,58.0
77,418,104.5
194,1434,358.5
170,1126,281.5
337,2376,594.0
91,616,154.0
39,208,52.0
76,397,99.25
109,603,150.75
201,1140,285.0
151,844,211.0
10,62,15.5
1,2,0.5
284,2009,502.25
224,1537,384.25
246,1575,393.75
393,2674,668.5
231,1448,362.0
1,1,0.25
42,248,62.0
662,3855,963.75
567,3240,810.0
540,3241,810.25
27,154,38.5
10,45,11.25
1,3,0.75
7,32,8.0
85,476,119.0
101,560,140.0
310,2013,503.25
361,1963,490.75
161,982,245.5
114,687,171.75
110,581,145.25
225,1330,332.5
24,114,28.5
54,359,89.75
78,443,110.75
51,349,87.25
126,911,227.75
124,908,227.0
113,826,206.5
221,1371,342.75
60,369,92.25
82,464,116.0
58,396,99.0
71,425,106.25
64,444,111.0
24,142,35.5
54,379,94.75
65,409,102.25
410,2803,700.75
57,329,82.25
46,267,66.75
26,139,34.75
1,15,3.75
219,1383,345.75
1,1,0.25
230,1374,343.5
184,995,248.75
216,1249,312.25
213,1223,305.75
137,772,193.0
78,458,114.5
9,55,13.75
117,647,161.75
18,113,28.25
68,348,87.0
91,499,124.75
113,648,162.0
54,346,86.5
261,1724,431.0
7,32,8.0
33,181,45.25
5,15,3.75
35,169,42.25
31,149,37.25
38,187,46.75
38,187,46.75
38,187,46.75
79,365,91.25
276,1805,451.25
1,1,0.25
124,933,233.25
38,248,62.0
16,86,21.5
249,1637,409.25
519,3574,893.5
284,1571,392.75
1,2,0.5
23,73,18.25
145,913,228.25
7,32,8.0
282,1808,452.0
31,170,42.5
111,669,167.25
176,1038,259.5
140,1010,252.5
5,35,8.75
7,34,8.5
7,33,8.25
77,468,117.0
63,397,99.25
1,2,0.5
29,153,38.25
391,2263,565.75
67,344,86.0
258,1620,405.0
94,534,133.5
22,100,25.0
8,54,13.5
2,13,3.25
68,326,81.5
112,730,182.5
129,920,230.0
186,1178,294.5
118,707,176.75
104,620,155.0
90,423,105.75
17,70,17.5
224,1312,328.0
122,1209,302.25
224,1312,328.0
227,1329,332.25
237,1441,360.25
7,47,11.75
297,1543,385.75
30,188,47.0
52,319,79.75
91,552,138.0
105,643,160.75
121,709,177.25
207,1430,357.5
49,253,63.25
98,538,134.5
219,1548,387.0
255,1689,422.25
2,17,4.25
271,1861,465.25
235,1583,395.75
288,1872,468.0
219,1677,419.25
55,370,92.5
45,230,57.5
58,350,87.5
53,308,77.0
62,324,81.0
135,831,207.75
10,52,13.0
83,478,119.5
168,908,227.0
165,921,230.25
59,312,78.0
67,351,87.75
65,389,97.25
70,381,95.25
154,935,233.75
25,167,41.75
1,2,0.5
1,1,0.25
186,1574,393.5
288,1254,313.5
3,13,3.25
105,778,194.5
172,1133,283.25
235,1460,365.0
12,80,20.0
57,315,78.75
293,1709,427.25
92,478,119.5
91,478,119.5
324,2051,512.75
146,985,246.25
323,2283,570.75
132,826,206.5
387,1896,474.0
382,3041,760.25
64,379,94.75
15,42,10.5
1,1,0.25
182,1182,295.5
206,1163,290.75
291,1772,443.0
171,993,248.25
232,1261,315.25
291,1844,461.0
310,1773,443.25
30,196,49.0
3,19,4.75
18,86,21.5
19,118,29.5
7,43,10.75
7,43,10.75
33,229,57.25
54,367,91.75
17,100,25.0
7,32,8.0
19,103,25.75
164,1773,443.25
125,760,190.0
10,54,13.5
17,87,21.75
65,351,87.75
232,1306,326.5
505,3520,880.0
439,2541,635.25
153,876,219.0
356,2122,530.5
226,1375,343.75
7,32,8.0
63,380,95.0
200,1244,311.0
51,330,82.5
67,372,93.0
61,346,86.5
420,2766,691.5
155,867,216.75
166,865,216.25
28,154,38.5
29,152,38.0
81,454,113.5
317,1733,433.25
324,1624,406.0
245,1589,397.25
71,435,108.75
156,835,208.75
58,379,94.75
191,1194,298.5
113,749,187.25
12,70,17.5
9,59,14.75
180,1055,263.75
74,467,116.75
284,1995,498.75
184,1296,324.0
257,1849,462.25
1,1,0.25
107,673,168.25
19,108,27.0
189,1751,437.75
1,33,8.25
77,531,132.75
70,475,118.75
5,32,8.0
241,1491,372.75
135,984,246.0
171,1228,307.0
117,949,237.25
194,1426,356.5
150,917,229.25
202,1260,315.0
181,1182,295.5
19,113,28.25
11,57,14.25
225,1375,343.75
10,52,13.0
1,15,3.75
114,604,151.0
33,162,40.5
16,94,23.5
23,131,32.75
17,96,24.0
282,1644,411.0
281,1632,408.0
126,693,173.25
77,440,110.0
213,1323,330.75
265,1361,340.25
273,1386,346.5
262,1875,468.75
27,166,41.5
27,136,34.0
124,722,180.5
155,997,249.25
8,37,9.25
82,477,119.25
227,1273,318.25
232,1265,316.25
147,1451,362.75
70,356,89.0
662,3680,920.0
136,772,193.0
136,835,208.75
72,462,115.5
98,518,129.5
161,905,226.25
108,617,154.25
105,698,174.5
2,10,2.5
2,10,2.5
3,18,4.5
68,416,104.0
1,26,6.5
3,16,4.0
143,984,246.0
65,410,102.5
132,845,211.25
113,687,171.75
148,962,240.5
150,1083,270.75
47,302,75.5
43,305,76.25
1,1,0.25
27,163,40.75
62,375,93.75
13,78,19.5
226,1330,332.5
1,14,3.5
56,330,82.5
101,611,152.75
30,176,44.0
246,1696,424.0
177,1003,250.75
7,51,12.75
5,18,4.5
28,172,43.0
127,662,165.5
10,47,11.75
7,34,8.5
438,3179,794.75
249,1783,445.75
15,87,21.75
55,351,87.75
5,25,6.25
440,2859,714.75
198,1205,301.25
57,314,78.5
70,432,108.0
193,1068,267.0
276,1765,441.25
7,31,7.75
66,422,105.5
287,1933,483.25
26,151,37.75
39,282,70.5
4,16,4.0
18,100,25.0
58,428,107.0
262,1643,410.75
9,63,15.75
237,1429,357.25
7,32,8.0
160,1071,267.75
237,1589,397.25
65,360,90.0
66,481,120.25
267,1674,418.5
7,34,8.5
1,20,5.0
54,333,83.25
39,212,53.0
68,388,97.0
19,98,24.5
206,1233,308.25
18,94,23.5
87,643,160.75
15,85,21.25
160,1105,276.25
19,98,24.5
181,1241,310.25
284,1839,459.75
362,2044,511.0
147,817,204.25
343,2053,513.25
200,1235,308.75
95,534,133.5
23,111,27.75
34,175,43.75
85,553,138.25
87,489,122.25
2,12,3.0
4,21,5.25
6,34,8.5
2,16,4.0
34,196,49.0
21,108,27.0
25,127,31.75
14,76,19.0
57,336,84.0
59,355,88.75
24,118,29.5
139,787,196.75
5,18,4.5
34,167,41.75
51,283,70.75
79,483,120.75
85,459,114.75
85,442,110.5
166,1015,253.75
39,291,72.75
180,1495,373.75
228,1743,435.75
247,1331,332.75
265,1421,355.25
265,1401,350.25
206,882,220.5
151,999,249.75
169,774,193.5
8,51,12.75
236,1609,402.25
164,1092,273.0
134,899,224.75
164,1092,273.0
90,654,163.5
174,921,230.25
252,1960,490.0
227,1538,384.5
45,221,55.25
13,63,15.75
61,353,88.25
47,278,69.5
116,667,166.75
7,32,8.0
302,2019,504.75
243,1610,402.5
120,646,161.5
1,27,6.75
2,3,0.75
2,3,0.75
37,209,52.25
456,3024,756.0
21,122,30.5
44,253,63.25
58,332,83.0
42,257,64.25
65,398,99.5
76,423,105.75
12,63,15.75
98,558,139.5
67,366,91.5
94,579,144.75
74,465,116.25
39,187,46.75
43,263,65.75
77,508,127.0
16,91,22.75
41,244,61.0
67,379,94.75
1,1,0.25
189,1183,295.75
2,8,2.0
7,48,12.0
9,68,17.0
17,100,25.0
7,32,8.0
7,34,8.5
31,222,55.5
93,560,140.0
51,353,88.25
156,1087,271.75
12,76,19.0
20,125,31.25
35,239,59.75
31,210,52.5
23,146,36.5
170,1136,284.0
178,1160,290.0
196,1076,269.0
80,491,122.75
110,878,219.5
100,611,152.75
116,792,198.0
110,887,221.75
114,656,164.0
117,647,161.75
123,702,175.5
1,6,1.5
112,725,181.25
64,396,99.0
23,133,33.25
294,1879,469.75
1,1,0.25
47,318,79.5
5,22,5.5
206,1330,332.5
182,1182,295.5
194,1091,272.75
153,887,221.75
7,29,7.25
7,29,7.25
75,482,120.5
7,29,7.25
37,177,44.25
4,18,4.5
7,29,7.25
4,18,4.5
18,110,27.5
222,1305,326.25
24,136,34.0
96,593,148.25
17,105,26.25
87,501,125.25
116,713,178.25
112,649,162.25
169,1133,283.25
77,442,110.5
297,1844,461.0
25,123,30.75
251,1728,432.0
183,953,238.25
97,485,121.25
76,387,96.75
345,1925,481.25
383,2939,734.75
91,667,166.75
10,52,13.0
13,80,20.0
198,1155,288.75
258,1369,342.25
7,64,16.0
271,1496,374.0
372,2118,529.5
33,204,51.0
239,1536,384.0
135,1212,303.0
63,449,112.25
91,628,157.0
94,600,150.0
84,620,155.0
68,510,127.5
115,747,186.75
1,6,1.5
3,16,4.0
2,8,2.0
13,70,17.5
152,1040,260.0
387,2428,607.0
399,2623,655.75
287,1946,486.5
96,612,153.0
49,238,59.5
29,176,44.0
45,258,64.5
3,18,4.5
120,572,143.0
3,15,3.75
3,10,2.5
22,123,30.75
15,96,24.0
381,2717,679.25
86,465,116.25
171,948,237.0
181,1545,386.25
206,1287,321.75
203,1483,370.75
276,1632,408.0
15,99,24.75
1,3,0.75
15,97,24.25
5,25,6.25
156,900,225.0
128,727,181.75
144,853,213.25
7,32,8.0
169,999,249.75
200,1172,293.0
94,553,138.25
74,390,97.5
347,1971,492.75
85,491,122.75
20,103,25.75
9,36,9.0
151,1044,261.0
150,998,249.5
328,1860,465.0
82,538,134.5
26,179,44.75
275,1709,427.25
10,62,15.5
258,1695,423.75
156,941,235.25
80,451,112.75
73,431,107.75
43,249,62.25
38,147,36.75
1,1,0.25
112,720,180.0
140,879,219.75
74,448,112.0
74,440,110.0
82,510,127.5
82,510,127.5
82,510,127.5
82,510,127.5
119,678,169.5
135,758,189.5
45,287,71.75
6,43,10.75
34,254,63.5
60,400,100.0
72,487,121.75
217,1282,320.5
173,1082,270.5
1,1,0.25
1,1,0.25
4,19,4.75
12,65,16.25
5,34,8.5
8,45,11.25
7,36,9.0
151,1019,254.75
7,34,8.5
20,112,28.0
22,134,33.5
35,212,53.0
76,446,111.5
94,511,127.75
183,1029,257.25
308,1975,493.75
17,93,23.25
274,1384,346.0
124,777,194.25
14,83,20.75
200,1277,319.25
182,1089,272.25
194,1147,286.75
55,347,86.75
80,550,137.5
113,728,182.0
215,1405,351.25
1,6,1.5
4,16,4.0
1,6,1.5
29,151,37.75
358,1921,480.25
97,595,148.75
32,171,42.75
42,239,59.75
62,372,93.0
167,1015,253.75
137,945,236.25
3,261,65.25
3,280,70.0
4,398,99.5
4,382,95.5
99,650,162.5
69,401,100.25
69,401,100.25
60,344,86.0
1,7,1.75
1,4,1.0
234,1455,363.75
259,1781,445.25
53,354,88.5
2,10,2.5
21,124,31.0
422,2832,708.0
254,1658,414.5
158,1040,260.0
6,26,6.5
8,41,10.25
9,51,12.75
5,51,12.75
84,532,133.0
99,572,143.0
108,656,164.0
24,155,38.75
9,46,11.5
50,245,61.25
52,274,68.5
108,612,153.0
121,718,179.5
19,123,30.75
10,77,19.25
15,100,25.0
31,224,56.0
89,606,151.5
14,82,20.5
21,131,32.75
41,214,53.5
1,1,0.25
52,281,70.25
90,512,128.0
117,688,172.0
88,536,134.0
28,147,36.75
134,770,192.5
51,358,89.5
41,224,56.0
93,743,185.75
29,164,41.0
292,1880,470.0
107,666,166.5
147,896,224.0
218,1254,313.5
188,1255,313.75
144,944,236.0
18,101,25.25
152,919,229.75
196,1241,310.25
232,1401,350.25
540,3623,905.75
441,2255,563.75
8,54,13.5
29,211,52.75
140,937,234.25
34,188,47.0
30,216,54.0
40,279,69.75
97,623,155.75
59,366,91.5
226,1573,393.25
122,751,187.75
129,804,201.0
6,31,7.75
597,3419,854.75
41,223,55.75
49,301,75.25
7,32,8.0
90,531,132.75
203,1268,317.0
327,1816,454.0
42,251,62.75
311,2051,512.75
194,1177,294.25
6,39,9.75
312,2046,511.5
6,34,8.5
116,697,174.25
114,684,171.0
151,970,242.5
135,1007,251.75
6,34,8.5
98,539,134.75
284,2014,503.5
271,1590,397.5
112,701,175.25
443,2930,732.5
152,961,240.25
230,1380,345.0
8,46,11.5
28,188,47.0
99,599,149.75
21,112,28.0
5,30,7.5
55,308,77.0
200,1185,296.25
109,600,150.0
261,1564,391.0
41,289,72.25
1,2,0.5
181,1341,335.25
121,865,216.25
143,980,245.0
73,439,109.75
214,1515,378.75
285,1857,464.25
285,1857,464.25
325,1698,424.5
34,184,46.0
359,2306,576.5
140,935,233.75
183,1339,334.75
209,1646,411.5
103,679,169.75
269,1630,407.5
6,26,6.5
46,303,75.75
80,490,122.5
67,444,111.0
106,746,186.5
23,155,38.75
124,871,217.75
21,141,35.25
109,794,198.5
11,76,19.0
89,649,162.25
99,728,182.0
25,219,54.75
98,668,167.0
30,219,54.75
17,135,33.75
15,112,28.0
29,178,44.5
8,66,16.5
21,108,27.0
23,154,38.5
20,149,37.25
15,108,27.0
181,1024,256.0
316,1737,434.25
42,327,81.75
7,34,8.5
201,1158,289.5
94,575,143.75
385,2200,550.0
384,2156,539.0
91,526,131.5
94,311,77.75
1,31,7.75
377,2335,583.75
49,311,77.75
137,1362,340.5
135,863,215.75
69,351,87.75
242,1299,324.75
155,906,226.5
148,780,195.0
70,378,94.5
9,61,15.25
142,786,196.5
80,523,130.75
98,596,149.0
12,55,13.75
68,391,97.75
114,676,169.0
150,865,216.25
116,677,169.25
98,632,158.0
109,637,159.25
181,1001,250.25
150,867,216.75
263,1686,421.5
61,575,143.75
34,349,87.25
51,357,89.25
14,90,22.5
12,91,22.75
48,322,80.5
112,649,162.25
338,1946,486.5
270,1559,389.75
192,1222,305.5
9,59,14.75
64,378,94.5
164,942,235.5
106,652,163.0
121,656,164.0
145,787,196.75
214,1149,287.25
163,875,218.75
147,777,194.25
234,1254,313.5
260,1432,358.0
154,836,209.0
154,940,235.0
182,1141,285.25
150,882,220.5
365,1845,461.25
136,910,227.5
22,126,31.5
22,131,32.75
17,115,28.75
221,1443,360.75
148,985,246.25
170,1062,265.5
212,1207,301.75
192,1215,303.75
304,1942,485.5
48,323,80.75
94,577,144.25
8,50,12.5
117,721,180.25
258,1711,427.75
126,718,179.5
78,406,101.5
47,293,73.25
10,55,13.75
32,188,47.0
23,116,29.0
160,885,221.25
127,763,190.75
1,1,0.25
27,190,47.5
161,926,231.5
187,1117,279.25
122,759,189.75
75,493,123.25
58,395,98.75
60,414,103.5
132,867,216.75
98,634,158.5
99,582,145.5
6,53,13.25
7,34,8.5
2,10,2.5
7,32,8.0
103,662,165.5
28,151,37.75
158,1023,255.75
350,1920,480.0
238,1197,299.25
18,88,22.0
13,71,17.75
175,852,213.0
146,834,208.5
97,645,161.25
108,745,186.25
152,838,209.5
12,65,16.25
1,141,35.25
7,32,8.0
12,58,14.5
1,17,4.25
134,797,199.25
157,995,248.75
114,636,159.0
64,303,75.75
65,363,90.75
220,1422,355.5
238,1588,397.0
112,657,164.25
57,361,90.25
63,403,100.75
106,627,156.75
58,251,62.75
39,222,55.5
36,214,53.5
82,451,112.75
159,1018,254.5
14,94,23.5
28,153,38.25
40,200,50.0
98,602,150.5
37,192,48.0
37,192,48.0
25,143,35.75
122,724,181.0
6,45,11.25
22,174,43.5
109,675,168.75
64,409,102.25
55,363,90.75
56,350,87.5
68,523,130.75
130,967,241.75
87,611,152.75
136,1005,251.25
36,208,52.0
51,396,99.0
8,51,12.75
8,51,12.75
51,445,111.25
6,25,6.25
91,420,105.0
239,1310,327.5
202,1205,301.25
113,629,157.25
124,766,191.5
128,766,191.5
161,1034,258.5
564,3379,844.75
80,467,116.75
48,333,83.25
55,281,70.25
38,235,58.75
62,379,94.75
17,103,25.75
34,215,53.75
44,295,73.75
327,1738,434.5
315,1680,420.0
207,1211,302.75
387,2411,602.75
11,115,28.75
102,538,134.5
28,180,45.0
57,330,82.5
115,888,222.0
26,144,36.0
148,888,222.0
52,149,37.25
2,7,1.75
60,255,63.75
22,92,23.0
155,823,205.75
98,597,149.25
52,301,75.25
314,1788,447.0
347,1963,490.75
401,2287,571.75
15,90,22.5
96,569,142.25
96,569,142.25
84,467,116.75
102,609,152.25
115,586,146.5
306,1706,426.5
23,145,36.25
84,442,110.5
72,375,93.75
16,90,22.5
71,356,89.0
86,459,114.75
16,146,36.5
93,552,138.0
140,800,200.0
135,804,201.0
195,1165,291.25
121,725,181.25
120,708,177.0
115,703,175.75
1,1,0.25
308,2235,558.75
48,276,69.0
240,1565,391.25
160,1033,258.25
1,301,75.25
27,157,39.25
38,232,58.0
21,128,32.0
61,394,98.5
115,810,202.5
57,341,85.25
77,398,99.5
98,504,126.0
103,526,131.5
158,1178,294.5
176,1328,332.0
1,49,12.25
38,330,82.5
113,685,171.25
20,125,31.25
295,1831,457.75
102,557,139.25
151,1053,263.25
221,1358,339.5
207,1148,287.0
143,884,221.0
32,189,47.25
123,664,166.0
111,627,156.75
111,627,156.75
110,639,159.75
101,542,135.5
108,604,151.0
61,326,81.5
267,1539,384.75
365,2418,604.5
160,1012,253.0
153,1114,278.5
183,1277,319.25
47,284,71.0
140,959,239.75
233,1398,349.5
66,835,208.75
253,1619,404.75
74,580,145.0
160,1005,251.25
207,1442,360.5
239,1674,418.5
50,254,63.5
71,402,100.5
61,343,85.75
97,580,145.0
33,179,44.75
103,649,162.25
95,570,142.5
129,886,221.5
93,578,144.5
259,1687,421.75
202,1271,317.75
146,804,201.0
210,1156,289.0
162,1134,283.5
65,381,95.25
127,695,173.75
245,1611,402.75
1,24,6.0
1,15,3.75
7,34,8.5
7,34,8.5
182,1080,270.0
44,262,65.5
201,1103,275.75
97,580,145.0
57,353,88.25
6,45,11.25
138,703,175.75
150,918,229.5
58,307,76.75
81,575,143.75
178,1006,251.5
70,415,103.75
47,279,69.75
306,1985,496.25
303,1993,498.25
283,1642,410.5
103,565,141.25
103,565,141.25
19,104,26.0
78,494,123.5
60,318,79.5
93,523,130.75
203,1327,331.75
257,1585,396.25
10,48,12.0
86,539,134.75
67,412,103.0
6,34,8.5
25,145,36.25
248,1579,394.75
261,1577,394.25
131,744,186.0
109,648,162.0
88,534,133.5
37,179,44.75
25,124,31.0
125,908,227.0
10,52,13.0
98,562,140.5
215,1201,300.25
227,1521,380.25
337,1820,455.0
361,1843,460.75
172,916,229.0
192,1191,297.75
255,1393,348.25
296,1619,404.75
89,542,135.5
127,956,239.0
180,1326,331.5
205,1509,377.25
153,862,215.5
17,103,25.75
71,510,127.5
30,178,44.5
6,38,9.5
17,130,32.5
29,188,47.0
55,310,77.5
72,444,111.0
249,1441,360.25
71,362,90.5
1,1,0.25
90,516,129.0
63,397,99.25
77,445,111.25
117,710,177.5
140,828,207.0
211,1238,309.5
258,1487,371.75
284,1627,406.75
167,1004,251.0
368,2489,622.25
139,877,219.25
41,275,68.75
257,1468,367.0
262,1492,373.0
349,2346,586.5
265,1442,360.5
45,218,54.5
1,5,1.25
1,4,1.0
20,117,29.25
259,1523,380.75
18,94,23.5
112,643,160.75
60,373,93.25
16,97,24.25
134,808,202.0
33,209,52.25
10,47,11.75
10,48,12.0
429,2835,708.75
116,659,164.75
229,1404,351.0
24,135,33.75
245,1716,429.0
46,227,56.75
219,1278,319.5
256,1716,429.0
216,1488,372.0
246,1670,417.5
76,430,107.5
342,2025,506.25
293,1698,424.5
258,1589,397.25
73,461,115.25
27,182,45.5
280,1693,423.25
1,2,0.5
1,2,0.5
26,2004,501.0
1,8,2.0
17,90,22.5
6,27,6.75
9,39,9.75
1,5,1.25
1,3,0.75
6,31,7.75
2,13,3.25
297,1981,495.25
234,1447,361.75
7,34,8.5
116,728,182.0
185,1196,299.0
10,64,16.0
25,164,41.0
63,388,97.0
9,59,14.75
26,175,43.75
202,1015,253.75
75,407,101.75
148,696,174.0
24,145,36.25
82,507,126.75
108,675,168.75
58,374,93.5
125,770,192.5
109,1033,258.25
36,594,148.5
37,224,56.0
302,1939,484.75
268,1689,422.25
259,1596,399.0
77,469,117.25
297,1926,481.5
187,1281,320.25
189,1298,324.5
114,762,190.5
116,759,189.75
28,155,38.75
1,112,28.0
6,34,8.5
6,34,8.5
39,257,64.25
30,178,44.5
35,205,51.25
14,80,20.0
7,32,8.0
162,1118,279.5
88,495,123.75
87,517,129.25
123,707,176.75
77,517,129.25
148,826,206.5
82,491,122.75
66,376,94.0
76,416,104.0
42,245,61.25
74,403,100.75
77,425,106.25
329,2088,522.0
94,471,117.75
7,17,4.25
161,1042,260.5
198,1181,295.25
133,750,187.5
130,862,215.5
143,935,233.75
68,379,94.75
377,2159,539.75
168,928,232.0
229,1270,317.5
203,1141,285.25
201,1131,282.75
145,832,208.0
17,95,23.75
34,248,62.0
189,1074,268.5
210,1230,307.5
38,211,52.75
15,197,49.25
80,458,114.5
298,1718,429.5
19,119,29.75
13,63,15.75
259,1471,367.75
17,110,27.5
7,42,10.5
26,143,35.75
1,7,1.75
1,7,1.75
3,17,4.25
3,24,6.0
3,18,4.5
3,22,5.5
4,27,6.75
1,7,1.75
2,19,4.75
26,175,43.75
1,11,2.75
2,25,6.25
6,45,11.25
45,283,70.75
50,317,79.25
49,310,77.5
63,415,103.75
61,427,106.75
72,485,121.25
102,624,156.0
35,266,66.5
1,3,0.75
17,105,26.25
162,1163,290.75
149,1017,254.25
76,560,140.0
1,4,1.0
10,60,15.0
111,658,164.5
70,513,128.25
78,574,143.5
133,709,177.25
179,572,143.0
1,65,16.25
410,2582,645.5
60,362,90.5
109,682,170.5
72,356,89.0
229,1123,280.75
31,173,43.25
167,912,228.0
280,1650,412.5
29,152,38.0
52,309,77.25
121,617,154.25
26,191,47.75
122,622,155.5
109,540,135.0
1,7,1.75
45,235,58.75
45,235,58.75
205,1133,283.25
15,82,20.5
252,1561,390.25
284,1791,447.75
218,1335,333.75
289,1756,439.0
124,796,199.0
196,1262,315.5
27,156,39.0
188,1188,297.0
63,388,97.0
151,826,206.5
164,910,227.5
65,346,86.5
357,2174,543.5
190,1083,270.75
55,332,83.0
121,754,188.5
86,491,122.75
269,1824,456.0
277,1637,409.25
277,1642,410.5
289,1766,441.5
364,2210,552.5
115,757,189.25
238,1445,361.25
219,1347,336.75
183,1120,280.0
194,1191,297.75
134,797,199.25
25,176,44.0
114,593,148.25
141,1009,252.25
62,368,92.0
78,492,123.0
100,662,165.5
33,238,59.5
244,1635,408.75
325,2077,519.25
70,421,105.25
54,382,95.5
149,818,204.5
196,1085,271.25
244,1406,351.5
260,1525,381.25
213,1266,316.5
81,425,106.25
9,61,15.25
187,1164,291.0
20,143,35.75
163,927,231.75
256,1467,366.75
8,49,12.25
24,113,28.25
9,61,15.25
22,132,33.0
345,2042,510.5
6,32,8.0
64,502,125.5
64,502,125.5
149,937,234.25
124,799,199.75
198,970,242.5
308,1881,470.25
245,1249,312.25
57,320,80.0
101,598,149.5
21,268,67.0
127,855,213.75
127,702,175.5
147,842,210.5
193,1150,287.5
167,1028,257.0
200,1256,314.0
194,1173,293.25
169,1023,255.75
182,1195,298.75
102,561,140.25
80,421,105.25
71,390,97.5
95,501,125.25
30,161,40.25
61,407,101.75
78,502,125.5
258,1626,406.5
107,694,173.5
107,684,171.0
169,1091,272.75
210,1181,295.25
283,1584,396.0
43,260,65.0
165,1080,270.0
133,844,211.0
63,403,100.75
21,113,28.25
62,383,95.75
94,563,140.75
103,635,158.75
2,85,21.25
1,80,20.0
25,147,36.75
165,1024,256.0
22,113,28.25
30,187,46.75
176,2085,521.25
208,1498,374.5
141,1071,267.75
11,62,15.5
59,398,99.5
119,703,175.75
415,3324,831.0
26,128,32.0
75,464,116.0
62,383,95.75
75,464,116.0
75,464,116.0
158,1062,265.5
7,62,15.5
10,116,29.0
9,67,16.75
160,1133,283.25
155,1131,282.75
148,1088,272.0
60,361,90.25
302,1781,445.25
48,335,83.75
208,956,239.0
411,2638,659.5
411,2638,659.5
3,18,4.5
129,721,180.25
37,193,48.25
60,350,87.5
287,1603,400.75
11,61,15.25
237,1680,420.0
51,273,68.25
302,2051,512.75
17,105,26.25
132,838,209.5
203,1256,314.0
200,1344,336.0
201,1071,267.75
2,39,9.75
26,155,38.75
7,32,8.0
7,32,8.0
272,1596,399.0
233,1318,329.5
196,1100,275.0
1,15,3.75
102,630,157.5
1,2,0.5
23,115,28.75
10,39,9.75
346,1930,482.5
128,720,180.0
21,167,41.75
170,1106,276.5
292,1924,481.0
120,950,237.5
15,74,18.5
70,342,85.5
53,353,88.25
236,1470,367.5
94,573,143.25
160,997,249.25
265,1555,388.75
352,1873,468.25
297,1598,399.5
224,1249,312.25
171,987,246.75
248,1818,454.5
1,4,1.0
180,1236,309.0
42,230,57.5
137,717,179.25
72,378,94.5
143,813,203.25
145,863,215.75
123,709,177.25
291,1599,399.75
47,280,70.0
102,620,155.0
7,46,11.5
80,531,132.75
18,115,28.75
17,110,27.5
21,126,31.5
146,891,222.75
15,105,26.25
14,118,29.5
129,889,222.25
1,9,2.25
25,136,34.0
13,77,19.25
48,254,63.5
17,97,24.25
36,207,51.75
86,623,155.75
9,59,14.75
558,3498,874.5
28,153,38.25
1,1,0.25
247,1448,362.0
56,285,71.25
1,1,0.25
150,724,181.0
181,937,234.25
19,149,37.25
71,402,100.5
64,391,97.75
59,344,86.0
10,59,14.75
10,59,14.75
10,59,14.75
10,59,14.75
68,381,95.25
10,76,19.0
73,466,116.5
95,580,145.0
68,438,109.5
102,666,166.5
98,619,154.75
61,338,84.5
205,1248,312.0
5,30,7.5
115,683,170.75
143,875,218.75
65,409,102.25
145,900,225.0
163,977,244.25
67,384,96.0
210,1371,342.75
24,148,37.0
23,125,31.25
10,56,14.0
126,686,171.5
99,693,173.25
213,1222,305.5
67,394,98.5
64,412,103.0
206,1463,365.75
138,1001,250.25
59,388,97.0
85,572,143.0
57,369,92.25
179,1086,271.5
268,1692,423.0
6,35,8.75
1,10,2.5
2,22,5.5
2,22,5.5
6,64,16.0
6,64,16.0
6,29,7.25
6,32,8.0
6,32,8.0
4,18,4.5
30,274,68.5
171,1221,305.25
1,1,0.25
355,1850,462.5
155,811,202.75
15,93,23.25
324,1987,496.75
178,1028,257.0
119,654,163.5
45,296,74.0
46,312,78.0
237,1485,371.25
134,935,233.75
373,2822,705.5
202,1182,295.5
247,1363,340.75
192,1129,282.25
227,1451,362.75
2,16,4.0
2,16,4.0
3,21,5.25
67,340,85.0
7,38,9.5
172,958,239.5
155,1026,256.5
117,668,167.0
204,1301,325.25
69,349,87.25
141,984,246.0
42,312,78.0
108,638,159.5
11,56,14.0
47,264,66.0
46,253,63.25
118,700,175.0
96,1181,295.25
264,1979,494.75
424,2755,688.75
216,1420,355.0
110,761,190.25
366,2415,603.75
27,153,38.25
396,2099,524.75
17,82,20.5
31,174,43.5
162,1025,256.25
9,59,14.75
14,77,19.25
92,427,106.75
102,444,111.0
224,1592,398.0
20,112,28.0
1,1,0.25
56,337,84.25
320,2013,503.25
7,34,8.5
250,1518,379.5
213,1527,381.75
43,261,65.25
74,453,113.25
254,1350,337.5
208,1329,332.25
213,1252,313.0
47,271,67.75
3,19,4.75
567,3617,904.25
184,1166,291.5
98,631,157.75
225,1306,326.5
191,1174,293.5
112,636,159.0
7,29,7.25
56,346,86.5
54,333,83.25
5,21,5.25
84,409,102.25
85,490,122.5
83,480,120.0
43,280,70.0
39,234,58.5
171,853,213.25
224,1375,343.75
229,1377,344.25
177,1059,264.75
159,958,239.5
218,1370,342.5
67,420,105.0
1,21,5.25
287,1830,457.5
307,1984,496.0
7,34,8.5
164,1115,278.75
76,477,119.25
6,33,8.25
214,1225,306.25
258,1538,384.5
210,1465,366.25
219,1505,376.25
155,929,232.25
225,1341,335.25
201,1250,312.5
98,633,158.25
215,1363,340.75
287,1655,413.75
233,1490,372.5
25,124,31.0
138,689,172.25
3,16,4.0
394,2225,556.25
288,1643,410.75
45,259,64.75
192,1194,298.5
119,706,176.5
288,1818,454.5
199,1339,334.75
353,2253,563.25
39,220,55.0
28,154,38.5
32,185,46.25
11,71,17.75
166,1199,299.75
308,1993,498.25
12,58,14.5
23,162,40.5
15,93,23.25
55,320,80.0
26,142,35.5
29,204,51.0
69,299,74.75
76,528,132.0
82,523,130.75
110,644,161.0
26,154,38.5
42,276,69.0
30,190,47.5
45,340,85.0
39,261,65.25
48,325,81.25
142,973,243.25
146,986,246.5
27,149,37.25
29,226,56.5
35,268,67.0
35,268,67.0
111,634,158.5
52,257,64.25
26,166,41.5
14,81,20.25
14,82,20.5
9,54,13.5
1,1,0.25
1,1,0.25
203,1438,359.5
197,1220,305.0
230,1413,353.25
263,1611,402.75
71,421,105.25
223,1402,350.5
107,575,143.75
86,510,127.5
168,992,248.0
37,218,54.5
14,86,21.5
2,14,3.5
222,1209,302.25
23,99,24.75
41,220,55.0
76,400,100.0
87,464,116.0
113,608,152.0
113,608,152.0
5,38,9.5
81,540,135.0
42,276,69.0
372,2185,546.25
19,134,33.5
13,68,17.0
463,3002,750.5
93,386,96.5
25,141,35.25
15,91,22.75
47,294,73.5
7,34,8.5
259,1485,371.25
5,27,6.75
18,100,25.0
52,269,67.25
174,1163,290.75
178,1051,262.75
170,1130,282.5
59,333,83.25
69,375,93.75
87,475,118.75
97,615,153.75
118,976,244.0
114,1027,256.75
19,96,24.0
6,21,5.25
34,221,55.25
198,1107,276.75
236,1345,336.25
31,211,52.75
54,376,94.0
197,1263,315.75
141,923,230.75
370,3145,786.25
383,2135,533.75
181,1274,318.5
195,1462,365.5
2,10,2.5
204,1399,349.75
7,32,8.0
1,2,0.5
1,2,0.5
20,110,27.5
1,3,0.75
269,1415,353.75
32,174,43.5
12,62,15.5
576,3661,915.25
199,1307,326.75
12,107,26.75
155,1115,278.75
236,1600,400.0
45,282,70.5
11,69,17.25
25,150,37.5
17,93,23.25
17,108,27.0
10,54,13.5
19,116,29.0
19,106,26.5
24,147,36.75
24,148,37.0
19,124,31.0
26,153,38.25
30,171,42.75
34,188,47.0
23,146,36.5
24,141,35.25
2,14,3.5
172,886,221.5
492,3428,857.0
204,1328,332.0
229,1663,415.75
214,1885,471.25
214,1885,471.25
230,1309,327.25
34,179,44.75
14,60,15.0
14,82,20.5
149,975,243.75
332,2157,539.25
41,268,67.0
13,95,23.75
24,161,40.25
28,183,45.75
43,260,65.0
137,961,240.25
3,18,4.5
25,164,41.0
38,202,50.5
69,450,112.5
147,893,223.25
146,934,233.5
92,643,160.75
100,684,171.0
230,1234,308.5
125,870,217.5
17,93,23.25
150,763,190.75
213,1277,319.25
181,1217,304.25
168,1079,269.75
232,1567,391.75
307,2041,510.25
22,110,27.5
2,21,5.25
339,1960,490.0
259,1520,380.0
203,1260,315.0
12,68,17.0
7,32,8.0
43,275,68.75
293,1885,471.25
22,138,34.5
83,530,132.5
215,1355,338.75
35,194,48.5
39,261,65.25
94,558,139.5
209,1261,315.25
130,761,190.25
147,1770,442.5
108,1105,276.25
19,96,24.0
43,230,57.5
179,1106,276.5
138,821,205.25
4,19,4.75
29,156,39.0
34,192,48.0
7,34,8.5
7,32,8.0
78,518,129.5
7,34,8.5
9,45,11.25
38,217,54.25
7,32,8.0
154,976,244.0
290,1993,498.25
14,101,25.25
119,902,225.5
1,1,0.25
114,634,158.5
362,2223,555.75
74,420,105.0
10,42,10.5
20,85,21.25
54,257,64.25
63,439,109.75
12,55,13.75
188,1104,276.0
240,1343,335.75
60,377,94.25
321,1908,477.0
116,670,167.5
134,828,207.0
133,842,210.5
49,289,72.25
88,545,136.25
76,450,112.5
22,150,37.5
30,190,47.5
185,1017,254.25
115,643,160.75
88,480,120.0
151,1203,300.75
3,16,4.0
17,112,28.0
21,140,35.0
97,528,132.0
251,1331,332.75
187,1320,330.0
323,2016,504.0
16,89,22.25
47,216,54.0
80,424,106.0
69,356,89.0
109,584,146.0
99,636,159.0
149,874,218.5
195,1052,263.0
170,936,234.0
66,336,84.0
7,34,8.5
215,1791,447.75
16,106,26.5
16,75,18.75
25,133,33.25
19,101,25.25
88,535,133.75
75,466,116.5
108,687,171.75
186,1165,291.25
147,908,227.0
60,325,81.25
77,436,109.0
1,1,0.25
89,585,146.25
128,644,161.0
171,1012,253.0
1,1,0.25
482,3198,799.5
1,7,1.75
1,11,2.75
9,109,27.25
257,1679,419.75
222,1421,355.25
311,1915,478.75
32,163,40.75
11,51,12.75
5,10,2.5
5,10,2.5
157,930,232.5
7,32,8.0
42,248,62.0
1,1,0.25
187,1320,330.0
263,1561,390.25
226,1472,368.0
31,212,53.0
31,201,50.25
205,1399,349.75
289,1727,431.75
247,1540,385.0
206,1310,327.5
239,1235,308.75
105,556,139.0
3,14,3.5
28,150,37.5
33,183,45.75
230,1385,346.25
152,911,227.75
185,988,247.0
6,30,7.5
81,537,134.25
162,1066,266.5
148,942,235.5
126,678,169.5
104,651,162.75
136,898,224.5
224,1375,343.75
279,1766,441.5
202,1177,294.25
53,367,91.75
89,481,120.25
149,852,213.0
186,1178,294.5
126,762,190.5
254,1789,447.25
85,428,107.0
62,394,98.5
42,239,59.75
47,273,68.25
197,1206,301.5
87,478,119.5
58,339,84.75
36,204,51.0
63,341,85.25
179,1113,278.25
65,390,97.5
539,3003,750.75
317,1657,414.25
255,1368,342.0
195,1053,263.25
257,1402,350.5
296,1611,402.75
288,1602,400.5
236,1303,325.75
278,1531,382.75
384,2059,514.75
289,1613,403.25
418,2402,600.5
315,1813,453.25
97,596,149.0
238,1434,358.5
1,1,0.25
334,2052,513.0
413,2392,598.0
144,840,210.0
74,431,107.75
56,342,85.5
97,685,171.25
14,78,19.5
11,67,16.75
73,506,126.5
68,396,99.0
65,471,117.75
5,25,6.25
98,573,143.25
86,516,129.0
89,582,145.5
27,142,35.5
21,134,33.5
79,442,110.5
363,2272,568.0
87,567,141.75
86,524,131.0
55,385,96.25
101,618,154.5
52,346,86.5
404,2310,577.5
667,3550,887.5
90,624,156.0
16,93,23.25
23,140,35.0
90,624,156.0
192,1091,272.75
36,227,56.75
10,44,11.0
279,1773,443.25
31,159,39.75
23,110,27.5
7,34,8.5
13,49,12.25
1,2,0.5
1,2,0.5
1,2,0.5
1,3,0.75
45,225,56.25
18,73,18.25
22,113,28.25
10,56,14.0
10,57,14.25
12,64,16.0
86,507,126.75
110,668,167.0
95,575,143.75
23,155,38.75
338,2357,589.25
457,2666,666.5
194,1318,329.5
5,31,7.75
26,134,33.5
268,1741,435.25
28,156,39.0
299,1812,453.0
310,1860,465.0
293,1733,433.25
319,1815,453.75
309,1858,464.5
312,1787,446.75
331,1899,474.75
309,1780,445.0
297,1744,436.0
316,1862,465.5
291,1822,455.5
297,1921,480.25
312,2011,502.75
353,2200,550.0
287,1820,455.0
320,2028,507.0
301,1945,486.25
324,2062,515.5
328,2089,522.25
249,1534,383.5
141,857,214.25
124,838,209.5
89,544,136.0
6,34,8.5
19,181,45.25
99,568,142.0
6,26,6.5
13,69,17.25
10,49,12.25
63,346,86.5
27,171,42.75
77,369,92.25
25,113,28.25
171,1038,259.5
160,1223,305.75
198,1192,298.0
76,1055,263.75
227,1737,434.25
206,1518,379.5
109,616,154.0
1,7,1.75
67,455,113.75
37,184,46.0
55,321,80.25
360,2150,537.5
237,1322,330.5
198,1171,292.75
119,765,191.25
65,352,88.0
303,1897,474.25
218,1404,351.0
70,474,118.5
250,1725,431.25
45,238,59.5
11,67,16.75
138,869,217.25
276,1670,417.5
56,362,90.5
198,1132,283.0
198,1176,294.0
236,1377,344.25
196,1182,295.5
201,1211,302.75
216,1301,325.25
244,1471,367.75
216,1299,324.75
177,1063,265.75
223,1334,333.5
221,1325,331.25
211,1283,320.75
244,1467,366.75
60,345,86.25
44,214,53.5
9,58,14.5
213,1586,396.5
272,1509,377.25
176,1083,270.75
24,156,39.0
14,94,23.5
78,496,124.0
5,90,22.5
26,185,46.25
20,140,35.0
3,13,3.25
8,46,11.5
266,1549,387.25
272,1652,413.0
90,510,127.5
215,1221,305.25
33,172,43.0
455,2202,550.5
18,88,22.0
284,1856,464.0
34,190,47.5
229,1366,341.5
208,1135,283.75
37,197,49.25
11,79,19.75
53,285,71.25
353,2402,600.5
201,1167,291.75
1,2,0.5
1,9,2.25
1,11,2.75
3,27,6.75
27,160,40.0
7,32,8.0
36,260,65.0
1,1,0.25
93,461,115.25
82,486,121.5
86,510,127.5
15,64,16.0
34,207,51.75
17,114,28.5
18,94,23.5
201,1268,317.0
44,231,57.75
161,909,227.25
298,1681,420.25
183,1036,259.0
259,1453,363.25
364,2767,691.75
62,342,85.5
254,1899,474.75
363,2389,597.25
128,958,239.5
259,1471,367.75
50,275,68.75
14,81,20.25
64,409,102.25
199,1194,298.5
248,1398,349.5
308,1825,456.25
194,1264,316.0
204,1277,319.25
360,2084,521.0
171,1016,254.0
164,1031,257.75
28,145,36.25
1,1,0.25
202,1324,331.0
223,1503,375.75
161,925,231.25
7,29,7.25
1,3,0.75
1,1,0.25
1,1,0.25
81,460,115.0
79,426,106.5
83,457,114.25
61,344,86.0
52,309,77.25
53,314,78.5
51,334,83.5
53,327,81.75
41,237,59.25
50,273,68.25
48,276,69.0
56,305,76.25
20,128,32.0
50,350,87.5
124,690,172.5
63,407,101.75
26,264,66.0
62,561,140.25
59,495,123.75
32,167,41.75
68,443,110.75
64,435,108.75
97,620,155.0
160,910,227.5
192,1289,322.25
196,1324,331.0
198,1308,327.0
231,1822,455.5
74,616,154.0
27,153,38.25
14,83,20.75
37,205,51.25
13,84,21.0
5,23,5.75
26,153,38.25
37,220,55.0
37,220,55.0
64,358,89.5
1,1,0.25
19,133,33.25
5,31,7.75
50,319,79.75
69,370,92.5
73,383,95.75
77,417,104.25
45,245,61.25
108,599,149.75
534,3622,905.5
179,1014,253.5
15,107,26.75
36,236,59.0
6,34,8.5
212,1616,404.0
269,1643,410.75
272,1687,421.75
92,590,147.5
186,1290,322.5
293,1833,458.25
191,1279,319.75
227,1493,373.25
182,1573,393.25
79,877,219.25
15,94,23.5
8,111,27.75
146,953,238.25
81,585,146.25
168,1040,260.0
79,576,144.0
52,323,80.75
365,2304,576.0
107,701,175.25
151,779,194.75
19,108,27.0
26,127,31.75
293,1874,468.5
162,1065,266.25
61,400,100.0
1,6,1.5
4,25,6.25
11,70,17.5
12,71,17.75
31,169,42.25
13,64,16.0
10,57,14.25
81,467,116.75
39,260,65.0
85,540,135.0
61,366,91.5
36,217,54.25
31,169,42.25
151,1053,263.25
124,1548,387.0
374,2471,617.75
204,1141,285.25
1,3,0.75
39,229,57.25
176,1099,274.75
164,992,248.0
196,1153,288.25
22,128,32.0
6,30,7.5
50,360,90.0
75,387,96.75
3,14,3.5
334,1872,468.0
315,1778,444.5
354,1889,472.25
99,568,142.0
9,36,9.0
440,3170,792.5
110,685,171.25
144,1037,259.25
209,1238,309.5
197,1160,290.0
242,1379,344.75
247,1424,356.0
112,694,173.5
137,804,201.0
112,693,173.25
161,914,228.5
268,2877,719.25
421,2115,528.75
273,1708,427.0
246,1767,441.75
122,635,158.75
146,837,209.25
144,824,206.0
127,761,190.25
132,800,200.0
139,749,187.25
106,500,125.0
75,429,107.25
47,351,87.75
56,295,73.75
26,124,31.0
283,1821,455.25
68,388,97.0
34,170,42.5
60,300,75.0
18,122,30.5
97,610,152.5
114,607,151.75
13,67,16.75
83,462,115.5
121,719,179.75
118,751,187.75
170,892,223.0
209,1145,286.25
211,1172,293.0
3,38,9.5
3,53,13.25
3,54,13.5
2,8,2.0
6,25,6.25
3,12,3.0
7,30,7.5
12,55,13.75
91,523,130.75
1,24,6.0
3,14,3.5
1,4,1.0
20,117,29.25
12,65,16.25
4,24,6.0
79,397,99.25
1,4,1.0
168,1134,283.5
84,537,134.25
76,506,126.5
88,578,144.5
123,814,203.5
88,578,144.5
123,814,203.5
127,837,209.25
12,72,18.0
68,337,84.25
196,1093,273.25
58,305,76.25
264,773,193.25
125,797,199.25
316,2292,573.0
70,1709,427.25
245,1442,360.5
61,332,83.0
63,375,93.75
2,343,85.75
7,34,8.5
65,366,91.5
121,669,167.25
185,1024,256.0
255,1405,351.25
52,272,68.0
53,303,75.75
21,134,33.5
59,344,86.0
212,1262,315.5
11,63,15.75
63,355,88.75
82,527,131.75
82,1113,278.25
155,1657,414.25
81,447,111.75
248,1565,391.25
315,1854,463.5
156,1028,257.0
112,549,137.25
234,1199,299.75
228,1268,317.0
234,1250,312.5
206,1032,258.0
152,763,190.75
64,360,90.0
281,1781,445.25
7,34,8.5
19,92,23.0
243,1855,463.75
26,128,32.0
84,598,149.5
223,1535,383.75
349,2134,533.5
235,1518,379.5
250,1593,398.25
178,1123,280.75
258,1553,388.25
323,1940,485.0
248,1482,370.5
210,1204,301.0
229,1519,379.75
294,1907,476.75
212,1460,365.0
221,1491,372.75
232,1524,381.0
217,1441,360.25
164,1110,277.5
86,483,120.75
236,1534,383.5
260,1636,409.0
304,1885,471.25
239,1437,359.25
242,1370,342.5
105,433,108.25
337,1865,466.25
242,1543,385.75
153,764,191.0
6,34,8.5
47,261,65.25
18,140,35.0
154,1186,296.5
92,645,161.25
135,750,187.5
122,685,171.25
141,859,214.75
165,1486,371.5
167,1005,251.25
108,649,162.25
29,158,39.5
32,169,42.25
149,802,200.5
137,758,189.5
157,924,231.0
222,1283,320.75
214,1238,309.5
171,1016,254.0
189,1107,276.75
245,1465,366.25
187,1100,275.0
242,1440,360.0
260,1553,388.25
341,2001,500.25
55,338,84.5
296,1733,433.25
74,532,133.0
49,260,65.0
227,1689,422.25
218,1730,432.5
221,1751,437.75
199,1625,406.25
142,1190,297.5
7,46,11.5
1,1,0.25
68,430,107.5
184,1250,312.5
1,1,0.25
1,1,0.25
23,137,34.25
44,238,59.5
80,461,115.25
92,692,173.0
323,2152,538.0
35,181,45.25
141,997,249.25
155,978,244.5
1,6,1.5
4,27,6.75
3,14,3.5
5,31,7.75
7,32,8.0
2,12,3.0
31,169,42.25
207,1289,322.25
181,1163,290.75
147,983,245.75
233,1641,410.25
24,138,34.5
79,465,116.25
162,1300,325.0
130,812,203.0
134,680,170.0
273,1668,417.0
273,1578,394.5
236,1507,376.75
200,1589,397.25
157,1154,288.5
169,941,235.25
35,201,50.25
75,386,96.5
170,1153,288.25
13,74,18.5
53,297,74.25
35,203,50.75
1,1,0.25
42,236,59.0
53,323,80.75
213,1254,313.5
281,1633,408.25
270,1625,406.25
253,1703,425.75
46,308,77.0
158,906,226.5
22,127,31.75
6,30,7.5
165,981,245.25
233,1527,381.75
194,1475,368.75
42,249,62.25
42,261,65.25
57,315,78.75
214,1402,350.5
124,751,187.75
139,817,204.25
112,793,198.25
172,1050,262.5
96,631,157.75
166,1040,260.0
225,1336,334.0
1,22,5.5
66,383,95.75
6,45,11.25
19,82,20.5
162,982,245.5
54,320,80.0
5,104,26.0
257,1326,331.5
194,1173,293.25
15,132,33.0
153,907,226.75
187,1106,276.5
378,2925,731.25
1,1,0.25
21,122,30.5
8,42,10.5
20,95,23.75
7,40,10.0
49,310,77.5
47,319,79.75
24,154,38.5
54,321,80.25
82,517,129.25
8,41,10.25
30,175,43.75
115,746,186.5
75,505,126.25
71,409,102.25
115,679,169.75
88,509,127.25
13,92,23.0
61,368,92.0
33,195,48.75
42,222,55.5
85,472,118.0
96,526,131.5
128,696,174.0
57,319,79.75
91,493,123.25
61,354,88.5
76,478,119.5
135,760,190.0
63,310,77.5
90,503,125.75
16,77,19.25
154,939,234.75
265,1401,350.25
8,46,11.5
95,552,138.0
70,472,118.0
36,223,55.75
138,938,234.5
224,1338,334.5
45,296,74.0
121,886,221.5
103,566,141.5
344,2168,542.0
28,133,33.25
6,25,6.25
138,801,200.25
205,1115,278.75
199,1251,312.75
171,1078,269.5
9,58,14.5
37,201,50.25
74,382,95.5
71,470,117.5
464,2577,644.25
110,815,203.75
95,791,197.75
119,967,241.75
97,595,148.75
8,98,24.5
131,903,225.75
100,538,134.5
68,398,99.5
288,1738,434.5
280,1649,412.25
312,1903,475.75
83,546,136.5
197,1303,325.75
32,232,58.0
7,32,8.0
1,2,0.5
50,198,49.5
7,38,9.5
28,165,41.25
95,523,130.75
206,1228,307.0
102,600,150.0
72,444,111.0
225,1159,289.75
35,288,72.0
10,134,33.5
16,116,29.0
251,1585,396.25
80,487,121.75
50,273,68.25
85,475,118.75
96,574,143.5
20,162,40.5
156,884,221.0
83,471,117.75
43,238,59.5
81,466,116.5
34,199,49.75
47,268,67.0
69,383,95.75
102,597,149.25
52,358,89.5
77,507,126.75
71,512,128.0
86,586,146.5
57,399,99.75
260,1651,412.75
164,1092,273.0
180,1212,303.0
103,634,158.5
17,91,22.75
63,348,87.0
267,1574,393.5
79,469,117.25
17,88,22.0
1,1,0.25
193,1271,317.75
244,1543,385.75
113,734,183.5
178,1167,291.75
308,1990,497.5
189,1147,286.75
189,1202,300.5
224,1285,321.25
11,77,19.25
39,220,55.0
63,370,92.5
226,1372,343.0
37,216,54.0
71,445,111.25
84,553,138.25
138,861,215.25
258,1362,340.5
320,1724,431.0
90,541,135.25
138,1459,364.75
37,246,61.5
13,63,15.75
39,188,47.0
57,370,92.5
131,722,180.5
185,1105,276.25
325,1875,468.75
235,1373,343.25
36,190,47.5
166,1759,439.75
374,2111,527.75
18,108,27.0
298,1979,494.75
117,845,211.25
28,173,43.25
257,1917,479.25
489,2703,675.75
167,1054,263.5
32,181,45.25
151,909,227.25
7,34,8.5
3,22,5.5
5,348,87.0
60,895,223.75
58,893,223.25
133,923,230.75
134,922,230.5
26,137,34.25
98,661,165.25
93,519,129.75
1,25,6.25
163,1036,259.0
154,1028,257.0
2,11,2.75
2,4,1.0
125,780,195.0
112,657,164.25
171,1067,266.75
122,681,170.25
126,710,177.5
124,722,180.5
184,1142,285.5
187,1114,278.5
244,1516,379.0
287,1867,466.75
277,1624,406.0
6,31,7.75
15,85,21.25
7,49,12.25
12,77,19.25
10,57,14.25
11,59,14.75
12,77,19.25
15,92,23.0
14,91,22.75
13,84,21.0
13,84,21.0
7,32,8.0
168,1517,379.25
36,148,37.0
355,1985,496.25
157,908,227.0
141,802,200.5
10,58,14.5
591,3339,834.75
573,3215,803.75
27,148,37.0
121,704,176.0
39,290,72.5
132,1084,271.0
12,68,17.0
43,269,67.25
247,1693,423.25
363,2043,510.75
274,1547,386.75
215,1189,297.25
158,969,242.25
157,930,232.5
153,873,218.25
52,299,74.75
7,32,8.0
311,2160,540.0
258,1508,377.0
146,901,225.25
294,1861,465.25
300,1976,494.0
228,1580,395.0
306,1975,493.75
306,1981,495.25
306,1981,495.25
124,777,194.25
391,2121,530.25
163,971,242.75
278,1777,444.25
245,1408,352.0
182,1004,251.0
104,633,158.25
9,56,14.0
136,811,202.75
8,60,15.0
57,426,106.5
61,547,136.75
58,379,94.75
42,326,81.5
53,379,94.75
52,375,93.75
68,505,126.25
58,441,110.25
63,455,113.75
49,391,97.75
67,522,130.5
89,684,171.0
88,594,148.5
105,739,184.75
109,778,194.5
105,599,149.75
191,1214,303.5
66,408,102.0
3,15,3.75
39,277,69.25
57,404,101.0
17,130,32.5
85,406,101.5
129,918,229.5
118,814,203.5
133,830,207.5
87,424,106.0
106,517,129.25
127,657,164.25
111,711,177.75
105,735,183.75
131,1066,266.5
137,963,240.75
116,835,208.75
122,747,186.75
123,938,234.5
114,557,139.25
78,451,112.75
22,121,30.25
22,121,30.25
35,201,50.25
316,1556,389.0
519,2834,708.5
93,475,118.75
116,1257,314.25
116,1257,314.25
56,938,234.5
286,1706,426.5
92,496,124.0
19,104,26.0
208,1190,297.5
120,723,180.75
7,29,7.25
4,19,4.75
1,15,3.75
238,1458,364.5
7,34,8.5
16,78,19.5
12,62,15.5
49,278,69.5
286,1724,431.0
195,1405,351.25
97,611,152.75
95,453,113.25
50,290,72.5
201,1198,299.5
221,1532,383.0
18,124,31.0
117,1146,286.5
39,216,54.0
300,1867,466.75
274,2052,513.0
298,2021,505.25
289,1952,488.0
215,1628,407.0
83,441,110.25
61,412,103.0
68,402,100.5
88,527,131.75
88,541,135.25
86,522,130.5
83,512,128.0
61,350,87.5
288,2088,522.0
52,307,76.75
4,21,5.25
216,1219,304.75
203,1193,298.25
219,1305,326.25
157,936,234.0
2,14,3.5
213,1098,274.5
204,1424,356.0
206,1514,378.5
180,1307,326.75
206,1514,378.5
118,643,160.75
176,1100,275.0
31,165,41.25
112,634,158.5
126,684,171.0
138,1208,302.0
75,452,113.0
7,34,8.5
72,415,103.75
83,468,117.0
60,362,90.5
5,28,7.0
5,28,7.0
41,227,56.75
261,1887,471.75
177,764,191.0
146,1015,253.75
300,1735,433.75
67,464,116.0
55,345,86.25
63,363,90.75
76,466,116.5
11,60,15.0
236,1395,348.75
9,498,124.5
6,24,6.0
241,1256,314.0
13,68,17.0
263,1419,354.75
68,380,95.0
25,127,31.75
54,297,74.25
299,1850,462.5
7,32,8.0
60,379,94.75
211,1345,336.25
251,1429,357.25
109,639,159.75
60,348,87.0
110,654,163.5
110,614,153.5
102,577,144.25
18,99,24.75
661,4456,1114.0
247,1409,352.25
41,204,51.0
195,1456,364.0
206,1434,358.5
238,1573,393.25
313,2277,569.25
328,2388,597.0
26,154,38.5
30,186,46.5
39,263,65.75
497,3071,767.75
192,1168,292.0
264,1503,375.75
141,743,185.75
196,1237,309.25
73,508,127.0
90,640,160.0
7,34,8.5
125,767,191.75
15,81,20.25
26,133,33.25
124,776,194.0
56,358,89.5
272,1647,411.75
107,719,179.75
118,745,186.25
174,881,220.25
157,892,223.0
162,891,222.75
160,928,232.0
159,936,234.0
6,42,10.5
59,361,90.25
90,771,192.75
3,18,4.5
3,12,3.0
5,21,5.25
253,1392,348.0
1,1,0.25
16,81,20.25
1,21,5.25
1,1,0.25
22,106,26.5
122,673,168.25
20,94,23.5
163,1066,266.5
298,1994,498.5
1,1,0.25
119,706,176.5
6,27,6.75
305,2117,529.25
101,591,147.75
134,1875,468.75
130,847,211.75
155,996,249.0
9,59,14.75
203,1401,350.25
213,1267,316.75
40,230,57.5
30,173,43.25
1,5,1.25
1,7,1.75
1,6,1.5
1,7,1.75
187,1103,275.75
240,1478,369.5
33,168,42.0
86,506,126.5
71,450,112.5
118,692,173.0
79,448,112.0
151,1438,359.5
152,1587,396.75
92,1616,404.0
7,32,8.0
51,271,67.75
14,386,96.5
8,430,107.5
414,2650,662.5
1,13,3.25
214,1507,376.75
246,1458,364.5
12,72,18.0
11,64,16.0
64,392,98.0
361,2157,539.25
96,558,139.5
17,81,20.25
152,810,202.5
92,485,121.25
83,379,94.75
37,188,47.0
63,355,88.75
245,1418,354.5
33,155,38.75
89,537,134.25
19,96,24.0
264,1584,396.0
187,1193,298.25
194,1157,289.25
217,1321,330.25
113,659,164.75
85,446,111.5
185,1015,253.75
94,556,139.0
25,152,38.0
280,1789,447.25
182,1010,252.5
201,1307,326.75
70,434,108.5
36,239,59.75
172,984,246.0
67,431,107.75
21,117,29.25
7,34,8.5
67,372,93.0
12,67,16.75
40,244,61.0
1,15,3.75
201,1153,288.25
234,1437,359.25
6,34,8.5
88,513,128.25
7,23,5.75
19,108,27.0
120,725,181.25
5,22,5.5
265,1572,393.0
216,1254,313.5
7,32,8.0
66,465,116.25
79,415,103.75
79,416,104.0
44,219,54.75
11,66,16.5
18,83,20.75
11,54,13.5
29,168,42.0
218,1013,253.25
72,451,112.75
90,611,152.75
85,551,137.75
116,717,179.25
244,1544,386.0
285,1656,414.0
242,1802,450.5
157,1045,261.25
65,425,106.25
280,1761,440.25
133,662,165.5
191,1335,333.75
69,375,93.75
283,1487,371.75
1,6,1.5
4,63,15.75
34,192,48.0
250,1536,384.0
293,1838,459.5
142,959,239.75
101,722,180.5
145,803,200.75
213,1353,338.25
74,430,107.5
80,457,114.25
266,1524,381.0
96,722,180.5
156,1027,256.75
266,1541,385.25
207,1151,287.75
28,139,34.75
68,419,104.75
6,26,6.5
20,110,27.5
18,109,27.25
51,260,65.0
59,320,80.0
43,251,62.75
170,1021,255.25
191,1275,318.75
227,1738,434.5
94,552,138.0
56,319,79.75
2,9,2.25
3,21,5.25
1,6,1.5
4,23,5.75
4,27,6.75
1,20,5.0
1,6,1.5
9,44,11.0
78,443,110.75
163,1079,269.75
271,1494,373.5
8,51,12.75
238,1453,363.25
219,1414,353.5
73,417,104.25
66,386,96.5
19,100,25.0
273,1639,409.75
90,558,139.5
384,2179,544.75
10,48,12.0
28,167,41.75
47,287,71.75
237,1634,408.5
118,584,146.0
75,409,102.25
57,297,74.25
13,79,19.75
21,135,33.75
21,135,33.75
13,75,18.75
51,280,70.0
183,1278,319.5
84,457,114.25
11,70,17.5
65,401,100.25
32,201,50.25
15,112,28.0
21,242,60.5
5,31,7.75
56,334,83.5
86,599,149.75
108,667,166.75
143,885,221.25
1,1,0.25
400,2438,609.5
382,2446,611.5
71,517,129.25
165,1269,317.25
212,1843,460.75
234,1986,496.5
101,630,157.5
351,2226,556.5
140,1157,289.25
220,1970,492.5
206,1936,484.0
85,596,149.0
165,1116,279.0
301,2324,581.0
24,142,35.5
11,61,15.25
4,15,3.75
104,589,147.25
17,92,23.0
7,39,9.75
19,121,30.25
12,67,16.75
45,254,63.5
44,306,76.5
268,1405,351.25
54,352,88.0
54,352,88.0
452,3027,756.75
38,265,66.25
165,773,193.25
78,436,109.0
59,365,91.25
204,1420,355.0
274,1729,432.25
284,1747,436.75
279,1695,423.75
296,1852,463.0
187,1168,292.0
497,2831,707.75
237,1609,402.25
23,147,36.75
275,1645,411.25
209,1087,271.75
2,40,10.0
33,252,63.0
213,1268,317.0
143,863,215.75
126,715,178.75
41,233,58.25
231,1437,359.25
209,1264,316.0
160,1290,322.5
208,1206,301.5
147,893,223.25
167,1085,271.25
13,86,21.5
93,652,163.0
61,399,99.75
36,276,69.0
262,1505,376.25
478,3184,796.0
359,1884,471.0
373,2023,505.75
218,1312,328.0
22,165,41.25
213,1705,426.25
1,1,0.25
36,224,56.0
29,161,40.25
36,248,62.0
20,139,34.75
264,1600,400.0
228,1435,358.75
1,28,7.0
188,1384,346.0
212,1501,375.25
50,750,187.5
77,453,113.25
94,654,163.5
142,961,240.25
193,1331,332.75
2,80,20.0
1,31,7.75
24,148,37.0
23,152,38.0
156,877,219.25
422,2586,646.5
70,398,99.5
94,507,126.75
74,389,97.25
1,322,80.5
94,608,152.0
68,414,103.5
6,25,6.25
1,1,0.25
78,415,103.75
185,1087,271.75
32,270,67.5
292,1563,390.75
69,378,94.5
366,2070,517.5
83,723,180.75
466,3435,858.75
209,1224,306.0
49,300,75.0
5,22,5.5
44,268,67.0
35,214,53.5
88,522,130.5
138,920,230.0
50,294,73.5
291,2047,511.75
62,318,79.5
220,1452,363.0
440,3171,792.75
88,543,135.75
75,376,94.0
89,462,115.5
91,486,121.5
84,439,109.75
94,487,121.75
86,460,115.0
81,420,105.0
72,396,99.0
89,458,114.5
93,460,115.0
95,482,120.5
142,748,187.0
97,514,128.5
95,473,118.25
48,270,67.5
74,403,100.75
49,265,66.25
47,239,59.75
53,284,71.0
81,392,98.0
51,243,60.75
50,262,65.5
2,13,3.25
429,2797,699.25
182,1275,318.75
1,6,1.5
74,397,99.25
25,155,38.75
120,632,158.0
1,1,0.25
190,1156,289.0
296,1862,465.5
324,1855,463.75
25,124,31.0
88,554,138.5
343,1687,421.75
7,45,11.25
44,244,61.0
21,122,30.5
41,254,63.5
22,140,35.0
36,216,54.0
36,218,54.5
51,296,74.0
36,217,54.25
83,473,118.25
232,1407,351.75
270,1742,435.5
29,166,41.5
4,21,5.25
93,589,147.25
336,2075,518.75
147,946,236.5
171,1026,256.5
416,2102,525.5
390,2498,624.5
81,482,120.5
9,59,14.75
52,320,80.0
126,751,187.75
10,67,16.75
14,164,41.0
7,53,13.25
1,5,1.25
255,1749,437.25
4,21,5.25
27,140,35.0
62,349,87.25
12,68,17.0
84,553,138.25
100,631,157.75
113,792,198.0
132,913,228.25
201,1121,280.25
212,1499,374.75
230,1570,392.5
265,1845,461.25
3,28,7.0
33,167,41.75
68,364,91.0
351,2183,545.75
187,1194,298.5
1,15,3.75
30,153,38.25
69,364,91.0
75,391,97.75
57,307,76.75
196,1415,353.75
83,487,121.75
7,44,11.0
8,41,10.25
158,761,190.25
194,1369,342.25
173,1185,296.25
124,743,185.75
248,1669,417.25
195,1412,353.0
152,845,211.25
67,439,109.75
310,1772,443.0
56,345,86.25
42,236,59.0
324,2056,514.0
5,75,18.75
163,1281,320.25
197,1225,306.25
194,1217,304.25
183,1194,298.5
181,1119,279.75
140,1329,332.25
140,911,227.75
213,1336,334.0
281,1696,424.0
48,298,74.5
48,268,67.0
73,422,105.5
83,454,113.5
282,1747,436.75
65,354,88.5
7,34,8.5
61,376,94.0
85,508,127.0
154,922,230.5
168,1168,292.0
1,1,0.25
2,12,3.0
2,12,3.0
2,12,3.0
2,12,3.0
226,1446,361.5
338,1994,498.5
202,1229,307.25
202,1229,307.25
202,1229,307.25
48,280,70.0
125,761,190.25
114,670,167.5
140,821,205.25
109,579,144.75
159,862,215.5
134,774,193.5
179,1038,259.5
131,759,189.75
173,1009,252.25
171,1029,257.25
4,29,7.25
1,3,0.75
205,1341,335.25
249,1462,365.5
240,1382,345.5
170,1182,295.5
319,1728,432.0
156,883,220.75
30,171,42.75
111,634,158.5
1,8,2.0
16,97,24.25
14,102,25.5
283,1917,479.25
16,158,39.5
47,293,73.25
82,428,107.0
187,1291,322.75
182,1006,251.5
40,153,38.25
7,34,8.5
12,59,14.75
12,70,17.5
18,113,28.25
15,125,31.25
16,102,25.5
13,66,16.5
42,233,58.25
14,82,20.5
120,836,209.0
14,96,24.0
1,15,3.75
65,350,87.5
6,37,9.25
1,8,2.0
81,446,111.5
57,287,71.75
67,441,110.25
278,1736,434.0
292,1863,465.75
149,1051,262.75
209,1583,395.75
131,889,222.25
131,899,224.75
139,970,242.5
44,231,57.75
14,86,21.5
103,613,153.25
84,537,134.25
146,884,221.0
148,825,206.25
148,837,209.25
38,221,55.25
322,1936,484.0
223,1793,448.25
7,34,8.5
88,569,142.25
158,1077,269.25
190,1271,317.75
143,1075,268.75
212,1555,388.75
205,1567,391.75
8,32,8.0
25,127,31.75
29,162,40.5
60,341,85.25
70,403,100.75
69,353,88.25
55,296,74.0
75,394,98.5
75,394,98.5
43,228,57.0
130,683,170.75
73,384,96.0
1,2,0.5
180,1122,280.5
319,2250,562.5
30,167,41.75
42,284,71.0
1,267,66.75
251,1253,313.25
86,536,134.0
114,684,171.0
144,736,184.0
39,222,55.5
91,530,132.5
258,1489,372.25
60,324,81.0
11,63,15.75
166,913,228.25
41,251,62.75
44,270,67.5
51,307,76.75
56,341,85.25
61,323,80.75
286,1730,432.5
71,429,107.25
21,111,27.75
80,485,121.25
87,497,124.25
7,49,12.25
10,62,15.5
34,186,46.5
34,186,46.5
63,359,89.75
1,6,1.5
56,316,79.0
85,525,131.25
108,709,177.25
56,297,74.25
100,566,141.5
129,723,180.75
64,352,88.0
69,384,96.0
31,202,50.5
452,3561,890.25
4,21,5.25
42,251,62.75
28,150,37.5
53,318,79.5
48,270,67.5
131,835,208.75
214,1214,303.5
74,444,111.0
47,312,78.0
21,102,25.5
251,1539,384.75
55,309,77.25
130,746,186.5
40,240,60.0
118,745,186.25
212,1196,299.0
172,1015,253.75
187,1027,256.75
191,1036,259.0
329,1863,465.75
111,665,166.25
249,1730,432.5
359,2380,595.0
181,918,229.5
32,175,43.75
178,994,248.5
53,305,76.25
153,797,199.25
100,640,160.0
91,552,138.0
32,192,48.0
17,93,23.25
29,186,46.5
6,23,5.75
53,321,80.25
3,13,3.25
1,1,0.25
165,1109,277.25
175,1189,297.25
58,418,104.5
287,1584,396.0
1,7,1.75
166,1189,297.25
49,253,63.25
60,389,97.25
1,1,0.25
278,1712,428.0
204,1400,350.0
95,567,141.75
1,9,2.25
262,1610,402.5
80,1562,390.5
92,504,126.0
84,478,119.5
109,706,176.5
194,1228,307.0
262,1712,428.0
366,2302,575.5
125,726,181.5
90,533,133.25
135,824,206.0
190,1045,261.25
265,1738,434.5
307,2150,537.5
17,293,73.25
1,68,17.0
119,698,174.5
30,243,60.75
271,1726,431.5
92,543,135.75
144,851,212.75
32,193,48.25
18,91,22.75
233,1243,310.75
22,131,32.75
13,75,18.75
12,85,21.25
39,377,94.25
52,286,71.5
116,615,153.75
198,1363,340.75
113,628,157.0
104,598,149.5
1,3,0.75
157,960,240.0
183,1045,261.25
85,469,117.25
53,275,68.75
161,958,239.5
4,24,6.0
22,121,30.25
1,2,0.5
9,58,14.5
179,1162,290.5
44,251,62.75
144,839,209.75
184,1085,271.25
164,685,171.25
328,1985,496.25
7,32,8.0
18,93,23.25
286,1643,410.75
55,320,80.0
5,30,7.5
31,154,38.5
150,736,184.0
89,604,151.0
84,511,127.75
69,424,106.0
19,114,28.5
55,307,76.75
14,214,53.5
244,1790,447.5
243,1502,375.5
2,22,5.5
37,279,69.75
8,29,7.25
16,71,17.75
21,93,23.25
27,126,31.5
124,664,166.0
181,1302,325.5
33,200,50.0
68,400,100.0
81,468,117.0
132,840,210.0
169,1031,257.75
162,990,247.5
242,1674,418.5
7,34,8.5
153,941,235.25
15,79,19.75
6,30,7.5
3,12,3.0
3,10,2.5
19,93,23.25
15,73,18.25
39,202,50.5
67,372,93.0
5,74,18.5
5,64,16.0
5,74,18.5
5,64,16.0
1,3,0.75
19,121,30.25
69,415,103.75
7,36,9.0
7,36,9.0
77,404,101.0
58,338,84.5
212,1333,333.25
192,1140,285.0
195,1238,309.5
220,1263,315.75
178,1020,255.0
153,916,229.0
174,1000,250.0
15,100,25.0
46,298,74.5
18,114,28.5
40,264,66.0
190,1106,276.5
226,1298,324.5
94,668,167.0
200,1117,279.25
2,277,69.25
1,167,41.75
20,119,29.75
49,329,82.25
6,30,7.5
25,147,36.75
1,1,0.25
177,1108,277.0
90,578,144.5
162,1055,263.75
134,1041,260.25
207,1239,309.75
144,800,200.0
88,564,141.0
29,162,40.5
54,321,80.25
62,289,72.25
62,289,72.25
372,1901,475.25
167,1091,272.75
147,872,218.0
21,112,28.0
16,78,19.5
11,61,15.25
9,66,16.5
27,168,42.0
1,1,0.25
183,965,241.25
10,59,14.75
84,501,125.25
86,414,103.5
116,667,166.75
227,1350,337.5
10,56,14.0
18,82,20.5
1,1,0.25
5,23,5.75
48,226,56.5
244,1452,363.0
159,826,206.5
16,94,23.5
83,451,112.75
13,84,21.0
223,1372,343.0
7,42,10.5
1,1,0.25
116,611,152.75
37,237,59.25
200,1177,294.25
536,3670,917.5
269,1427,356.75
32,166,41.5
57,364,91.0
7,29,7.25
100,641,160.25
5,25,6.25
231,1406,351.5
97,561,140.25
26,138,34.5
16,78,19.5
56,308,77.0
49,245,61.25
46,249,62.25
35,185,46.25
35,185,46.25
81,444,111.0
81,444,111.0
81,444,111.0
81,444,111.0
7,34,8.5
162,925,231.25
61,359,89.75
89,531,132.75
84,493,123.25
1,6,1.5
4,22,5.5
161,962,240.5
5,29,7.25
58,310,77.5
152,840,210.0
4,31,7.75
36,226,56.5
14,92,23.0
18,95,23.75
49,316,79.0
139,835,208.75
44,275,68.75
72,465,116.25
96,532,133.0
299,1890,472.5
382,2482,620.5
7,34,8.5
47,276,69.0
70,425,106.25
62,377,94.25
81,460,115.0
70,451,112.75
249,1799,449.75
258,1643,410.75
178,1333,333.25
176,1248,312.0
145,905,226.25
15,82,20.5
130,797,199.25
117,702,175.5
219,1409,352.25
57,361,90.25
146,888,222.0
156,899,224.75
108,612,153.0
85,498,124.5
217,1267,316.75
170,1054,263.5
12,50,12.5
7,42,10.5
23,132,33.0
230,1551,387.75
12,80,20.0
23,132,33.0
84,540,135.0
1,8,2.0
51,338,84.5
486,3495,873.75
111,638,159.5
131,732,183.0
43,258,64.5
34,178,44.5
71,382,95.5
75,458,114.5
144,928,232.0
63,374,93.5
162,1096,274.0
76,491,122.75
63,375,93.75
44,224,56.0
47,281,70.25
39,176,44.0
77,477,119.25
66,451,112.75
45,281,70.25
110,644,161.0
110,644,161.0
84,514,128.5
1,1,0.25
205,1173,293.25
243,1476,369.0
46,263,65.75
46,263,65.75
66,319,79.75
209,1221,305.25
3,19,4.75
1,1,0.25
4,27,6.75
5,34,8.5
5,25,6.25
350,1758,439.5
13,68,17.0
1,1,0.25
254,1602,400.5
232,1475,368.75
91,617,154.25
150,1013,253.25
263,1692,423.0
140,814,203.5
12,67,16.75
12,56,14.0
5,31,7.75
23,144,36.0
101,593,148.25
89,597,149.25
85,577,144.25
143,1001,250.25
148,999,249.75
240,1344,336.0
253,1481,370.25
308,1833,458.25
244,1481,370.25
161,979,244.75
17,89,22.25
18,100,25.0
28,161,40.25
23,131,32.75
90,653,163.25
8,40,10.0
1,3,0.75
142,883,220.75
110,456,114.0
131,516,129.0
7,33,8.25
98,537,134.25
118,653,163.25
128,829,207.25
168,988,247.0
11,62,15.5
3,26,6.5
4,45,11.25
25,133,33.25
6,49,12.25
3,18,4.5
30,155,38.75
253,1367,341.75
225,1346,336.5
319,1841,460.25
50,277,69.25
202,1189,297.25
190,1128,282.0
12,71,17.75
160,1142,285.5
357,1887,471.75
2,10,2.5
78,453,113.25
328,2108,527.0
166,1106,276.5
134,953,238.25
152,1035,258.75
105,586,146.5
40,237,59.25
63,361,90.25
177,1120,280.0
148,1046,261.5
156,1085,271.25
148,1046,261.5
84,549,137.25
6,31,7.75
34,200,50.0
69,350,87.5
69,350,87.5
70,353,88.25
173,1116,279.0
44,247,61.75
116,712,178.0
102,597,149.25
101,600,150.0
2,10,2.5
256,1735,433.75
4,312,78.0
14,86,21.5
22,116,29.0
15,77,19.25
111,623,155.75
51,410,102.5
275,1653,413.25
41,222,55.5
307,1874,468.5
7,32,8.0
75,415,103.75
229,1668,417.0
21,142,35.5
5,102,25.5
338,1934,483.5
7,32,8.0
18,102,25.5
99,574,143.5
113,733,183.25
129,744,186.0
20,185,46.25
306,2145,536.25
383,2594,648.5
239,1355,338.75
262,1321,330.25
1,5,1.25
5,25,6.25
9,40,10.0
2,11,2.75
17,98,24.5
35,194,48.5
41,241,60.25
9,37,9.25
130,686,171.5
281,1731,432.75
54,305,76.25
170,913,228.25
66,391,97.75
476,3311,827.75
216,1260,315.0
18,94,23.5
35,182,45.5
33,215,53.75
13,77,19.25
308,2075,518.75
409,2795,698.75
1,1,0.25
148,894,223.5
166,1046,261.5
121,801,200.25
1,11,2.75
357,2490,622.5
189,1213,303.25
248,1744,436.0
66,380,95.0
228,1121,280.25
4,19,4.75
50,243,60.75
291,1888,472.0
339,1966,491.5
318,1866,466.5
49,387,96.75
266,775,193.75
261,1250,312.5
335,1916,479.0
6,29,7.25
66,378,94.5
69,415,103.75
341,1990,497.5
284,1631,407.75
264,1531,382.75
1,2,0.5
1,7,1.75
1,2,0.5
1,6,1.5
129,747,186.75
206,1125,281.25
237,1484,371.0
21,116,29.0
139,827,206.75
35,227,56.75
93,554,138.5
215,1401,350.25
310,1704,426.0
255,1746,436.5
104,613,153.25
414,2327,581.75
418,2348,587.0
117,552,138.0
8,54,13.5
55,323,80.75
487,3136,784.0
15,88,22.0
11,68,17.0
16,93,23.25
32,164,41.0
96,502,125.5
61,323,80.75
296,2072,518.0
167,1015,253.75
258,1923,480.75
291,1886,471.5
193,1163,290.75
185,1221,305.25
245,1472,368.0
228,1510,377.5
12,70,17.5
66,397,99.25
139,795,198.75
99,599,149.75
120,704,176.0
146,892,223.0
139,831,207.75
127,726,181.5
67,411,102.75
29,176,44.0
29,167,41.75
23,133,33.25
65,398,99.5
140,738,184.5
142,771,192.75
145,785,196.25
140,761,190.25
7,34,8.5
28,166,41.5
34,257,64.25
36,272,68.0
36,265,66.25
37,273,68.25
128,870,217.5
161,1035,258.75
165,977,244.25
13,84,21.0
265,1694,423.5
261,1768,442.0
262,1765,441.25
218,1454,363.5
145,1023,255.75
114,568,142.0
69,351,87.75
70,348,87.0
91,490,122.5
78,405,101.25
66,350,87.5
62,313,78.25
51,258,64.5
75,362,90.5
48,257,64.25
91,507,126.75
1,15,3.75
7,34,8.5
42,249,62.25
1,54,13.5
197,1360,340.0
126,829,207.25
22,121,30.25
4,16,4.0
6,34,8.5
251,1522,380.5
43,297,74.25
59,406,101.5
225,2114,528.5
259,1720,430.0
181,1182,295.5
58,373,93.25
67,415,103.75
258,1504,376.0
237,1374,343.5
230,1567,391.75
357,2393,598.25
4,163,40.75
22,148,37.0
265,1609,402.25
302,1824,456.0
192,1243,310.75
1,1,0.25
29,154,38.5
231,1268,317.0
69,441,110.25
85,486,121.5
92,554,138.5
7,32,8.0
230,1387,346.75
91,608,152.0
48,271,67.75
7,32,8.0
125,992,248.0
10,74,18.5
20,120,30.0
13,88,22.0
10,74,18.5
11,81,20.25
34,219,54.75
20,135,33.75
47,280,70.0
113,651,162.75
16,77,19.25
204,1122,280.5
164,969,242.25
24,294,73.5
241,1687,421.75
7,34,8.5
74,660,165.0
1,6,1.5
1,6,1.5
2,13,3.25
2,13,3.25
3,19,4.75
25,158,39.5
10,53,13.25
23,126,31.5
35,200,50.0
18,105,26.25
26,147,36.75
1,14,3.5
232,1533,383.25
289,1820,455.0
267,1712,428.0
1,3,0.75
62,404,101.0
192,1107,276.75
268,1504,376.0
153,893,223.25
178,1019,254.75
120,696,174.0
201,1124,281.0
12,84,21.0
49,314,78.5
341,2126,531.5
100,554,138.5
275,1639,409.75
49,281,70.25
50,302,75.5
184,885,221.25
271,1632,408.0
245,1574,393.5
193,1309,327.25
124,892,223.0
201,1329,332.25
219,1389,347.25
235,1358,339.5
72,316,79.0
32,196,49.0
164,990,247.5
155,971,242.75
135,767,191.75
148,834,208.5
159,878,219.5
200,1097,274.25
161,859,214.75
309,1969,492.25
39,206,51.5
67,355,88.75
1,15,3.75
176,1086,271.5
299,1903,475.75
272,1803,450.75
172,1229,307.25
183,1067,266.75
52,319,79.75
38,246,61.5
182,1058,264.5
7,34,8.5
53,366,91.5
86,607,151.75
25,196,49.0
116,651,162.75
277,1832,458.0
57,341,85.25
55,323,80.75
58,335,83.75
87,490,122.5
336,1825,456.25
62,311,77.75
92,527,131.75
156,922,230.5
89,488,122.0
120,713,178.25
105,610,152.5
36,207,51.75
59,377,94.25
81,448,112.0
381,2412,603.0
269,1600,400.0
372,2244,561.0
39,382,95.5
57,576,144.0
65,621,155.25
7,34,8.5
9,53,13.25
31,179,44.75
31,180,45.0
7,41,10.25
31,152,38.0
10,64,16.0
5,33,8.25
6,35,8.75
7,40,10.0
5,35,8.75
6,33,8.25
8,59,14.75
183,1092,273.0
211,1346,336.5
365,2185,546.25
301,1830,457.5
378,2293,573.25
286,1593,398.25
385,2219,554.75
209,1265,316.25
278,1743,435.75
366,2342,585.5
312,1964,491.0
367,2201,550.25
258,1498,374.5
36,198,49.5
5,10,2.5
17,73,18.25
11,44,11.0
21,98,24.5
36,180,45.0
40,201,50.25
38,230,57.5
33,212,53.0
5,25,6.25
10,48,12.0
50,298,74.5
53,309,77.25
194,1062,265.5
211,1374,343.5
63,352,88.0
211,1134,283.5
62,367,91.75
9,57,14.25
159,751,187.75
159,751,187.75
94,661,165.25
8,54,13.5
201,958,239.5
75,356,89.0
75,353,88.25
145,677,169.25
142,670,167.5
21,106,26.5
194,1281,320.25
111,669,167.25
34,168,42.0
3,20,5.0
3,20,5.0
138,1093,273.25
7,34,8.5
1,1,0.25
100,562,140.5
59,389,97.25
111,681,170.25
157,1010,252.5
85,569,142.25
34,180,45.0
61,375,93.75
56,353,88.25
86,584,146.0
1,1,0.25
170,1252,313.0
100,631,157.75
146,870,217.5
35,244,61.0
32,250,62.5
263,1405,351.25
278,1499,374.75
6,472,118.0
56,363,90.75
46,262,65.5
363,2125,531.25
101,616,154.0
22,140,35.0
18,105,26.25
26,147,36.75
26,147,36.75
136,839,209.75
116,732,183.0
305,1798,449.5
342,1925,481.25
18,101,25.25
23,155,38.75
293,1822,455.5
1,25,6.25
149,941,235.25
26,223,55.75
38,317,79.25
70,567,141.75
98,530,132.5
376,2209,552.25
163,948,237.0
135,755,188.75
123,737,184.25
142,817,204.25
122,693,173.25
135,808,202.0
170,896,224.0
149,970,242.5
4,25,6.25
8,45,11.25
1,1,0.25
312,1631,407.75
35,199,49.75
144,878,219.5
188,1104,276.0
206,1338,334.5
35,228,57.0
150,896,224.0
267,1780,445.0
115,713,178.25
389,2287,571.75
397,2330,582.5
257,1450,362.5
107,632,158.0
124,760,190.0
75,430,107.5
97,540,135.0
11,80,20.0
147,954,238.5
7,34,8.5
60,349,87.25
95,641,160.25
95,641,160.25
376,2136,534.0
133,757,189.25
370,2138,534.5
279,1579,394.75
58,328,82.0
69,399,99.75
419,3058,764.5
164,981,245.25
234,1218,304.5
212,1280,320.0
106,584,146.0
130,751,187.75
148,821,205.25
180,993,248.25
180,993,248.25
175,956,239.0
175,956,239.0
180,993,248.25
175,956,239.0
180,993,248.25
115,634,158.5
194,1079,269.75
192,1073,268.25
4,22,5.5
157,1043,260.75
372,2562,640.5
408,2353,588.25
162,962,240.5
139,947,236.75
167,1110,277.5
170,974,243.5
200,1334,333.5
84,471,117.75
212,1248,312.0
224,1390,347.5
273,1635,408.75
12,71,17.75
182,1230,307.5
14,67,16.75
60,334,83.5
448,3039,759.75
18,113,28.25
16,77,19.25
23,130,32.5
311,2041,510.25
62,474,118.5
7,34,8.5
21,112,28.0
243,1704,426.0
3,11,2.75
1,1,0.25
26,151,37.75
192,1109,277.25
218,1261,315.25
313,1995,498.75
31,155,38.75
192,1277,319.25
11,69,17.25
540,3698,924.5
192,1339,334.75
160,1502,375.5
70,581,145.25
215,1545,386.25
6,34,8.5
150,857,214.25
4,23,5.75
87,508,127.0
188,1075,268.75
1,1,0.25
24,128,32.0
98,559,139.75
212,1294,323.5
7,32,8.0
277,1629,407.25
129,762,190.5
138,768,192.0
435,2334,583.5
130,1352,338.0
123,1286,321.5
123,1286,321.5
32,199,49.75
198,1177,294.25
512,3376,844.0
154,871,217.75
30,146,36.5
42,244,61.0
42,244,61.0
229,1480,370.0
1,2,0.5
128,831,207.75
466,3395,848.75
490,3118,779.5
205,1404,351.0
68,393,98.25
237,1550,387.5
342,2228,557.0
98,584,146.0
150,922,230.5
148,906,226.5
132,808,202.0
76,514,128.5
1,3,0.75
9,47,11.75
2,9,2.25
9,47,11.75
1,3,0.75
16,95,23.75
9,47,11.75
2,16,4.0
7,38,9.5
9,47,11.75
1,3,0.75
18,106,26.5
37,221,55.25
18,106,26.5
242,1561,390.25
60,355,88.75
2,13,3.25
2,13,3.25
2,13,3.25
25,157,39.25
18,96,24.0
54,289,72.25
63,377,94.25
350,1967,491.75
82,432,108.0
365,1961,490.25
339,1859,464.75
27,163,40.75
45,258,64.5
4,19,4.75
407,1704,426.0
122,1020,255.0
66,414,103.5
29,175,43.75
409,2490,622.5
261,1441,360.25
174,1072,268.0
129,723,180.75
249,1710,427.5
211,1260,315.0
4,15,3.75
150,1023,255.75
9,32,8.0
70,398,99.5
236,1346,336.5
215,1179,294.75
32,191,47.75
3,9,2.25
101,641,160.25
112,712,178.0
74,440,110.0
96,604,151.0
12,64,16.0
164,913,228.25
241,1441,360.25
227,1478,369.5
1,5,1.25
53,335,83.75
43,254,63.5
86,474,118.5
93,530,132.5
55,305,76.25
95,651,162.75
114,709,177.25
85,493,123.25
64,359,89.75
105,535,133.75
51,231,57.75
31,145,36.25
109,615,153.75
8,45,11.25
75,427,106.75
109,693,173.25
39,243,60.75
143,849,212.25
227,1529,382.25
265,1859,464.75
26,176,44.0
9,40,10.0
15,89,22.25
22,117,29.25
33,159,39.75
361,1960,490.0
36,169,42.25
208,1196,299.0
292,1752,438.0
83,481,120.25
28,152,38.0
43,259,64.75
59,351,87.75
164,1034,258.5
1,1,0.25
202,1427,356.75
265,1838,459.5
5,48,12.0
342,2085,521.25
300,1945,486.25
315,1920,480.0
318,1986,496.5
131,838,209.5
294,1805,451.25
194,1162,290.5
28,158,39.5
160,917,229.25
137,796,199.0
167,987,246.75
193,1126,281.5
105,614,153.5
164,1060,265.0
53,297,74.25
106,622,155.5
91,495,123.75
258,1775,443.75
164,963,240.75
229,1514,378.5
179,1042,260.5
108,718,179.5
122,771,192.75
201,1136,284.0
203,1174,293.5
241,1454,363.5
260,1557,389.25
241,1377,344.25
269,1600,400.0
273,1540,385.0
217,1298,324.5
268,1497,374.25
264,1645,411.25
338,2041,510.25
296,1811,452.75
358,2121,530.25
345,2117,529.25
334,2033,508.25
335,2032,508.0
380,2302,575.5
331,2062,515.5
60,322,80.5
159,773,193.25
7,32,8.0
48,253,63.25
59,342,85.5
53,303,75.75
73,413,103.25
140,813,203.25
105,557,139.25
255,1411,352.75
170,1052,263.0
79,510,127.5
106,666,166.5
89,573,143.25
86,521,130.25
63,365,91.25
88,522,130.5
17,92,23.0
11,51,12.75
107,708,177.0
204,1448,362.0
9,71,17.75
9,74,18.5
8,58,14.5
9,84,21.0
4,25,6.25
276,1892,473.0
14,96,24.0
63,398,99.5
1,19,4.75
24,154,38.5
7,20,5.0
6,31,7.75
76,527,131.75
45,198,49.5
83,571,142.75
74,430,107.5
35,230,57.5
233,1363,340.75
17,97,24.25
71,439,109.75
80,441,110.25
83,480,120.0
221,1329,332.25
12,63,15.75
274,1304,326.0
6,30,7.5
29,160,40.0
131,769,192.25
217,1167,291.75
51,288,72.0
288,1740,435.0
9,47,11.75
245,1437,359.25
381,2827,706.75
62,423,105.75
64,450,112.5
64,450,112.5
152,910,227.5
129,855,213.75
230,1414,353.5
322,2006,501.5
242,1665,416.25
63,376,94.0
146,786,196.5
12,100,25.0
219,1514,378.5
531,3670,917.5
134,771,192.75
71,418,104.5
13,75,18.75
53,291,72.75
64,369,92.25
29,154,38.5
56,280,70.0
107,598,149.5
377,2130,532.5
28,151,37.75
7,32,8.0
44,239,59.75
263,1589,397.25
32,153,38.25
67,406,101.5
470,3293,823.25
210,1360,340.0
30,158,39.5
27,165,41.25
270,1628,407.0
230,1588,397.0
135,782,195.5
333,2133,533.25
442,3018,754.5
76,452,113.0
199,1259,314.75
447,2558,639.5
201,1114,278.5
149,871,217.75
139,794,198.5
199,1297,324.25
125,765,191.25
187,1134,283.5
153,892,223.0
10,37,9.25
24,117,29.25
176,980,245.0
262,1800,450.0
17,84,21.0
148,943,235.75
43,250,62.5
46,275,68.75
20,122,30.5
17,105,26.25
237,1432,358.0
97,749,187.25
154,961,240.25
209,1168,292.0
49,324,81.0
62,373,93.25
100,664,166.0
197,1267,316.75
267,1772,443.0
72,463,115.75
106,654,163.5
148,712,178.0
11,45,11.25
312,1395,348.75
111,494,123.5
1,1,0.25
246,1618,404.5
70,415,103.75
118,855,213.75
119,725,181.25
160,1097,274.25
258,1730,432.5
147,855,213.75
54,297,74.25
85,452,113.0
63,356,89.0
23,120,30.0
45,204,51.0
38,163,40.75
32,174,43.5
34,179,44.75
15,96,24.0
179,1252,313.0
183,1275,318.75
222,1422,355.5
8,45,11.25
288,1976,494.0
92,584,146.0
128,747,186.75
91,472,118.0
53,287,71.75
165,1121,280.25
192,1411,352.75
163,1069,267.25
238,1768,442.0
238,1722,430.5
275,1933,483.25
212,1272,318.0
9,53,13.25
8,48,12.0
8,43,10.75
55,317,79.25
14,70,17.5
268,1825,456.25
487,2759,689.75
523,3097,774.25
513,2954,738.5
402,2296,574.0
423,2436,609.0
200,1532,383.0
15,152,38.0
93,395,98.75
282,1680,420.0
314,2027,506.75
332,2061,515.25
263,1602,400.5
182,1101,275.25
89,516,129.0
29,167,41.75
1,6,1.5
3,18,4.5
3,16,4.0
5,23,5.75
1,4,1.0
1,10,2.5
1,6,1.5
4,19,4.75
5,20,5.0
2,13,3.25
83,551,137.75
179,1200,300.0
29,140,35.0
319,1772,443.0
343,1944,486.0
7,34,8.5
17,93,23.25
21,131,32.75
45,274,68.5
30,172,43.0
364,2192,548.0
15,77,19.25
16,73,18.25
11,55,13.75
13,64,16.0
16,77,19.25
32,168,42.0
34,189,47.25
37,232,58.0
63,392,98.0
59,345,86.25
138,813,203.25
29,165,41.25
344,2053,513.25
13,81,20.25
305,1945,486.25
11,58,14.5
7,32,8.0
365,2267,566.75
58,370,92.5
10,51,12.75
88,398,99.5
15,91,22.75
4,30,7.5
31,191,47.75
13,89,22.25
38,218,54.5
5,33,8.25
8,53,13.25
19,125,31.25
18,110,27.5
71,426,106.5
224,1568,392.0
39,240,60.0
48,304,76.0
122,737,184.25
65,402,100.5
147,955,238.75
126,748,187.0
54,385,96.25
50,365,91.25
50,365,91.25
50,365,91.25
50,365,91.25
58,423,105.75
70,396,99.0
37,237,59.25
264,1555,388.75
146,956,239.0
185,1076,269.0
184,1284,321.0
168,1016,254.0
95,571,142.75
23,145,36.25
68,415,103.75
307,2055,513.75
339,2164,541.0
224,1492,373.0
248,1459,364.75
127,702,175.5
3,136,34.0
13,83,20.75
106,623,155.75
128,764,191.0
193,1041,260.25
199,1117,279.25
187,1003,250.75
230,1616,404.0
119,684,171.0
6,33,8.25
123,698,174.5
274,1657,414.25
2,68,17.0
2,70,17.5
315,1988,497.0
300,2704,676.0
55,338,84.5
20,117,29.25
93,580,145.0
66,412,103.0
86,519,129.75
17,133,33.25
67,429,107.25
80,491,122.75
109,654,163.5
51,287,71.75
431,2350,587.5
372,2070,517.5
127,760,190.0
95,560,140.0
54,311,77.75
157,898,224.5
203,1202,300.5
163,954,238.5
128,839,209.75
114,925,231.25
126,934,233.5
355,2202,550.5
314,1871,467.75
294,1868,467.0
94,848,212.0
170,1315,328.75
51,428,107.0
343,1938,484.5
340,2130,532.5
249,1451,362.75
202,1385,346.25
141,985,246.25
195,1299,324.75
217,1427,356.75
203,1375,343.75
35,194,48.5
6,51,12.75
46,296,74.0
35,169,42.25
133,832,208.0
147,985,246.25
90,638,159.5
76,785,196.25
55,344,86.0
194,1125,281.25
17,79,19.75
82,565,141.25
71,498,124.5
40,235,58.75
208,1244,311.0
138,839,209.75
132,823,205.75
144,883,220.75
56,356,89.0
274,1122,280.5
142,829,207.25
26,142,35.5
70,432,108.0
111,657,164.25
4,21,5.25
7,34,8.5
56,356,89.0
146,855,213.75
75,468,117.0
86,591,147.75
182,1158,289.5
25,193,48.25
10,54,13.5
116,633,158.25
50,321,80.25
136,742,185.5
88,465,116.25
219,1323,330.75
197,1258,314.5
156,891,222.75
271,1894,473.5
43,528,132.0
38,191,47.75
442,2898,724.5
24,125,31.25
10,52,13.0
15,81,20.25
10,52,13.0
19,108,27.0
119,732,183.0
279,1877,469.25
161,1067,266.75
230,1447,361.75
34,170,42.5
26,142,35.5
111,682,170.5
125,720,180.0
181,1015,253.75
179,1051,262.75
212,1190,297.5
222,1293,323.25
232,1507,376.75
169,1014,253.5
181,1130,282.5
188,1185,296.25
184,1146,286.5
219,1417,354.25
134,800,200.0
175,1056,264.0
12,92,23.0
7,32,8.0
172,1076,269.0
74,419,104.75
163,890,222.5
74,465,116.25
7,34,8.5
9,44,11.0
29,152,38.0
30,177,44.25
309,1661,415.25
55,439,109.75
116,752,188.0
214,1470,367.5
218,1454,363.5
124,860,215.0
2,15,3.75
3,24,6.0
7,32,8.0
240,1467,366.75
19,131,32.75
27,184,46.0
29,194,48.5
1,12,3.0
20,116,29.0
207,1185,296.25
255,1480,370.0
135,778,194.5
110,726,181.5
175,1204,301.0
10,64,16.0
195,1410,352.5
81,506,126.5
261,1506,376.5
286,1758,439.5
197,1257,314.25
12,80,20.0
65,444,111.0
176,1175,293.75
241,1421,355.25
212,1225,306.25
162,922,230.5
25,129,32.25
105,664,166.0
369,1982,495.5
4,23,5.75
83,539,134.75
89,533,133.25
10,64,16.0
37,218,54.5
38,274,68.5
159,908,227.0
129,846,211.5
342,2107,526.75
307,1846,461.5
221,1505,376.25
173,1060,265.0
212,1399,349.75
195,1246,311.5
61,393,98.25
253,1465,366.25
40,233,58.25
39,229,57.25
173,881,220.25
127,650,162.5
31,155,38.75
73,406,101.5
67,389,97.25
12,75,18.75
83,453,113.25
109,614,153.5
73,393,98.25
151,1052,263.0
7,32,8.0
54,341,85.25
18,101,25.25
129,1305,326.25
115,1267,316.75
8,41,10.25
166,1089,272.25
319,1900,475.0
273,1914,478.5
24,142,35.5
128,775,193.75
90,536,134.0
14,70,17.5
277,1472,368.0
253,1416,354.0
49,248,62.0
78,443,110.75
147,893,223.25
151,874,218.5
373,2099,524.75
100,587,146.75
18,88,22.0
18,88,22.0
123,772,193.0
128,828,207.0
73,420,105.0
363,2247,561.75
7,34,8.5
28,141,35.25
148,1490,372.5
140,886,221.5
33,186,46.5
27,155,38.75
160,1050,262.5
226,1637,409.25
6,30,7.5
54,295,73.75
123,807,201.75
141,1076,269.0
123,882,220.5
48,338,84.5
48,343,85.75
52,350,87.5
9,50,12.5
9,52,13.0
10,55,13.75
11,52,13.0
38,201,50.25
7,32,8.0
25,149,37.25
36,189,47.25
30,188,47.0
12,72,18.0
28,169,42.25
22,122,30.5
91,529,132.25
187,1160,290.0
201,1205,301.25
55,334,83.5
160,933,233.25
293,1892,473.0
140,1050,262.5
170,1047,261.75
69,282,70.5
17,131,32.75
56,323,80.75
237,1340,335.0
137,731,182.75
69,511,127.75
182,1042,260.5
153,962,240.5
9,35,8.75
18,126,31.5
30,170,42.5
58,358,89.5
328,1959,489.75
166,998,249.5
244,1361,340.25
201,1318,329.5
278,1823,455.75
6,26,6.5
81,522,130.5
81,495,123.75
122,737,184.25
2,13,3.25
113,641,160.25
1,1,0.25
192,1286,321.5
26,129,32.25
117,723,180.75
40,239,59.75
12,63,15.75
36,243,60.75
98,610,152.5
172,869,217.25
384,2263,565.75
147,1189,297.25
60,307,76.75
67,446,111.5
169,1479,369.75
31,209,52.25
4,19,4.75
27,161,40.25
108,641,160.25
212,1172,293.0
105,625,156.25
250,1672,418.0
277,1490,372.5
216,1397,349.25
70,405,101.25
9,63,15.75
128,674,168.5
110,878,219.5
109,672,168.0
263,1594,398.5
90,378,94.5
105,476,119.0
415,2328,582.0
79,485,121.25
47,356,89.0
27,190,47.5
56,374,93.5
176,1121,280.25
53,304,76.0
48,288,72.0
41,237,59.25
66,432,108.0
71,410,102.5
81,492,123.0
151,899,224.75
135,805,201.25
163,935,233.75
39,231,57.75
144,858,214.5
78,447,111.75
85,517,129.25
65,1922,480.5
83,490,122.5
1,3,0.75
287,1832,458.0
273,1962,490.5
233,1508,377.0
145,1071,267.75
49,300,75.0
109,582,145.5
64,403,100.75
61,409,102.25
87,474,118.5
81,450,112.5
40,241,60.25
36,197,49.25
18,108,27.0
54,356,89.0
57,385,96.25
51,279,69.75
50,323,80.75
31,179,44.75
6,43,10.75
50,326,81.5
57,394,98.5
1,4,1.0
139,898,224.5
81,468,117.0
266,1823,455.75
53,357,89.25
61,396,99.0
54,361,90.25
66,386,96.5
218,1462,365.5
176,979,244.75
256,1470,367.5
71,426,106.5
73,419,104.75
196,1162,290.5
233,1498,374.5
76,444,111.0
51,283,70.75
23,224,56.0
12,101,25.25
112,908,227.0
152,1634,408.5
151,1192,298.0
149,1647,411.75
136,1058,264.5
133,1052,263.0
153,1114,278.5
130,1026,256.5
1,18,4.5
1,25,6.25
299,1692,423.0
242,1609,402.25
142,894,223.5
6,48,12.0
72,479,119.75
75,448,112.0
195,1355,338.75
1,5,1.25
3,15,3.75
3,11,2.75
7,32,8.0
1,5,1.25
7,32,8.0
151,939,234.75
117,671,167.75
103,689,172.25
79,464,116.0
319,1985,496.25
7,34,8.5
283,1829,457.25
246,1324,331.0
38,203,50.75
125,741,185.25
30,193,48.25
146,856,214.0
1,1,0.25
29,135,33.75
34,169,42.25
49,294,73.5
49,326,81.5
48,327,81.75
53,360,90.0
70,451,112.75
11,75,18.75
280,1739,434.75
61,420,105.0
7,32,8.0
134,820,205.0
55,360,90.0
132,753,188.25
165,958,239.5
166,1007,251.75
88,486,121.5
110,638,159.5
124,719,179.75
121,721,180.25
121,731,182.75
437,2177,544.25
3,14,3.5
6,30,7.5
2,9,2.25
3,13,3.25
3,13,3.25
3,13,3.25
3,13,3.25
40,234,58.5
83,456,114.0
79,438,109.5
61,403,100.75
23,138,34.5
79,443,110.75
272,1701,425.25
332,2265,566.25
288,1962,490.5
89,504,126.0
494,3450,862.5
212,1347,336.75
270,1722,430.5
1,4,1.0
80,613,153.25
7,43,10.75
483,3470,867.5
16,69,17.25
11,68,17.0
9,49,12.25
206,1252,313.0
104,614,153.5
135,798,199.5
234,1268,317.0
194,1226,306.5
325,2188,547.0
2,20,5.0
208,1320,330.0
55,304,76.0
26,182,45.5
138,736,184.0
163,860,215.0
202,1530,382.5
189,1502,375.5
8,50,12.5
90,551,137.75
26,168,42.0
15,98,24.5
26,154,38.5
23,128,32.0
24,137,34.25
24,141,35.25
36,218,54.5
22,128,32.0
290,1668,417.0
267,1660,415.0
367,2377,594.25
69,438,109.5
115,685,171.25
119,709,177.25
106,651,162.75
118,710,177.5
118,710,177.5
139,1176,294.0
98,462,115.5
13,63,15.75
148,783,195.75
42,231,57.75
52,270,67.5
107,677,169.25
41,224,56.0
173,1013,253.25
125,656,164.0
218,1328,332.0
28,187,46.75
34,205,51.25
29,172,43.0
44,429,107.25
74,467,116.75
112,583,145.75
42,240,60.0
42,258,64.5
52,331,82.75
94,524,131.0
278,1900,475.0
187,871,217.75
172,1020,255.0
185,1199,299.75
5,102,25.5
57,427,106.75
2,88,22.0
14,108,27.0
344,2025,506.25
323,3071,767.75
111,620,155.0
93,522,130.5
148,749,187.25
159,1304,326.0
64,343,85.75
44,270,67.5
14,81,20.25
23,126,31.5
172,1116,279.0
54,342,85.5
201,1233,308.25
304,1739,434.75
222,1316,329.0
191,1107,276.75
32,171,42.75
101,673,168.25
6,26,6.5
91,576,144.0
2,7,1.75
522,3580,895.0
1,3,0.75
4,33,8.25
10,54,13.5
10,63,15.75
191,1264,316.0
249,1850,462.5
210,1135,283.75
182,1203,300.75
255,1773,443.25
44,520,130.0
7,34,8.5
130,871,217.75
167,1000,250.0
60,373,93.25
77,500,125.0
100,572,143.0
213,1274,318.5
285,1558,389.5
119,708,177.0
175,1722,430.5
45,283,70.75
30,152,38.0
221,1683,420.75
149,1078,269.5
3,15,3.75
24,175,43.75
24,175,43.75
6,43,10.75
16,91,22.75
10,35,8.75
5,28,7.0
19,95,23.75
16,59,14.75
16,98,24.5
29,184,46.0
59,339,84.75
236,1378,344.5
31,181,45.25
185,1091,272.75
231,1512,378.0
228,1583,395.75
188,1091,272.75
217,1582,395.5
368,2012,503.0
10,53,13.25
5,128,32.0
85,501,125.25
50,267,66.75
215,1329,332.25
210,1348,337.0
136,859,214.75
4,56,14.0
13,82,20.5
376,2309,577.25
312,2008,502.0
264,1667,416.75
289,1941,485.25
257,1582,395.5
66,427,106.75
29,165,41.25
161,944,236.0
157,1014,253.5
148,935,233.75
195,1249,312.25
87,571,142.75
17,222,55.5
91,732,183.0
101,562,140.5
59,378,94.5
232,1401,350.25
293,1729,432.25
54,265,66.25
67,372,93.0
11,79,19.75
239,1301,325.25
178,1099,274.75
126,789,197.25
188,1164,291.0
206,1531,382.75
65,360,90.0
5,25,6.25
103,852,213.0
137,757,189.25
282,1804,451.0
152,982,245.5
147,749,187.25
191,1241,310.25
205,1151,287.75
220,1711,427.75
56,370,92.5
41,207,51.75
28,139,34.75
41,204,51.0
32,130,32.5
41,204,51.0
27,186,46.5
13,35,8.75
9,45,11.25
335,1949,487.25
113,661,165.25
106,636,159.0
171,959,239.75
161,1009,252.25
206,1208,302.0
87,535,133.75
207,1241,310.25
58,362,90.5
46,228,57.0
109,478,119.5
9,41,10.25
373,2025,506.25
103,593,148.25
18,80,20.0
18,85,21.25
292,1676,419.0
42,209,52.25
139,746,186.5
50,262,65.5
7,34,8.5
382,2016,504.0
169,945,236.25
169,1139,284.75
14,81,20.25
45,264,66.0
15,84,21.0
95,575,143.75
8,41,10.25
8,51,12.75
53,449,112.25
36,212,53.0
12,225,56.25
30,170,42.5
30,170,42.5
22,133,33.25
167,1034,258.5
4,21,5.25
7,35,8.75
2,15,3.75
265,1806,451.5
36,239,59.75
7,36,9.0
9,53,13.25
8,48,12.0
10,53,13.25
1,1,0.25
4,31,7.75
148,951,237.75
60,319,79.75
87,484,121.0
87,484,121.0
74,411,102.75
72,404,101.0
91,504,126.0
89,509,127.25
97,546,136.5
97,546,136.5
97,546,136.5
25,145,36.25
159,952,238.0
81,473,118.25
98,589,147.25
146,1030,257.5
186,1658,414.5
190,1653,413.25
207,1641,410.25
207,1641,410.25
21,122,30.5
231,1404,351.0
194,1716,429.0
219,1635,408.75
200,1202,300.5
317,1921,480.25
272,1686,421.5
180,1072,268.0
129,822,205.5
71,404,101.0
129,723,180.75
151,879,219.75
169,1033,258.25
344,2082,520.5
8,24,6.0
158,926,231.5
136,744,186.0
202,1186,296.5
16,81,20.25
8,24,6.0
8,24,6.0
8,24,6.0
117,641,160.25
102,552,138.0
8,24,6.0
68,405,101.25
102,594,148.5
122,700,175.0
170,1083,270.75
217,1453,363.25
119,761,190.25
391,2131,532.75
376,2022,505.5
492,3466,866.5
160,1019,254.75
54,296,74.0
82,471,117.75
18,98,24.5
192,1054,263.5
216,1458,364.5
258,1597,399.25
17,84,21.0
5,28,7.0
5,27,6.75
1,1,0.25
1,1,0.25
114,693,173.25
5,27,6.75
114,693,173.25
5,29,7.25
5,26,6.5
5,29,7.25
5,35,8.75
6,36,9.0
6,43,10.75
5,30,7.5
1,15,3.75
159,1077,269.25
156,1034,258.5
213,1335,333.75
320,1914,478.5
299,1672,418.0
346,2117,529.25
324,1962,490.5
108,584,146.0
359,2340,585.0
47,235,58.75
54,256,64.0
30,164,41.0
50,249,62.25
93,461,115.25
156,780,195.0
368,2243,560.75
300,1866,466.5
358,1982,495.5
271,1922,480.5
189,1351,337.75
74,434,108.5
158,1050,262.5
369,2092,523.0
314,1958,489.5
320,2055,513.75
318,2447,611.75
296,1821,455.25
194,1274,318.5
93,591,147.75
17,111,27.75
349,2228,557.0
107,591,147.75
148,957,239.25
78,483,120.75
62,398,99.5
67,425,106.25
9,51,12.75
117,734,183.5
63,418,104.5
244,1763,440.75
45,256,64.0
51,333,83.25
22,101,25.25
322,2203,550.75
78,517,129.25
35,210,52.5
100,642,160.5
80,498,124.5
89,565,141.25
151,941,235.25
113,743,185.75
92,584,146.0
227,1127,281.75
26,147,36.75
165,1047,261.75
204,1230,307.5
14,49,12.25
322,1830,457.5
21,114,28.5
12,70,17.5
55,318,79.5
58,342,85.5
79,556,139.0
74,483,120.75
75,518,129.5
90,602,150.5
31,138,34.5
55,543,135.75
109,624,156.0
271,1865,466.25
252,1850,462.5
1,1,0.25
196,1057,264.25
247,1345,336.25
164,834,208.5
251,1739,434.75
10,80,20.0
4,20,5.0
8,45,11.25
87,536,134.0
10,50,12.5
75,443,110.75
491,3370,842.5
7,32,8.0
36,201,50.25
303,1788,447.0
110,631,157.75
64,511,127.75
52,346,86.5
56,324,81.0
60,368,92.0
40,304,76.0
62,351,87.75
51,297,74.25
43,279,69.75
47,306,76.5
47,306,76.5
57,354,88.5
25,154,38.5
250,1538,384.5
20,106,26.5
111,704,176.0
74,454,113.5
169,982,245.5
162,918,229.5
303,1808,452.0
117,764,191.0
151,852,213.0
65,377,94.25
136,738,184.5
200,1367,341.75
2,20,5.0
4,29,7.25
36,280,70.0
15,76,19.0
356,1968,492.0
362,1894,473.5
284,1501,375.25
46,290,72.5
59,314,78.5
73,426,106.5
7,32,8.0
24,125,31.25
92,497,124.25
43,236,59.0
273,1423,355.75
285,1499,374.75
63,346,86.5
39,205,51.25
141,726,181.5
182,966,241.5
364,2532,633.0
3,20,5.0
5,33,8.25
144,756,189.0
88,562,140.5
136,940,235.0
127,1027,256.75
85,550,137.5
222,1455,363.75
69,440,110.0
41,239,59.75
83,498,124.5
222,1322,330.5
58,480,120.0
34,310,77.5
34,310,77.5
34,310,77.5
59,333,83.25
103,626,156.5
146,982,245.5
175,1098,274.5
204,1260,315.0
211,1366,341.5
96,541,135.25
57,329,82.25
44,243,60.75
45,253,63.25
28,157,39.25
2,17,4.25
84,625,156.25
43,333,83.25
32,218,54.5
15,74,18.5
114,720,180.0
163,862,215.5
149,848,212.0
25,136,34.0
83,412,103.0
129,816,204.0
23,115,28.75
8,37,9.25
24,125,31.25
28,140,35.0
293,1833,458.25
26,139,34.75
7,43,10.75
289,1739,434.75
35,178,44.5
74,501,125.25
92,561,140.25
11,77,19.25
7,50,12.5
23,126,31.5
31,165,41.25
23,120,30.0
28,313,78.25
186,1300,325.0
215,1355,338.75
159,939,234.75
167,1087,271.75
302,1631,407.75
187,1121,280.25
186,1369,342.25
59,437,109.25
179,1315,328.75
191,1453,363.25
3,17,4.25
195,1375,343.75
47,287,71.75
7,32,8.0
122,729,182.25
95,629,157.25
254,1482,370.5
240,1436,359.0
11,66,16.5
59,374,93.5
118,735,183.75
197,1111,277.75
92,593,148.25
61,345,86.25
9,51,12.75
146,2297,574.25
171,1117,279.25
1,1,0.25
181,1008,252.0
98,585,146.25
340,1939,484.75
1,2,0.5
116,602,150.5
160,963,240.75
207,1292,323.0
61,396,99.0
34,182,45.5
119,720,180.0
46,251,62.75
232,1552,388.0
147,860,215.0
226,1435,358.75
115,941,235.25
214,1880,470.0
181,1135,283.75
7,32,8.0
51,287,71.75
213,1230,307.5
51,315,78.75
180,1077,269.25
36,296,74.0
8,59,14.75
7,34,8.5
15,78,19.5
143,773,193.25
72,394,98.5
20,118,29.5
115,550,137.5
207,1127,281.75
342,2311,577.75
142,1051,262.75
336,1926,481.5
228,1500,375.0
167,1042,260.5
5,50,12.5
143,824,206.0
354,2250,562.5
220,1269,317.25
158,1043,260.75
83,538,134.5
202,1287,321.75
122,811,202.75
60,375,93.75
138,894,223.5
236,1455,363.75
262,1804,451.0
7,32,8.0
131,894,223.5
95,480,120.0
35,186,46.5
20,94,23.5
121,802,200.5
355,2215,553.75
104,725,181.25
32,212,53.0
61,430,107.5
62,422,105.5
32,165,41.25
605,3712,928.0
27,171,42.75
1,1,0.25
103,652,163.0
60,358,89.5
160,1009,252.25
173,1163,290.75
53,384,96.0
179,1367,341.75
173,1335,333.75
127,951,237.75
225,1264,316.0
1,13,3.25
52,318,79.5
318,2188,547.0
1,1,0.25
345,1920,480.0
259,1464,366.0
66,388,97.0
7,32,8.0
152,884,221.0
394,2612,653.0
256,1851,462.75
266,1596,399.0
175,1818,454.5
33,180,45.0
185,1503,375.75
59,408,102.0
3,29,7.25
7,50,12.5
72,368,92.0
104,679,169.75
61,342,85.5
29,141,35.25
6,32,8.0
51,247,61.75
108,520,130.0
49,248,62.0
22,125,31.25
11,63,15.75
29,167,41.75
13,73,18.25
18,103,25.75
29,169,42.25
44,228,57.0
49,239,59.75
224,1270,317.5
217,1205,301.25
155,875,218.75
127,799,199.75
141,794,198.5
123,669,167.25
140,786,196.5
196,1349,337.25
59,323,80.75
21,233,58.25
10,67,16.75
12,67,16.75
54,311,77.75
50,307,76.75
60,383,95.75
61,391,97.75
1,4,1.0
4,25,6.25
216,1283,320.75
62,379,94.75
171,511,127.75
194,1205,301.25
187,988,247.0
164,1129,282.25
66,340,85.0
263,1729,432.25
288,1640,410.0
1,13,3.25
129,936,234.0
132,915,228.75
30,160,40.0
93,605,151.25
94,548,137.0
134,728,182.0
257,1398,349.5
244,1366,341.5
170,1220,305.0
236,1568,392.0
269,1687,421.75
271,1677,419.25
259,1707,426.75
55,371,92.75
285,1747,436.75
6,29,7.25
79,455,113.75
138,1644,411.0
251,1510,377.5
210,930,232.5
328,1942,485.5
324,1944,486.0
77,450,112.5
87,502,125.5
50,284,71.0
83,486,121.5
125,740,185.0
77,394,98.5
168,849,212.25
7,32,8.0
29,154,38.5
230,1385,346.25
46,252,63.0
121,690,172.5
89,512,128.0
163,1019,254.75
28,203,50.75
40,274,68.5
41,285,71.25
12,73,18.25
7,32,8.0
3,11,2.75
9,39,9.75
4,13,3.25
8,26,6.5
3,9,2.25
8,29,7.25
3,8,2.0
2,10,2.5
2,10,2.5
1,3,0.75
7,26,6.5
11,73,18.25
3,9,2.25
3,13,3.25
3,14,3.5
143,858,214.5
42,228,57.0
44,255,63.75
41,218,54.5
4,19,4.75
28,161,40.25
61,349,87.25
58,315,78.75
131,768,192.0
338,1826,456.5
348,1910,477.5
15,78,19.5
105,669,167.25
105,669,167.25
194,1158,289.5
201,1247,311.75
93,576,144.0
201,1174,293.5
34,199,49.75
164,1086,271.5
223,1366,341.5
181,1150,287.5
120,773,193.25
1,11,2.75
20,160,40.0
351,2373,593.25
26,190,47.5
164,912,228.0
197,1104,276.0
215,1176,294.0
108,751,187.75
79,478,119.5
84,507,126.75
101,602,150.5
78,473,118.25
21,124,31.0
29,160,40.0
22,119,29.75
493,3415,853.75
473,4255,1063.75
352,2950,737.5
222,1420,355.0
361,2151,537.75
20,94,23.5
31,177,44.25
29,166,41.5
10,47,11.75
40,220,55.0
85,514,128.5
142,873,218.25
92,621,155.25
143,960,240.0
51,291,72.75
48,292,73.0
77,401,100.25
5,71,17.75
288,1604,401.0
471,2722,680.5
20,105,26.25
26,143,35.75
42,230,57.5
150,869,217.25
171,960,240.0
23,122,30.5
8,102,25.5
25,150,37.5
222,1343,335.75
348,2022,505.5
37,223,55.75
63,389,97.25
8,41,10.25
8,41,10.25
52,288,72.0
29,253,63.25
220,1427,356.75
51,326,81.5
2,317,79.25
164,915,228.75
47,320,80.0
7,39,9.75
1,1,0.25
4,23,5.75
154,967,241.75
14,87,21.75
151,944,236.0
44,296,74.0
109,705,176.25
16,94,23.5
53,336,84.0
86,547,136.75
136,827,206.75
103,651,162.75
8,38,9.5
15,79,19.75
8,51,12.75
71,406,101.5
29,195,48.75
3,14,3.5
11,68,17.0
1,1,0.25
1,1,0.25
53,313,78.25
59,449,112.25
96,786,196.5
75,560,140.0
32,513,128.25
1,47,11.75
1,61,15.25
1,36,9.0
27,149,37.25
99,555,138.75
118,738,184.5
229,1399,349.75
171,983,245.75
21,112,28.0
166,951,237.75
212,1131,282.75
1,1,0.25
100,581,145.25
109,645,161.25
29,158,39.5
476,2614,653.5
54,353,88.25
13,82,20.5
103,626,156.5
63,406,101.5
60,392,98.0
18,127,31.75
14,107,26.75
29,192,48.0
109,743,185.75
16,98,24.5
260,1780,445.0
323,1618,404.5
289,1751,437.75
310,1872,468.0
87,482,120.5
370,2840,710.0
114,858,214.5
19,71,17.75
1,1,0.25
1,15,3.75
14,92,23.0
11,73,18.25
10,73,18.25
10,75,18.75
7,61,15.25
14,87,21.75
165,985,246.25
130,779,194.75
35,221,55.25
124,672,168.0
148,876,219.0
172,1030,257.5
111,670,167.5
1,6,1.5
15,116,29.0
4,19,4.75
6,49,12.25
7,59,14.75
8,67,16.75
5,26,6.5
5,26,6.5
2,7,1.75
7,51,12.75
3,13,3.25
8,66,16.5
6,42,10.5
3,13,3.25
7,34,8.5
1,3,0.75
185,1145,286.25
8,37,9.25
6,31,7.75
13,74,18.5
35,182,45.5
44,236,59.0
39,238,59.5
49,247,61.75
80,427,106.75
60,315,78.75
80,420,105.0
64,346,86.5
70,374,93.5
49,247,61.75
238,1523,380.75
37,351,87.75
278,1873,468.25
368,2485,621.25
335,2543,635.75
6,34,8.5
16,88,22.0
45,238,59.5
23,108,27.0
274,1601,400.25
6,27,6.75
4,13,3.25
350,2309,577.25
5,27,6.75
65,358,89.5
24,119,29.75
121,784,196.0
25,131,32.75
56,371,92.75
265,1809,452.25
56,355,88.75
38,265,66.25
79,506,126.5
162,1041,260.25
1,10,2.5
189,1207,301.75
95,567,141.75
152,870,217.5
175,1162,290.5
169,1102,275.5
12,71,17.75
33,198,49.5
295,2114,528.5
8,40,10.0
22,142,35.5
10,59,14.75
38,231,57.75
103,574,143.5
150,951,237.75
86,597,149.25
77,451,112.75
92,573,143.25
144,985,246.25
140,928,232.0
213,1423,355.75
166,1014,253.5
192,1230,307.5
23,166,41.5
125,826,206.5
169,1104,276.0
163,1124,281.0
74,462,115.5
121,757,189.25
85,572,143.0
187,1183,295.75
63,424,106.0
157,1100,275.0
163,1120,280.0
39,230,57.5
44,309,77.25
74,509,127.25
74,510,127.5
55,351,87.75
55,351,87.75
98,628,157.0
59,432,108.0
47,288,72.0
103,638,159.5
43,253,63.25
210,1444,361.0
87,605,151.25
54,290,72.5
72,377,94.25
70,425,106.25
6,36,9.0
33,250,62.5
49,295,73.75
52,341,85.25
21,135,33.75
35,278,69.5
9,53,13.25
54,313,78.25
63,445,111.25
96,595,148.75
96,563,140.75
92,571,142.75
95,584,146.0
65,398,99.5
216,1455,363.75
80,520,130.0
27,142,35.5
57,455,113.75
56,334,83.5
181,1033,258.25
247,1628,407.0
87,519,129.75
81,464,116.0
164,1075,268.75
244,1655,413.75
90,632,158.0
132,886,221.5
137,986,246.5
183,1310,327.5
6,38,9.5
58,367,91.75
249,1971,492.75
45,331,82.75
54,454,113.5
241,2053,513.25
171,1340,335.0
212,1567,391.75
104,623,155.75
103,619,154.75
20,120,30.0
18,138,34.5
133,1011,252.75
186,1408,352.0
98,715,178.75
4,45,11.25
8,82,20.5
12,121,30.25
25,223,55.75
4,22,5.5
260,1383,345.75
199,1149,287.25
45,253,63.25
61,349,87.25
34,194,48.5
50,320,80.0
74,431,107.75
120,737,184.25
150,909,227.25
193,1221,305.25
18,89,22.25
46,279,69.75
25,136,34.0
127,821,205.25
61,402,100.5
58,368,92.0
106,807,201.75
70,444,111.0
7,265,66.25
84,518,129.5
28,169,42.25
300,1711,427.75
205,1144,286.0
291,1647,411.75
144,816,204.0
39,210,52.5
352,2226,556.5
43,285,71.25
126,833,208.25
24,171,42.75
5,25,6.25
25,130,32.5
29,141,35.25
40,227,56.75
170,1104,276.0
83,496,124.0
333,2096,524.0
682,4269,1067.25
212,1109,277.25
282,1895,473.75
3,18,4.5
11,50,12.5
21,163,40.75
21,158,39.5
21,160,40.0
21,155,38.75
21,162,40.5
17,125,31.25
19,119,29.75
17,114,28.5
49,297,74.25
57,324,81.0
336,1954,488.5
135,923,230.75
146,785,196.25
82,450,112.5
71,405,101.25
79,461,115.25
83,485,121.25
77,426,106.5
81,485,121.25
133,844,211.0
276,1616,404.0
555,3216,804.0
1129,6564,1641.0
2251,13110,3277.5
9,48,12.0
52,278,69.5
51,318,79.5
104,583,145.75
92,525,131.25
81,468,117.0
120,708,177.0
183,1048,262.0
269,1715,428.75
306,1993,498.25
25,148,37.0
175,1082,270.5
289,1816,454.0
65,394,98.5
262,1673,418.25
163,969,242.25
243,1633,408.25
167,1289,322.25
1,1,0.25
7,34,8.5
6,27,6.75
6,32,8.0
121,800,200.0
255,1531,382.75
226,1385,346.25
255,1492,373.0
120,751,187.75
14,78,19.5
77,393,98.25
72,401,100.25
39,221,55.25
53,301,75.25
48,275,68.75
150,939,234.75
194,1144,286.0
198,1214,303.5
189,1319,329.75
292,1854,463.5
122,669,167.25
144,799,199.75
24,145,36.25
224,1506,376.5
1,1,0.25
115,705,176.25
103,593,148.25
137,887,221.75
125,1061,265.25
5,28,7.0
4,19,4.75
4,19,4.75
221,1401,350.25
164,1393,348.25
7,33,8.25
24,120,30.0
122,756,189.0
28,141,35.25
114,669,167.25
240,1233,308.25
75,442,110.5
18,235,58.75
1,1,0.25
28,152,38.0
81,661,165.25
54,329,82.25
124,859,214.75
33,195,48.75
38,214,53.5
127,1731,432.75
138,1580,395.0
106,1273,318.25
9,50,12.5
10,54,13.5
10,54,13.5
6,36,9.0
158,786,196.5
152,929,232.25
2,12,3.0
2,40,10.0
164,1035,258.75
112,667,166.75
83,485,121.25
74,408,102.0
19,96,24.0
18,100,25.0
95,561,140.25
246,1231,307.75
302,1557,389.25
126,685,171.25
20,100,25.0
24,134,33.5
99,565,141.25
173,966,241.5
161,917,229.25
150,846,211.5
201,1211,302.75
476,3252,813.0
16,96,24.0
222,1452,363.0
73,376,94.0
205,1309,327.25
76,746,186.5
142,798,199.5
211,1363,340.75
176,1168,292.0
105,1812,453.0
96,623,155.75
189,1130,282.5
92,537,134.25
185,1285,321.25
143,1019,254.75
107,765,191.25
6,43,10.75
121,762,190.5
84,449,112.25
279,1891,472.75
8,54,13.5
135,963,240.75
177,1145,286.25
105,561,140.25
100,569,142.25
237,1442,360.5
85,499,124.75
45,214,53.5
40,184,46.0
54,305,76.25
283,1898,474.5
68,527,131.75
123,918,229.5
14,65,16.25
197,1302,325.5
308,2091,522.75
62,308,77.0
1,2,0.5
6,29,7.25
10,91,22.75
45,282,70.5
197,1186,296.5
159,1105,276.25
214,1329,332.25
127,1608,402.0
173,1176,294.0
114,600,150.0
156,859,214.75
487,3251,812.75
1,4,1.0
188,1142,285.5
63,326,81.5
117,786,196.5
162,991,247.75
166,984,246.0
276,1801,450.25
132,723,180.75
94,537,134.25
254,1422,355.5
280,1719,429.75
99,528,132.0
310,1859,464.75
1,6,1.5
9,46,11.5
36,193,48.25
53,299,74.75
1,1,0.25
20,136,34.0
1,1,0.25
25,176,44.0
264,1644,411.0
8,43,10.75
17,99,24.75
191,1223,305.75
23,119,29.75
25,126,31.5
214,1405,351.25
23,148,37.0
127,854,213.5
200,1299,324.75
136,757,189.25
194,1232,308.0
115,685,171.25
122,659,164.75
122,659,164.75
40,251,62.75
132,825,206.25
47,253,63.25
83,481,120.25
426,3122,780.5
5,18,4.5
263,1570,392.5
306,1811,452.75
91,556,139.0
35,262,65.5
5,39,9.75
7,32,8.0
203,1621,405.25
51,291,72.75
110,659,164.75
151,930,232.5
11,53,13.25
95,579,144.75
19,111,27.75
16,83,20.75
30,132,33.0
41,234,58.5
123,749,187.25
23,158,39.5
8,72,18.0
19,136,34.0
207,1371,342.75
4,29,7.25
69,434,108.5
6,34,8.5
236,1486,371.5
249,1536,384.0
155,1243,310.75
56,326,81.5
61,483,120.75
133,809,202.25
520,3542,885.5
36,228,57.0
1,1,0.25
320,1813,453.25
296,1634,408.5
243,1254,313.5
235,1191,297.75
7,34,8.5
9,41,10.25
53,313,78.25
182,1123,280.75
244,1465,366.25
244,1465,366.25
180,1043,260.75
83,441,110.25
179,976,244.0
116,591,147.75
106,576,144.0
118,692,173.0
152,831,207.75
12,60,15.0
26,139,34.75
344,2175,543.75
231,1287,321.75
42,238,59.5
214,1240,310.0
2,12,3.0
6,40,10.0
5,26,6.5
4,27,6.75
2,12,3.0
5,26,6.5
186,1324,331.0
36,198,49.5
205,1352,338.0
86,629,157.25
10,50,12.5
29,165,41.25
204,1414,353.5
48,287,71.75
98,593,148.25
327,1735,433.75
203,1112,278.0
271,1498,374.5
6,169,42.25
1,4,1.0
224,942,235.5
156,1102,275.5
57,314,78.5
26,141,35.25
3,19,4.75
281,1727,431.75
89,630,157.5
188,1182,295.5
174,1218,304.5
192,1352,338.0
114,547,136.75
235,1669,417.25
1,3,0.75
188,1522,380.5
225,1280,320.0
146,897,224.25
177,869,217.25
9,57,14.25
33,185,46.25
38,230,57.5
53,314,78.5
44,255,63.75
91,667,166.75
165,878,219.5
48,347,86.75
84,601,150.25
110,726,181.5
189,1029,257.25
220,1210,302.5
181,1079,269.75
62,380,95.0
218,1351,337.75
119,632,158.0
7,29,7.25
3,349,87.25
10,455,113.75
44,326,81.5
200,1245,311.25
41,307,76.75
43,330,82.5
31,228,57.0
24,190,47.5
24,192,48.0
23,167,41.75
10,76,19.0
158,887,221.75
9,41,10.25
95,587,146.75
202,1364,341.0
244,1494,373.5
1,5,1.25
155,1017,254.25
295,1771,442.75
297,1765,441.25
314,1869,467.25
172,1466,366.5
66,395,98.75
1,10,2.5
73,533,133.25
83,546,136.5
35,169,42.25
19,123,30.75
310,1895,473.75
170,1153,288.25
51,356,89.0
73,458,114.5
171,1120,280.0
224,1411,352.75
120,692,173.0
82,469,117.25
246,1621,405.25
135,764,191.0
19,149,37.25
48,269,67.25
568,3596,899.0
31,228,57.0
100,585,146.25
37,208,52.0
27,139,34.75
89,594,148.5
40,263,65.75
14,106,26.5
14,106,26.5
262,1586,396.5
39,226,56.5
15,79,19.75
252,1670,417.5
58,354,88.5
367,2044,511.0
126,826,206.5
158,886,221.5
55,328,82.0
18,179,44.75
257,1561,390.25
528,2626,656.5
55,326,81.5
229,1362,340.5
301,1763,440.75
76,420,105.0
32,172,43.0
77,438,109.5
67,380,95.0
83,471,117.75
81,461,115.25
289,1677,419.25
198,1045,261.25
214,1214,303.5
131,889,222.25
59,394,98.5
273,1800,450.0
99,609,152.25
38,254,63.5
78,392,98.0
217,1196,299.0
22,121,30.25
48,273,68.25
385,2067,516.75
22,121,30.25
377,2125,531.25
22,121,30.25
22,121,30.25
1,1,0.25
292,1579,394.75
13,78,19.5
241,1383,345.75
215,1223,305.75
8,41,10.25
1,4,1.0
113,711,177.75
121,781,195.25
179,1247,311.75
138,945,236.25
196,1362,340.5
9,59,14.75
91,635,158.75
96,655,163.75
26,169,42.25
189,1123,280.75
235,1563,390.75
256,1282,320.5
246,1352,338.0
401,2535,633.75
291,1829,457.25
104,577,144.25
108,605,151.25
139,826,206.5
104,589,147.25
134,780,195.0
134,776,194.0
139,840,210.0
292,1787,446.75
233,1613,403.25
55,339,84.75
139,809,202.25
116,741,185.25
232,1409,352.25
22,108,27.0
152,947,236.75
86,552,138.0
125,803,200.75
6,34,8.5
7,34,8.5
34,172,43.0
314,1831,457.75
109,648,162.0
3,12,3.0
228,1346,336.5
201,1120,280.0
175,1070,267.5
259,1529,382.25
266,1555,388.75
8,54,13.5
243,1570,392.5
255,1673,418.25
146,1004,251.0
302,1721,430.25
60,435,108.75
9,65,16.25
7,39,9.75
10,48,12.0
7,39,9.75
64,339,84.75
12,56,14.0
11,56,14.0
56,288,72.0
16,83,20.75
50,246,61.5
47,246,61.5
19,110,27.5
21,111,27.75
271,1446,361.5
178,967,241.75
141,783,195.75
23,146,36.5
23,139,34.75
166,799,199.75
217,901,225.25
2,12,3.0
69,438,109.5
8,47,11.75
70,408,102.0
68,409,102.25
96,592,148.0
87,548,137.0
57,384,96.0
86,540,135.0
97,607,151.75
30,162,40.5
85,469,117.25
209,1612,403.0
215,1245,311.25
85,510,127.5
35,182,45.5
128,610,152.5
125,831,207.75
162,1019,254.75
1,1,0.25
44,274,68.5
85,515,128.75
5,29,7.25
165,1071,267.75
18,116,29.0
12,72,18.0
7,32,8.0
143,812,203.0
123,733,183.25
104,683,170.75
36,208,52.0
159,947,236.75
108,537,134.25
200,1185,296.25
71,391,97.75
57,292,73.0
200,1369,342.25
26,151,37.75
284,1619,404.75
140,851,212.75
226,1381,345.25
80,519,129.75
49,302,75.5
108,577,144.25
124,674,168.5
242,1373,343.25
157,1116,279.0
341,1994,498.5
108,718,179.5
184,1100,275.0
108,701,175.25
26,188,47.0
54,330,82.5
17,86,21.5
24,112,28.0
181,1079,269.75
97,593,148.25
118,680,170.0
53,334,83.5
122,739,184.75
55,294,73.5
138,730,182.5
121,685,171.25
80,462,115.5
11,64,16.0
33,169,42.25
196,1148,287.0
226,1348,337.0
214,1217,304.25
72,389,97.25
291,1703,425.75
18,85,21.25
186,1311,327.75
184,1319,329.75
176,1359,339.75
127,954,238.5
85,677,169.25
97,790,197.5
114,823,205.75
96,728,182.0
76,602,150.5
108,872,218.0
86,631,157.75
89,733,183.25
41,305,76.25
28,199,49.75
70,512,128.0
19,116,29.0
359,2304,576.0
15,77,19.25
15,77,19.25
336,1855,463.75
154,1127,281.75
5,31,7.75
66,391,97.75
54,339,84.75
78,491,122.75
25,161,40.25
72,475,118.75
43,261,65.25
52,327,81.75
72,431,107.75
55,366,91.5
49,297,74.25
56,328,82.0
54,302,75.5
200,1085,271.25
226,1221,305.25
5,31,7.75
114,593,148.25
111,686,171.5
90,524,131.0
220,1283,320.75
1,1,0.25
1,1,0.25
103,645,161.25
1,4,1.0
189,1037,259.25
314,1765,441.25
158,1025,256.25
125,736,184.0
130,765,191.25
88,556,139.0
180,985,246.25
14,88,22.0
10,134,33.5
216,1344,336.0
2,21,5.25
28,162,40.5
73,399,99.75
340,2070,517.5
35,188,47.0
77,424,106.0
136,758,189.5
82,455,113.75
307,1886,471.5
314,2036,509.0
45,267,66.75
5,68,17.0
8,49,12.25
259,1551,387.75
108,695,173.75
63,412,103.0
134,797,199.25
69,391,97.75
20,112,28.0
75,411,102.75
74,369,92.25
81,456,114.0
6,28,7.0
47,291,72.75
193,1239,309.75
16,112,28.0
201,1299,324.75
151,912,228.0
186,1214,303.5
210,1480,370.0
250,1530,382.5
259,1640,410.0
304,2035,508.75
121,836,209.0
156,942,235.5
119,734,183.5
14,73,18.25
28,158,39.5
8,53,13.25
573,3136,784.0
11,70,17.5
202,1234,308.5
279,1561,390.25
44,251,62.75
188,1179,294.75
24,148,37.0
19,112,28.0
19,112,28.0
71,412,103.0
84,547,136.75
7,32,8.0
117,624,156.0
83,515,128.75
35,204,51.0
66,430,107.5
382,2448,612.0
1,1,0.25
124,686,171.5
161,954,238.5
184,1151,287.75
5,25,6.25
265,1454,363.5
486,3230,807.5
21,227,56.75
1,153,38.25
307,1861,465.25
256,1770,442.5
10,51,12.75
23,124,31.0
11,65,16.25
150,911,227.75
209,1710,427.5
166,1139,284.75
241,1668,417.0
2,25,6.25
167,1179,294.75
160,929,232.25
105,618,154.5
24,154,38.5
24,154,38.5
73,415,103.75
71,405,101.25
83,479,119.75
73,415,103.75
97,560,140.0
559,3103,775.75
177,1030,257.5
281,1849,462.25
39,204,51.0
44,268,67.0
43,242,60.5
205,1226,306.5
86,528,132.0
51,262,65.5
45,279,69.75
237,1338,334.5
87,518,129.5
7,32,8.0
35,200,50.0
15,99,24.75
158,889,222.25
130,624,156.0
144,796,199.0
142,794,198.5
116,710,177.5
32,181,45.25
24,165,41.25
6,48,12.0
13,69,17.25
82,475,118.75
63,363,90.75
184,1010,252.5
268,1640,410.0
176,985,246.25
231,1559,389.75
127,765,191.25
40,234,58.5
61,357,89.25
279,1641,410.25
209,1194,298.5
128,839,209.75
237,1356,339.0
24,150,37.5
283,1755,438.75
38,237,59.25
205,1390,347.5
88,492,123.0
106,635,158.75
6,30,7.5
79,465,116.25
33,189,47.25
151,874,218.5
115,611,152.75
47,247,61.75
78,335,83.75
220,1345,336.25
92,376,94.0
212,1323,330.75
145,1073,268.25
56,314,78.5
45,237,59.25
12,53,13.25
99,670,167.5
159,1010,252.5
6,36,9.0
2,17,4.25
2,17,4.25
2,17,4.25
88,480,120.0
180,1098,274.5
355,1834,458.5
44,275,68.75
6,26,6.5
3,25,6.25
9,60,15.0
1,6,1.5
2,18,4.5
268,1668,417.0
93,556,139.0
133,865,216.25
243,1532,383.0
62,391,97.75
34,181,45.25
66,414,103.5
66,414,103.5
156,847,211.75
383,2084,521.0
14,77,19.25
179,1355,338.75
108,611,152.75
14,48,12.0
154,657,164.25
410,1841,460.25
361,2008,502.0
294,1571,392.75
216,1200,300.0
314,1698,424.5
23,135,33.75
30,178,44.5
49,271,67.75
82,492,123.0
111,546,136.5
64,450,112.5
79,549,137.25
194,1350,337.5
176,1289,322.25
216,1602,400.5
44,278,69.5
136,955,238.75
347,2731,682.75
238,1475,368.75
145,792,198.0
54,300,75.0
194,1241,310.25
227,1450,362.5
169,1026,256.5
269,1484,371.0
331,2158,539.5
59,380,95.0
13,77,19.25
8,46,11.5
6,29,7.25
30,165,41.25
284,1517,379.25
321,2079,519.75
239,1869,467.25
38,200,50.0
282,1889,472.25
89,568,142.0
63,425,106.25
14,85,21.25
83,548,137.0
10,60,15.0
14,104,26.0
57,375,93.75
79,501,125.25
251,1950,487.5
251,1949,487.25
21,122,30.5
114,633,158.25
104,627,156.75
327,2001,500.25
321,1781,445.25
321,1781,445.25
517,2897,724.25
695,3878,969.5
1741,9761,2440.25
33,198,49.5
51,316,79.0
35,250,62.5
452,2860,715.0
252,1649,412.25
116,744,186.0
183,1170,292.5
177,1049,262.25
180,869,217.25
17,64,16.0
27,126,31.5
76,386,96.5
84,436,109.0
105,552,138.0
337,1928,482.0
250,1526,381.5
122,753,188.25
122,815,203.75
63,451,112.75
206,1382,345.5
149,963,240.75
25,146,36.5
16,79,19.75
25,145,36.25
47,286,71.5
242,1614,403.5
4,16,4.0
4,16,4.0
4,16,4.0
319,1968,492.0
324,1996,499.0
1,1,0.25
14,78,19.5
276,1677,419.25
148,902,225.5
155,978,244.5
1,27,6.75
65,297,74.25
32,184,46.0
145,933,233.25
130,764,191.0
125,697,174.25
276,1875,468.75
154,866,216.5
213,1229,307.25
486,3366,841.5
7,36,9.0
15,77,19.25
7,29,7.25
45,230,57.5
35,204,51.0
8,40,10.0
15,82,20.5
18,92,23.0
44,240,60.0
8,42,10.5
13,69,17.25
8,48,12.0
9,50,12.5
8,42,10.5
13,76,19.0
19,109,27.25
24,129,32.25
30,162,40.5
11,58,14.5
11,56,14.0
14,79,19.75
14,70,17.5
12,64,16.0
13,82,20.5
18,127,31.75
33,205,51.25
52,330,82.5
31,156,39.0
7,32,8.0
10,46,11.5
12,79,19.75
34,214,53.5
311,2296,574.0
152,1144,286.0
169,1311,327.75
198,1081,270.25
89,501,125.25
24,134,33.5
38,233,58.25
8,34,8.5
267,1454,363.5
247,1566,391.5
1,3,0.75
248,1502,375.5
79,380,95.0
23,306,76.5
1,4,1.0
79,480,120.0
14,54,13.5
68,412,103.0
229,1438,359.5
63,342,85.5
127,703,175.75
17,104,26.0
72,433,108.25
106,713,178.25
104,824,206.0
152,997,249.25
126,1140,285.0
150,1000,250.0
140,1114,278.5
83,532,133.0
190,1656,414.0
160,1024,256.0
22,127,31.75
80,426,106.5
157,1012,253.0
119,819,204.75
172,1109,277.25
258,1769,442.25
244,1666,416.5
232,1568,392.0
111,634,158.5
2,11,2.75
90,587,146.75
48,281,70.25
9,41,10.25
35,181,45.25
105,708,177.0
234,1481,370.25
1,1,0.25
51,311,77.75
23,148,37.0
15,109,27.25
58,400,100.0
277,1831,457.75
60,296,74.0
46,227,56.75
396,2183,545.75
61,401,100.25
159,875,218.75
16,98,24.5
10,66,16.5
285,1931,482.75
27,179,44.75
244,1530,382.5
11,59,14.75
15,119,29.75
201,1330,332.5
19,96,24.0
97,590,147.5
1,6,1.5
48,260,65.0
51,315,78.75
65,391,97.75
74,444,111.0
246,1613,403.25
65,381,95.25
226,1334,333.5
234,1492,373.0
66,382,95.5
167,1054,263.5
24,147,36.75
19,107,26.75
12,73,18.25
26,125,31.25
151,897,224.25
40,234,58.5
80,461,115.25
263,1695,423.75
158,1684,421.0
145,1810,452.5
21,122,30.5
16,109,27.25
246,1530,382.5
21,121,30.25
118,628,157.0
152,927,231.75
143,756,189.0
21,121,30.25
10,68,17.0
95,636,159.0
19,108,27.0
8,226,56.5
12,66,16.5
172,1107,276.75
335,2265,566.25
163,917,229.25
232,1481,370.25
180,1067,266.75
177,988,247.0
157,952,238.0
186,1139,284.75
122,741,185.25
123,681,170.25
155,822,205.5
167,1065,266.25
113,663,165.75
113,663,165.75
7,40,10.0
11,62,15.5
126,779,194.75
144,904,226.0
62,345,86.25
105,661,165.25
48,398,99.5
241,1702,425.5
403,2705,676.25
352,2320,580.0
395,2740,685.0
378,2779,694.75
370,2684,671.0
363,2653,663.25
12,66,16.5
29,150,37.5
49,262,65.5
51,291,72.75
21,138,34.5
34,238,59.5
37,237,59.25
70,486,121.5
81,606,151.5
89,552,138.0
387,2135,533.75
256,1023,255.75
48,302,75.5
381,2626,656.5
121,821,205.25
11,128,32.0
150,944,236.0
185,1166,291.5
7,34,8.5
247,1414,353.5
320,1892,473.0
261,1568,392.0
236,1494,373.5
40,217,54.25
150,1000,250.0
362,2302,575.5
12,101,25.25
20,84,21.0
45,219,54.75
1,15,3.75
248,1776,444.0
12,83,20.75
83,516,129.0
38,227,56.75
38,233,58.25
108,577,144.25
108,577,144.25
157,822,205.5
171,1184,296.0
139,963,240.75
139,963,240.75
139,963,240.75
330,1792,448.0
4,19,4.75
33,138,34.5
83,330,82.5
82,323,80.75
87,389,97.25
1,1,0.25
253,1434,358.5
217,1292,323.0
334,2305,576.25
22,121,30.25
60,326,81.5
61,360,90.0
48,261,65.25
1,2,0.5
333,1822,455.5
217,1450,362.5
48,270,67.5
93,514,128.5
1,1,0.25
260,1764,441.0
150,983,245.75
18,117,29.25
2,7,1.75
14,86,21.5
22,129,32.25
199,1496,374.0
64,398,99.5
2,309,77.25
320,2081,520.25
30,213,53.25
57,341,85.25
424,2827,706.75
22,129,32.25
240,1670,417.5
30,139,34.75
203,1456,364.0
350,2000,500.0
43,272,68.0
22,121,30.25
158,809,202.25
224,1396,349.0
236,1382,345.5
307,1823,455.75
38,335,83.75
360,1841,460.25
122,688,172.0
65,365,91.25
34,182,45.5
19,97,24.25
43,253,63.25
39,197,49.25
179,1190,297.5
12,63,15.75
363,2413,603.25
378,2494,623.5
14,96,24.0
44,267,66.75
139,758,189.5
8,50,12.5
276,1597,399.25
15,97,24.25
306,1824,456.0
138,859,214.75
31,164,41.0
26,133,33.25
26,133,33.25
26,133,33.25
110,634,158.5
64,359,89.75
193,1125,281.25
180,963,240.75
143,741,185.25
120,632,158.0
209,1303,325.75
132,761,190.25
391,2509,627.25
105,601,150.25
100,565,141.25
80,472,118.0
16,98,24.5
1,201,50.25
3,20,5.0
3,21,5.25
181,1149,287.25
215,1360,340.0
123,711,177.75
7,46,11.5
55,345,86.25
22,349,87.25
721,3933,983.25
96,595,148.75
397,2228,557.0
192,1041,260.25
29,157,39.25
57,336,84.0
44,228,57.0
201,1350,337.5
98,528,132.0
152,1054,263.5
161,1113,278.25
77,597,149.25
98,706,176.5
7,34,8.5
34,200,50.0
120,608,152.0
27,147,36.75
66,317,79.25
15,91,22.75
43,246,61.5
21,133,33.25
2,12,3.0
10,71,17.75
2,11,2.75
6,31,7.75
344,1939,484.75
239,1613,403.25
95,487,121.75
10,44,11.0
14,64,16.0
30,168,42.0
34,191,47.75
35,176,44.0
72,282,70.5
80,333,83.25
140,709,177.25
67,344,86.0
85,444,111.0
137,632,158.0
310,1910,477.5
545,3501,875.25
242,1522,380.5
142,867,216.75
45,311,77.75
31,151,37.75
65,349,87.25
66,349,87.25
75,388,97.0
100,489,122.25
82,467,116.75
92,465,116.25
177,913,228.25
91,487,121.75
61,303,75.75
35,278,69.5
34,302,75.5
250,1534,383.5
75,457,114.25
262,1781,445.25
75,412,103.0
45,250,62.5
39,247,61.75
79,496,124.0
278,1773,443.25
302,1822,455.5
337,2088,522.0
295,1877,469.25
15,104,26.0
4,23,5.75
28,151,37.75
50,290,72.5
110,660,165.0
30,184,46.0
32,183,45.75
32,177,44.25
27,156,39.0
32,184,46.0
13,69,17.25
157,981,245.25
116,719,179.75
483,3286,821.5
136,993,248.25
488,2790,697.5
1,1,0.25
22,115,28.75
55,469,117.25
119,832,208.0
26,135,33.75
34,179,44.75
108,611,152.75
34,180,45.0
5,257,64.25
81,475,118.75
210,1415,353.75
148,928,232.0
196,1477,369.25
437,2859,714.75
57,346,86.5
46,307,76.75
7,32,8.0
32,198,49.5
47,283,70.75
31,198,49.5
59,352,88.0
44,263,65.75
113,1448,362.0
304,1940,485.0
6,37,9.25
1,3,0.75
135,703,175.75
44,222,55.5
5,27,6.75
148,1114,278.5
116,972,243.0
120,1042,260.5
107,930,232.5
155,1194,298.5
96,714,178.5
80,607,151.75
69,561,140.25
18,165,41.25
222,1508,377.0
187,1210,302.5
364,2314,578.5
368,2330,582.5
19,108,27.0
210,1262,315.5
295,1748,437.0
80,498,124.5
51,330,82.5
151,1389,347.25
300,1697,424.25
60,392,98.0
7,34,8.5
31,170,42.5
31,211,52.75
17,87,21.75
2,9,2.25
15,58,14.5
7,32,8.0
15,76,19.0
25,152,38.0
299,1755,438.75
283,1714,428.5
217,1278,319.5
1,10,2.5
177,1005,251.25
152,818,204.5
165,937,234.25
263,1450,362.5
7,32,8.0
36,200,50.0
125,698,174.5
235,1480,370.0
186,1149,287.25
182,1180,295.0
231,1882,470.5
96,563,140.75
459,2844,711.0
98,560,140.0
14,89,22.25
16,99,24.75
215,1477,369.25
13,102,25.5
331,1977,494.25
280,1579,394.75
405,2368,592.0
385,2171,542.75
4,20,5.0
19,127,31.75
20,118,29.5
28,144,36.0
152,872,218.0
195,1059,264.75
180,1269,317.25
452,3026,756.5
34,165,41.25
48,233,58.25
41,212,53.0
57,325,81.25
76,430,107.5
97,638,159.5
105,634,158.5
64,329,82.25
93,619,154.75
63,386,96.5
64,397,99.25
88,546,136.5
208,1340,335.0
100,632,158.0
192,1258,314.5
4,17,4.25
1,8,2.0
1,8,2.0
2,13,3.25
1,17,4.25
7,34,8.5
15,86,21.5
45,280,70.0
77,428,107.0
231,1896,474.0
299,2104,526.0
32,170,42.5
11,50,12.5
96,543,135.75
144,771,192.75
419,3004,751.0
8,152,38.0
37,454,113.5
1,9,2.25
1,11,2.75
15,88,22.0
2,21,5.25
1,9,2.25
3,27,6.75
37,190,47.5
267,1610,402.5
270,1634,408.5
186,1255,313.75
8,46,11.5
258,1647,411.75
31,159,39.75
320,1660,415.0
33,200,50.0
222,1209,302.25
8,53,13.25
176,1080,270.0
246,1518,379.5
91,578,144.5
9,64,16.0
9,58,14.5
143,840,210.0
254,1511,377.75
7,33,8.25
1,2,0.5
1,2,0.5
5,25,6.25
75,559,139.75
73,495,123.75
20,157,39.25
150,1369,342.25
153,1356,339.0
151,1304,326.0
287,1682,420.5
149,864,216.0
197,1110,277.5
179,1006,251.5
11,73,18.25
27,138,34.5
8,45,11.25
2,15,3.75
55,297,74.25
31,164,41.0
43,229,57.25
41,161,40.25
147,1031,257.75
18,87,21.75
9,69,17.25
9,64,16.0
13,89,22.25
9,64,16.0
13,88,22.0
33,166,41.5
378,2419,604.75
1,146,36.5
7,32,8.0
57,325,81.25
9,63,15.75
26,131,32.75
41,235,58.75
47,268,67.0
63,338,84.5
9,45,11.25
308,1908,477.0
308,1908,477.0
20,127,31.75
105,596,149.0
354,1991,497.75
345,2000,500.0
378,2041,510.25
38,216,54.0
87,498,124.5
192,1065,266.25
65,397,99.25
43,226,56.5
100,588,147.0
24,142,35.5
15,95,23.75
66,414,103.5
73,401,100.25
115,728,182.0
3,15,3.75
4,29,7.25
56,332,83.0
1,2,0.5
358,2261,565.25
152,1534,383.5
7,34,8.5
123,759,189.75
21,118,29.5
64,375,93.75
72,395,98.75
69,360,90.0
268,1742,435.5
230,1462,365.5
215,1466,366.5
42,242,60.5
45,247,61.75
145,826,206.5
172,945,236.25
149,838,209.5
164,896,224.0
18,91,22.75
8,76,19.0
55,415,103.75
67,482,120.5
73,445,111.25
99,634,158.5
86,495,123.75
113,729,182.25
249,1446,361.5
218,1317,329.25
307,1793,448.25
58,332,83.0
251,1689,422.25
363,2131,532.75
301,2179,544.75
293,2020,505.0
205,1092,273.0
130,702,175.5
132,720,180.0
158,860,215.0
97,533,133.25
98,537,134.25
130,747,186.75
124,712,178.0
1,17,4.25
67,404,101.0
88,448,112.0
178,1079,269.75
216,1524,381.0
26,181,45.25
21,122,30.5
22,103,25.75
176,1152,288.0
152,1036,259.0
152,1036,259.0
126,814,203.5
125,797,199.25
128,818,204.5
122,782,195.5
147,953,238.25
160,1065,266.25
152,979,244.75
115,784,196.0
106,707,176.75
16,79,19.75
3,20,5.0
5,20,5.0
2,11,2.75
6,28,7.0
147,1035,258.75
66,467,116.75
44,271,67.75
146,928,232.0
48,281,70.25
522,3068,767.0
289,1633,408.25
326,2003,500.75
305,1873,468.25
351,2248,562.0
257,1811,452.75
116,639,159.75
63,343,85.75
131,949,237.25
45,409,102.25
49,423,105.75
268,1752,438.0
171,1193,298.25
27,153,38.25
201,1143,285.75
81,455,113.75
79,515,128.75
25,119,29.75
62,389,97.25
85,548,137.0
69,595,148.75
176,1177,294.25
170,1067,266.75
394,2484,621.0
41,230,57.5
34,177,44.25
41,253,63.25
35,222,55.5
55,298,74.5
7,34,8.5
245,1386,346.5
166,1558,389.5
7,34,8.5
302,1718,429.5
281,1601,400.25
249,1336,334.0
462,2762,690.5
248,1437,359.25
31,162,40.5
258,1437,359.25
52,362,90.5
25,167,41.75
8,41,10.25
10,46,11.5
52,362,90.5
52,362,90.5
78,409,102.25
168,1061,265.25
114,822,205.5
279,1844,461.0
185,1313,328.25
226,1431,357.75
97,545,136.25
181,1040,260.0
181,1002,250.5
160,959,239.75
143,820,205.0
102,591,147.75
218,1330,332.5
189,1133,283.25
36,241,60.25
268,1714,428.5
223,1361,340.25
223,1361,340.25
192,1220,305.0
184,1024,256.0
4,39,9.75
63,449,112.25
64,405,101.25
72,475,118.75
91,606,151.5
113,601,150.25
8,40,10.0
53,289,72.25
206,1124,281.0
347,2791,697.75
73,406,101.5
79,420,105.0
469,2415,603.75
131,709,177.25
126,751,187.75
16,83,20.75
29,268,67.0
62,414,103.5
1,20,5.0
43,311,77.75
243,1845,461.25
12,66,16.5
34,185,46.25
74,409,102.25
32,161,40.25
176,1066,266.5
1,3,0.75
36,230,57.5
19,77,19.25
65,369,92.25
203,1313,328.25
98,653,163.25
100,673,168.25
50,317,79.25
6,47,11.75
233,1513,378.25
387,2197,549.25
407,2291,572.75
23,136,34.0
33,236,59.0
109,669,167.25
268,2135,533.75
13,78,19.5
9,58,14.5
193,1157,289.25
238,1427,356.75
246,1553,388.25
392,2280,570.0
398,2325,581.25
289,1734,433.5
285,1745,436.25
36,231,57.75
1,6,1.5
9,51,12.75
21,118,29.5
169,899,224.75
22,112,28.0
291,1749,437.25
117,674,168.5
16,81,20.25
1,8,2.0
132,1104,276.0
92,595,148.75
190,1256,314.0
16,115,28.75
38,241,60.25
48,305,76.25
49,309,77.25
8,35,8.75
41,304,76.0
1,1,0.25
289,2000,500.0
192,1261,315.25
7,34,8.5
178,1053,263.25
20,110,27.5
190,1172,293.0
176,1492,373.0
281,1765,441.25
6,34,8.5
232,1318,329.5
396,2188,547.0
7,34,8.5
1,1,0.25
64,430,107.5
148,893,223.25
258,1619,404.75
44,282,70.5
232,1283,320.75
248,1366,341.5
18,94,23.5
1,1,0.25
7,34,8.5
155,848,212.0
9,59,14.75
121,758,189.5
99,619,154.75
120,732,183.0
89,549,137.25
129,771,192.75
7,31,7.75
55,330,82.5
1,8,2.0
1,9,2.25
323,2642,660.5
62,373,93.25
223,1520,380.0
81,451,112.75
177,1042,260.5
65,328,82.0
101,577,144.25
47,258,64.5
64,366,91.5
20,112,28.0
78,449,112.25
106,620,155.0
320,2062,515.5
3,11,2.75
1,30,7.5
1,24,6.0
1,24,6.0
1,24,6.0
81,561,140.25
92,554,138.5
104,1278,319.5
7,34,8.5
7,32,8.0
1,30,7.5
37,198,49.5
1,1,0.25
37,143,35.75
56,313,78.25
79,470,117.5
156,914,228.5
35,203,50.75
132,703,175.75
72,332,83.0
7,43,10.75
1,32,8.0
58,341,85.25
4,18,4.5
24,180,45.0
7,34,8.5
50,309,77.25
148,942,235.5
122,743,185.75
80,509,127.25
146,969,242.25
44,265,66.25
173,932,233.0
149,791,197.75
44,265,66.25
185,1034,258.5
63,357,89.25
36,220,55.0
74,459,114.75
202,1188,297.0
202,1213,303.25
261,1522,380.5
243,1452,363.0
307,1817,454.25
204,1301,325.25
192,1193,298.25
218,1361,340.25
20,95,23.75
6,33,8.25
1,8,2.0
376,2262,565.5
39,218,54.5
14,77,19.25
20,109,27.25
53,267,66.75
80,421,105.25
8,82,20.5
81,547,136.75
1,15,3.75
11,65,16.25
44,283,70.75
51,321,80.25
367,1966,491.5
290,1612,403.0
210,1249,312.25
112,578,144.5
20,100,25.0
105,531,132.75
288,1621,405.25
343,2150,537.5
45,245,61.25
180,1191,297.75
214,1337,334.25
349,2135,533.75
59,311,77.75
7,34,8.5
102,506,126.5
88,572,143.0
7,34,8.5
1,9,2.25
139,907,226.75
151,992,248.0
211,1311,327.75
114,828,207.0
156,1182,295.5
170,1398,349.5
178,1075,268.75
258,1598,399.5
150,714,178.5
33,172,43.0
332,2127,531.75
1,2,0.5
12,65,16.25
12,65,16.25
158,863,215.75
27,139,34.75
210,1240,310.0
149,918,229.5
101,566,141.5
174,1086,271.5
31,160,40.0
44,238,59.5
85,466,116.5
64,344,86.0
71,370,92.5
72,429,107.25
135,721,180.25
323,2199,549.75
275,1897,474.25
122,681,170.25
294,1545,386.25
27,144,36.0
249,1445,361.25
10,48,12.0
347,2514,628.5
21,110,27.5
1,1,0.25
1,1,0.25
1,1,0.25
1,1,0.25
29,178,44.5
319,1728,432.0
31,174,43.5
241,1228,307.0
318,2142,535.5
92,395,98.75
77,350,87.5
77,344,86.0
53,245,61.25
53,245,61.25
273,1446,361.5
1,3,0.75
90,517,129.25
153,1250,312.5
268,1546,386.5
120,670,167.5
19,114,28.5
1,1,0.25
183,1064,266.0
252,1614,403.5
181,1126,281.5
50,295,73.75
233,1378,344.5
67,469,117.25
215,1415,353.75
290,1857,464.25
214,1383,345.75
238,1582,395.5
303,1943,485.75
65,395,98.75
38,239,59.75
44,285,71.25
5,33,8.25
189,978,244.5
305,2445,611.25
187,1248,312.0
56,370,92.5
194,1044,261.0
341,2309,577.25
109,569,142.25
87,470,117.5
33,197,49.25
205,1314,328.5
208,1335,333.75
166,886,221.5
167,960,240.0
97,555,138.75
333,2284,571.0
41,246,61.5
27,161,40.25
331,2008,502.0
6,29,7.25
165,922,230.5
109,617,154.25
366,2238,559.5
6,29,7.25
176,1034,258.5
28,161,40.25
130,757,189.25
52,304,76.0
312,2263,565.75
3,18,4.5
12,69,17.25
35,191,47.75
66,382,95.5
119,713,178.25
161,1004,251.0
150,901,225.25
92,516,129.0
227,1438,359.5
83,497,124.25
69,432,108.0
7,32,8.0
41,224,56.0
83,519,129.75
265,1714,428.5
59,369,92.25
81,521,130.25
64,393,98.25
72,486,121.5
22,114,28.5
250,1349,337.25
6,25,6.25
442,3070,767.5
559,3045,761.25
135,1640,410.0
145,1152,288.0
64,362,90.5
33,161,40.25
8,42,10.5
148,1069,267.25
185,1221,305.25
103,681,170.25
146,832,208.0
168,967,241.75
347,2294,573.5
347,2605,651.25
349,2612,653.0
354,2427,606.75
383,2564,641.0
398,2794,698.5
169,1335,333.75
40,237,59.25
431,2892,723.0
340,2401,600.25
145,803,200.75
145,880,220.0
205,1330,332.5
163,976,244.0
210,1278,319.5
81,491,122.75
172,1138,284.5
258,1760,440.0
7,32,8.0
16,101,25.25
341,1913,478.25
23,119,29.75
6,33,8.25
44,276,69.0
117,718,179.5
17,81,20.25
17,81,20.25
17,81,20.25
88,515,128.75
137,846,211.5
163,1106,276.5
91,580,145.0
76,469,117.25
85,467,116.75
67,377,94.25
86,519,129.75
122,722,180.5
71,401,100.25
49,303,75.75
38,197,49.25
62,297,74.25
477,3162,790.5
642,3929,982.25
321,1902,475.5
312,1826,456.5
196,1187,296.75
7,32,8.0
103,689,172.25
7,41,10.25
236,1495,373.75
236,1495,373.75
139,873,218.25
15,83,20.75
164,983,245.75
23,134,33.5
26,152,38.0
40,193,48.25
72,508,127.0
9,52,13.0
147,944,236.0
124,800,200.0
7,51,12.75
203,1189,297.25
236,1367,341.75
255,1452,363.0
6,32,8.0
7,38,9.5
15,100,25.0
148,1010,252.5
10,49,12.25
14,70,17.5
26,132,33.0
107,668,167.0
176,1088,272.0
30,193,48.25
22,121,30.25
217,1539,384.75
326,1928,482.0
38,214,53.5
7,34,8.5
17,112,28.0
1,4,1.0
167,1181,295.25
7,32,8.0
134,1119,279.75
248,1362,340.5
256,1445,361.25
183,1120,280.0
203,1169,292.25
117,650,162.5
67,423,105.75
83,487,121.75
156,929,232.25
121,686,171.5
194,1091,272.75
152,921,230.25
181,1063,265.75
135,724,181.0
246,1449,362.25
272,1511,377.75
254,1464,366.0
44,260,65.0
244,1375,343.75
291,1680,420.0
27,167,41.75
9,53,13.25
188,1119,279.75
172,974,243.5
10,61,15.25
6,33,8.25
280,1502,375.5
255,1397,349.25
251,1473,368.25
272,1487,371.75
8,50,12.5
571,3783,945.75
261,1635,408.75
252,1481,370.25
79,500,125.0
69,478,119.5
46,257,64.25
171,1114,278.5
234,1407,351.75
239,1434,358.5
11,65,16.25
431,2710,677.5
7,34,8.5
140,923,230.75
240,1378,344.5
1,1,0.25
343,2008,502.0
215,1586,396.5
9,50,12.5
153,906,226.5
173,965,241.25
33,213,53.25
8,54,13.5
181,1273,318.25
161,1048,262.0
7,28,7.0
159,1145,286.25
204,1422,355.5
216,1400,350.0
163,998,249.5
11,52,13.0
22,142,35.5
242,1532,383.0
9,45,11.25
18,97,24.25
195,1410,352.5
7,34,8.5
33,174,43.5
208,1477,369.25
23,148,37.0
90,694,173.5
7,34,8.5
13,56,14.0
18,73,18.25
79,495,123.75
61,395,98.75
24,122,30.5
16,89,22.25
43,239,59.75
62,346,86.5
142,876,219.0
122,676,169.0
13,79,19.75
261,1530,382.5
7,31,7.75
59,366,91.5
1,1,0.25
130,909,227.25
161,919,229.75
34,201,50.25
83,485,121.25
82,490,122.5
132,814,203.5
73,535,133.75
41,235,58.75
236,1482,370.5
7,32,8.0
121,791,197.75
7,34,8.5
54,274,68.5
165,1243,310.75
148,1147,286.75
106,876,219.0
356,1989,497.25
7,37,9.25
25,164,41.0
250,1438,359.5
202,1124,281.0
265,1475,368.75
264,1473,368.25
15,87,21.75
2,8,2.0
7,34,8.5
144,827,206.75
247,1413,353.25
218,1283,320.75
40,259,64.75
29,209,52.25
85,557,139.25
11,85,21.25
11,92,23.0
92,522,130.5
208,1374,343.5
249,1619,404.75
274,1784,446.0
71,418,104.5
6,30,7.5
6,30,7.5
62,345,86.25
70,425,106.25
6,26,6.5
7,32,8.0
1,28,7.0
203,1176,294.0
174,1096,274.0
13,66,16.5
69,716,179.0
69,368,92.0
64,530,132.5
64,529,132.25
53,289,72.25
108,659,164.75
7,37,9.25
27,523,130.75
85,506,126.5
71,432,108.0
80,488,122.0
271,1775,443.75
67,574,143.5
85,490,122.5
11,66,16.5
7,34,8.5
16,103,25.75
16,89,22.25
6,34,8.5
50,279,69.75
54,319,79.75
23,140,35.0
106,600,150.0
148,856,214.0
165,1184,296.0
153,995,248.75
138,1084,271.0
46,263,65.75
139,1401,350.25
19,114,28.5
4,20,5.0
4,20,5.0
74,401,100.25
233,1670,417.5
306,1658,414.5
236,1271,317.75
307,1765,441.25
157,933,233.25
247,1493,373.25
316,1965,491.25
283,1718,429.5
226,1291,322.75
11,62,15.5
22,125,31.25
77,499,124.75
198,1525,381.25
177,1424,356.0
109,599,149.75
26,156,39.0
239,1536,384.0
13,68,17.0
15,91,22.75
129,823,205.75
55,319,79.75
247,1468,367.0
318,1729,432.25
283,1502,375.5
137,803,200.75
60,406,101.5
79,475,118.75
44,256,64.0
5,25,6.25
202,1869,467.25
168,1037,259.25
253,1634,408.5
1,1,0.25
84,474,118.5
86,497,124.25
1,1,0.25
155,983,245.75
193,1164,291.0
99,613,153.25
150,1028,257.0
296,1743,435.75
277,1640,410.0
245,1497,374.25
400,2359,589.75
49,277,69.25
193,1162,290.5
45,324,81.0
118,667,166.75
63,384,96.0
212,1253,313.25
293,1722,430.5
223,1334,333.5
228,1508,377.0
74,411,102.75
68,398,99.5
181,1007,251.75
310,2057,514.25
242,1885,471.25
249,1412,353.0
44,272,68.0
279,1580,395.0
139,1159,289.75
142,1145,286.25
98,735,183.75
124,942,235.5
119,865,216.25
359,2071,517.75
359,2071,517.75
364,2075,518.75
1,1,0.25
1,1,0.25
51,288,72.0
209,1384,346.0
373,2311,577.75
172,1062,265.5
124,732,183.0
23,136,34.0
32,157,39.25
71,430,107.5
120,752,188.0
119,749,187.25
104,685,171.25
51,308,77.0
148,865,216.25
163,1112,278.0
27,223,55.75
253,1698,424.5
1,5,1.25
4,26,6.5
6,35,8.75
1,5,1.25
6,35,8.75
5,29,7.25
131,773,193.25
73,432,108.0
21,124,31.0
8,53,13.25
12,71,17.75
82,448,112.0
94,397,99.25
248,1684,421.0
135,900,225.0
34,196,49.0
15,63,15.75
65,405,101.25
30,122,30.5
1,1,0.25
327,2058,514.5
278,1589,397.25
285,1737,434.25
45,270,67.5
221,1416,354.0
90,559,139.75
142,881,220.25
54,343,85.75
18,108,27.0
156,1082,270.5
196,1148,287.0
196,1177,294.25
19,135,33.75
190,1261,315.25
1,1,0.25
186,1087,271.75
152,1009,252.25
195,1292,323.0
15,88,22.0
195,1170,292.5
174,1013,253.25
199,1172,293.0
189,1082,270.5
165,1104,276.0
132,948,237.0
243,1644,411.0
134,919,229.75
126,745,186.25
235,1385,346.25
232,1360,340.0
62,374,93.5
1,4,1.0
71,1025,256.25
20,118,29.5
63,349,87.25
75,412,103.0
71,402,100.5
92,514,128.5
371,1939,484.75
110,624,156.0
138,707,176.75
121,642,160.5
87,476,119.0
73,373,93.25
96,531,132.75
103,564,141.0
99,555,138.75
71,394,98.5
152,835,208.75
87,490,122.5
89,509,127.25
73,417,104.25
28,138,34.5
15,77,19.25
163,1181,295.25
223,1343,335.75
165,983,245.75
83,431,107.75
92,493,123.25
88,495,123.75
94,513,128.25
112,613,153.25
2,18,4.5
67,379,94.75
46,327,81.75
343,2139,534.75
5,26,6.5
14,64,16.0
3,18,4.5
2,10,2.5
4,26,6.5
17,102,25.5
16,81,20.25
139,858,214.5
232,1382,345.5
406,2283,570.75
58,186,46.5
54,301,75.25
1,8,2.0
84,1061,265.25
75,425,106.25
62,337,84.25
8,52,13.0
157,901,225.25
150,918,229.5
303,1761,440.25
177,1539,384.75
179,1546,386.5
545,3283,820.75
484,3050,762.5
17,110,27.5
12,84,21.0
281,2008,502.0
1,8,2.0
8,37,9.25
199,1329,332.25
90,537,134.25
228,1625,406.25
77,462,115.5
69,423,105.75
107,644,161.0
186,1338,334.5
126,668,167.0
188,1248,312.0
12,85,21.25
12,92,23.0
12,87,21.75
7,34,8.5
1,1,0.25
255,1628,407.0
82,561,140.25
250,1689,422.25
172,912,228.0
162,916,229.0
198,1174,293.5
5,23,5.75
5,23,5.75
317,1722,430.5
66,414,103.5
70,496,124.0
150,1088,272.0
14,87,21.75
1,13,3.25
101,712,178.0
45,245,61.25
330,2070,517.5
37,254,63.5
255,1735,433.75
215,1357,339.25
133,757,189.25
174,970,242.5
134,955,238.75
5,26,6.5
73,461,115.25
154,848,212.0
199,1154,288.5
166,1111,277.75
74,414,103.5
128,694,173.5
41,196,49.0
103,554,138.5
81,454,113.5
77,466,116.5
25,166,41.5
72,477,119.25
1,175,43.75
302,2026,506.5
5,21,5.25
28,140,35.0
256,1520,380.0
314,1820,455.0
374,2482,620.5
264,1808,452.0
266,1674,418.5
8,57,14.25
34,171,42.75
81,478,119.5
105,643,160.75
82,490,122.5
94,493,123.25
130,1063,265.75
322,2231,557.75
68,404,101.0
68,404,101.0
71,423,105.75
71,423,105.75
71,423,105.75
71,423,105.75
224,1518,379.5
38,241,60.25
323,1846,461.5
48,319,79.75
70,421,105.25
64,879,219.75
289,1979,494.75
72,461,115.25
182,1106,276.5
260,1610,402.5
16,72,18.0
1,1,0.25
1,4,1.0
56,337,84.25
56,337,84.25
56,357,89.25
84,508,127.0
479,2583,645.75
103,587,146.75
60,368,92.0
243,1676,419.0
141,972,243.0
181,1402,350.5
240,1424,356.0
6,32,8.0
64,379,94.75
69,366,91.5
112,743,185.75
293,1614,403.5
64,412,103.0
120,629,157.25
62,457,114.25
131,944,236.0
20,118,29.5
109,1515,378.75
316,1963,490.75
51,253,63.25
337,2267,566.75
286,2008,502.0
200,1150,287.5
146,935,233.75
193,1205,301.25
79,429,107.25
82,469,117.25
31,157,39.25
22,109,27.25
19,97,24.25
25,132,33.0
51,270,67.5
29,132,33.0
37,212,53.0
4,35,8.75
4,35,8.75
7,32,8.0
17,110,27.5
198,1289,322.25
29,218,54.5
148,837,209.25
56,343,85.75
172,1046,261.5
179,1099,274.75
206,1475,368.75
185,1134,283.5
3,13,3.25
57,358,89.5
51,262,65.5
2,9,2.25
314,2065,516.25
78,478,119.5
133,1472,368.0
271,1517,379.25
133,736,184.0
62,394,98.5
258,1463,365.75
286,1649,412.25
2,14,3.5
8,49,12.25
2,40,10.0
1,27,6.75
176,1115,278.75
153,991,247.75
25,145,36.25
17,105,26.25
119,664,166.0
93,532,133.0
86,491,122.75
82,476,119.0
5,20,5.0
25,125,31.25
68,364,91.0
3,15,3.75
183,1014,253.5
156,959,239.75
154,962,240.5
110,693,173.25
225,1408,352.0
275,1697,424.25
318,1997,499.25
300,1930,482.5
25,121,30.25
272,1624,406.0
286,1846,461.5
214,1385,346.25
88,473,118.25
85,475,118.75
84,467,116.75
111,661,165.25
47,318,79.5
177,1178,294.5
155,972,243.0
19,123,30.75
168,827,206.75
74,667,166.75
243,1468,367.0
181,1161,290.25
3,17,4.25
6,37,9.25
9,43,10.75
41,280,70.0
48,502,125.5
90,934,233.5
134,1279,319.75
383,2388,597.0
201,1115,278.75
1,28,7.0
7,32,8.0
9,40,10.0
14,86,21.5
36,253,63.25
86,551,137.75
60,509,127.25
68,525,131.25
97,661,165.25
72,449,112.25
94,680,170.0
176,1150,287.5
99,715,178.75
99,693,173.25
44,261,65.25
109,784,196.0
85,633,158.25
73,536,134.0
53,358,89.5
57,363,90.75
59,478,119.5
178,1081,270.25
54,330,82.5
63,318,79.5
7,34,8.5
128,817,204.25
222,1431,357.75
148,874,218.5
65,370,92.5
23,129,32.25
14,84,21.0
13,71,17.75
19,101,25.25
12,53,13.25
9,54,13.5
11,57,14.25
12,54,13.5
193,1544,386.0
327,2154,538.5
242,1484,371.0
173,1131,282.75
214,1285,321.25
194,1145,286.25
121,711,177.75
25,140,35.0
77,534,133.5
130,850,212.5
10,47,11.75
10,48,12.0
11,51,12.75
10,45,11.25
268,1852,463.0
29,146,36.5
22,119,29.75
1,37,9.25
6,51,12.75
23,152,38.0
101,652,163.0
43,286,71.5
44,388,97.0
70,438,109.5
24,163,40.75
190,1012,253.0
1,15,3.75
108,532,133.0
7,32,8.0
17,86,21.5
19,112,28.0
132,914,228.5
109,773,193.25
13,102,25.5
13,103,25.75
344,1724,431.0
335,1669,417.25
379,1746,436.5
381,1814,453.5
42,225,56.25
34,182,45.5
31,182,45.5
65,400,100.0
297,1926,481.5
305,1779,444.75
181,1073,268.25
62,442,110.5
178,1215,303.75
108,590,147.5
21,127,31.75
7,34,8.5
159,1028,257.0
29,195,48.75
25,122,30.5
48,329,82.25
30,197,49.25
17,113,28.25
5,26,6.5
1,1,0.25
15,95,23.75
7,38,9.5
67,517,129.25
258,1713,428.25
254,1708,427.0
245,1674,418.5
126,874,218.5
198,1301,325.25
165,1010,252.5
50,272,68.0
121,677,169.25
205,1464,366.0
93,570,142.5
56,330,82.5
80,519,129.75
201,1333,333.25
114,649,162.25
119,670,167.5
65,396,99.0
187,1097,274.25
166,1012,253.0
29,136,34.0
49,356,89.0
6,26,6.5
4,19,4.75
5,23,5.75
4,19,4.75
4,18,4.5
4,18,4.5
4,18,4.5
32,204,51.0
59,363,90.75
64,387,96.75
6,30,7.5
207,1480,370.0
239,1147,286.75
5,38,9.5
5,35,8.75
5,33,8.25
7,49,12.25
1,3,0.75
7,34,8.5
142,857,214.25
17,81,20.25
41,260,65.0
45,259,64.75
58,389,97.25
47,292,73.0
71,510,127.5
117,637,159.25
73,425,106.25
58,309,77.25
7,29,7.25
69,499,124.75
7,32,8.0
329,2046,511.5
310,1830,457.5
276,1586,396.5
272,1527,381.75
6,34,8.5
324,2095,523.75
20,157,39.25
59,332,83.0
7,34,8.5
122,792,198.0
19,92,23.0
47,267,66.75
228,1255,313.75
4,16,4.0
270,1473,368.25
216,1217,304.25
213,1179,294.75
286,1630,407.5
285,1624,406.0
283,1615,403.75
6,33,8.25
179,890,222.5
283,1491,372.75
191,1097,274.25
143,818,204.5
190,1171,292.75
187,1104,276.0
7,32,8.0
40,222,55.5
54,348,87.0
46,332,83.0
94,565,141.25
81,556,139.0
74,415,103.75
88,567,141.75
91,560,140.0
27,157,39.25
209,1329,332.25
179,1110,277.5
230,1791,447.75
181,1106,276.5
47,315,78.75
63,377,94.25
70,420,105.0
134,916,229.0
270,1615,403.75
32,193,48.25
53,327,81.75
218,1532,383.0
8,34,8.5
14,70,17.5
240,1503,375.75
1,6,1.5
7,46,11.5
253,1572,393.0
5,29,7.25
82,541,135.25
94,532,133.0
196,1140,285.0
236,1442,360.5
78,486,121.5
69,395,98.75
273,1303,325.75
369,1757,439.25
109,743,185.75
7,32,8.0
26,145,36.25
44,219,54.75
46,234,58.5
50,269,67.25
28,159,39.75
26,142,35.5
53,298,74.5
23,119,29.75
23,117,29.25
24,124,31.0
212,976,244.0
210,981,245.25
89,510,127.5
105,707,176.75
133,765,191.25
21,111,27.75
182,1028,257.0
168,752,188.0
10,46,11.5
3,13,3.25
166,914,228.5
366,2237,559.25
5,26,6.5
5,29,7.25
4,22,5.5
6,35,8.75
82,441,110.25
127,713,178.25
148,860,215.0
205,1152,288.0
150,861,215.25
110,681,170.25
136,855,213.75
157,1024,256.0
272,1835,458.75
181,1056,264.0
79,472,118.0
243,1426,356.5
163,1113,278.25
281,1653,413.25
163,1019,254.75
421,2693,673.25
76,590,147.5
75,596,149.0
82,481,120.25
53,282,70.5
111,594,148.5
153,979,244.75
37,206,51.5
283,1633,408.25
202,1283,320.75
64,399,99.75
112,621,155.25
216,1183,295.75
405,2470,617.5
67,390,97.5
27,146,36.5
36,204,51.0
7,32,8.0
21,122,30.5
64,365,91.25
78,414,103.5
283,1768,442.0
307,1949,487.25
234,1402,350.5
208,1241,310.25
263,1780,445.0
6,29,7.25
9,51,12.75
21,113,28.25
10,61,15.25
151,956,239.0
314,2043,510.75
135,733,183.25
4,15,3.75
4,19,4.75
27,132,33.0
8,3840,960.0
7,48,12.0
18,93,23.25
10,51,12.75
356,1981,495.25
51,294,73.5
95,516,129.0
75,399,99.75
93,502,125.5
90,523,130.75
96,551,137.75
123,651,162.75
105,578,144.5
134,696,174.0
132,697,174.25
105,570,142.5
120,666,166.5
130,700,175.0
122,669,167.25
113,612,153.0
104,563,140.75
102,572,143.0
102,559,139.75
311,1734,433.5
142,829,207.25
154,878,219.5
179,983,245.75
170,960,240.0
158,922,230.5
208,1123,280.75
218,1189,297.25
179,1006,251.5
192,1076,269.0
167,950,237.5
196,1080,270.0
168,932,233.0
168,966,241.5
242,1356,339.0
225,1258,314.5
181,1023,255.75
215,1226,306.5
155,922,230.5
233,1298,324.5
5,31,7.75
167,1301,325.25
113,647,161.75
319,1827,456.75
25,133,33.25
43,229,57.25
298,2060,515.0
52,328,82.0
12,90,22.5
50,362,90.5
42,340,85.0
6,292,73.0
185,1104,276.0
203,1247,311.75
103,568,142.0
139,745,186.25
141,885,221.25
221,1406,351.5
172,921,230.25
28,139,34.75
315,1637,409.25
49,241,60.25
1,3,0.75
119,682,170.5
26,170,42.5
7,32,8.0
5,25,6.25
19,100,25.0
472,3160,790.0
54,284,71.0
28,179,44.75
159,1048,262.0
279,1784,446.0
46,255,63.75
16,102,25.5
28,151,37.75
29,168,42.0
29,156,39.0
212,1448,362.0
244,1274,318.5
302,1579,394.75
1,1,0.25
1,1,0.25
78,513,128.25
46,307,76.75
38,212,53.0
32,154,38.5
53,247,61.75
51,245,61.25
51,246,61.5
37,170,42.5
37,205,51.25
51,277,69.25
53,285,71.25
66,363,90.75
213,1226,306.5
29,174,43.5
7,48,12.0
4,21,5.25
10,59,14.75
50,302,75.5
28,182,45.5
20,109,27.25
33,236,59.0
241,1485,371.25
206,995,248.75
79,491,122.75
288,1678,419.5
1,13,3.25
15,69,17.25
21,118,29.5
252,1611,402.75
227,1470,367.5
185,1298,324.5
236,1522,380.5
290,1717,429.25
24,126,31.5
5,13,3.25
18,96,24.0
104,627,156.75
163,975,243.75
7,34,8.5
144,928,232.0
271,1730,432.5
323,2069,517.25
224,1436,359.0
3,13,3.25
175,1187,296.75
45,255,63.75
373,2229,557.25
145,856,214.0
254,1593,398.25
129,822,205.5
224,1502,375.5
61,357,89.25
219,1498,374.5
43,255,63.75
5,25,6.25
8,49,12.25
45,378,94.5
97,606,151.5
258,1821,455.25
30,150,37.5
248,1617,404.25
220,1187,296.75
21,97,24.25
352,2645,661.25
15,75,18.75
1,1,0.25
60,487,121.75
216,1261,315.25
228,1462,365.5
8,54,13.5
1,3,0.75
223,1220,305.0
8,35,8.75
58,447,111.75
10,77,19.25
85,709,177.25
134,789,197.25
244,1215,303.75
406,2436,609.0
83,501,125.25
57,312,78.0
271,1682,420.5
89,539,134.75
202,1279,319.75
189,1154,288.5
72,442,110.5
38,213,53.25
143,854,213.5
156,1087,271.75
123,832,208.0
192,1279,319.75
221,1602,400.5
149,837,209.25
77,539,134.75
109,654,163.5
89,496,124.0
143,894,223.5
126,735,183.75
95,532,133.0
133,776,194.0
28,151,37.75
185,1137,284.25
48,314,78.5
62,419,104.75
90,630,157.5
98,712,178.0
111,804,201.0
33,213,53.25
246,1686,421.5
105,666,166.5
294,1614,403.5
117,614,153.5
132,688,172.0
75,507,126.75
169,982,245.5
83,472,118.0
249,1493,373.25
251,1725,431.25
131,811,202.75
35,211,52.75
7,32,8.0
14,94,23.5
55,315,78.75
65,377,94.25
44,352,88.0
14,110,27.5
14,110,27.5
230,1628,407.0
2,21,5.25
200,1346,336.5
108,689,172.25
126,873,218.25
148,980,245.0
189,1562,390.5
135,815,203.75
108,587,146.75
105,552,138.0
521,3692,923.0
159,889,222.25
176,1018,254.5
103,547,136.75
126,669,167.25
40,218,54.5
199,1391,347.75
9,51,12.75
69,394,98.5
147,947,236.75
186,1207,301.75
266,1826,456.5
157,970,242.5
149,879,219.75
1,1,0.25
294,1750,437.5
212,1193,298.25
5,25,6.25
110,686,171.5
14,88,22.0
38,200,50.0
47,274,68.5
51,294,73.5
39,233,58.25
49,318,79.5
39,306,76.5
54,469,117.25
139,772,193.0
139,765,191.25
42,248,62.0
141,779,194.75
155,934,233.5
191,1591,397.75
94,530,132.5
67,359,89.75
145,811,202.75
7,32,8.0
68,370,92.5
104,536,134.0
195,1184,296.0
13,63,15.75
41,210,52.5
61,373,93.25
151,1036,259.0
2,40,10.0
37,209,52.25
123,602,150.5
346,2393,598.25
347,2410,602.5
250,1679,419.75
255,1775,443.75
310,2043,510.75
1,1,0.25
385,2338,584.5
10,43,10.75
28,151,37.75
207,1291,322.75
136,902,225.5
1,62,15.5
5,360,90.0
386,2323,580.75
12,80,20.0
236,1636,409.0
89,431,107.75
39,215,53.75
113,644,161.0
144,797,199.25
142,787,196.75
164,1040,260.0
7,40,10.0
11,64,16.0
100,618,154.5
152,960,240.0
196,1245,311.25
71,405,101.25
67,397,99.25
350,1968,492.0
96,564,141.0
1,2,0.5
1,3,0.75
109,621,155.25
3,12,3.0
243,1427,356.75
214,1521,380.25
103,593,148.25
87,500,125.0
256,1505,376.25
78,398,99.5
366,2015,503.75
116,1572,393.0
211,1211,302.75
255,1543,385.75
148,976,244.0
174,1038,259.5
67,394,98.5
75,522,130.5
160,933,233.25
196,1102,275.5
19,116,29.0
14,77,19.25
6,30,7.5
155,957,239.25
142,805,201.25
73,457,114.25
234,1240,310.0
47,398,99.5
71,406,101.5
334,2303,575.75
8,29,7.25
8,30,7.5
35,186,46.5
68,383,95.75
426,3082,770.5
169,1086,271.5
439,2944,736.0
26,96,24.0
120,585,146.25
139,911,227.75
157,1009,252.25
29,169,42.25
147,906,226.5
271,1741,435.25
242,1452,363.0
241,1424,356.0
260,1502,375.5
234,1372,343.0
45,278,69.5
244,1411,352.75
86,468,117.0
242,1442,360.5
244,1667,416.75
97,552,138.0
3,14,3.5
19,101,25.25
196,1369,342.25
108,669,167.25
30,153,38.25
47,255,63.75
1,39,9.75
79,527,131.75
14,81,20.25
24,145,36.25
86,475,118.75
111,668,167.0
291,1901,475.25
60,381,95.25
5,30,7.5
161,978,244.5
147,882,220.5
67,412,103.0
161,963,240.75
79,494,123.5
257,1512,378.0
51,274,68.5
55,342,85.5
185,1184,296.0
100,650,162.5
201,1216,304.0
115,673,168.25
188,888,222.0
90,517,129.25
27,163,40.75
38,199,49.75
47,318,79.5
137,838,209.5
246,1636,409.0
179,1075,268.75
157,960,240.0
245,1385,346.25
147,570,142.5
13,37,9.25
24,148,37.0
140,807,201.75
171,956,239.0
81,400,100.0
43,223,55.75
40,185,46.25
144,679,169.75
51,268,67.0
89,557,139.25
99,602,150.5
158,880,220.0
102,600,150.0
107,611,152.75
5,51,12.75
24,151,37.75
14,83,20.75
25,145,36.25
6,143,35.75
243,1391,347.75
133,686,171.5
125,726,181.5
200,1092,273.0
105,639,159.75
123,728,182.0
116,732,183.0
115,660,165.0
348,2267,566.75
133,716,179.0
57,511,127.75
47,239,59.75
177,1076,269.0
217,1451,362.75
78,572,143.0
24,163,40.75
4,273,68.25
82,452,113.0
8,40,10.0
189,1369,342.25
8,54,13.5
48,261,65.25
6,26,6.5
57,427,106.75
26,137,34.25
297,1849,462.25
35,127,31.75
14,80,20.0
155,882,220.5
8,60,15.0
65,323,80.75
268,1637,409.25
285,1571,392.75
99,580,145.0
99,580,145.0
253,1732,433.0
16,87,21.75
99,554,138.5
25,139,34.75
399,2435,608.75
144,886,221.5
88,520,130.0
146,725,181.25
234,1368,342.0
125,1056,264.0
55,519,129.75
66,550,137.5
98,713,178.25
111,899,224.75
55,407,101.75
97,711,177.75
2,16,4.0
7,69,17.25
11,88,22.0
78,671,167.75
86,705,176.25
17,140,35.0
11,76,19.0
49,378,94.5
1,6,1.5
17,132,33.0
62,490,122.5
56,436,109.0
67,586,146.5
19,212,53.0
74,512,128.0
13,90,22.5
17,148,37.0
18,147,36.75
27,252,63.0
2,12,3.0
73,556,139.0
2,26,6.5
14,155,38.75
3,27,6.75
15,104,26.0
12,107,26.75
29,275,68.75
2,17,4.25
5,56,14.0
10,98,24.5
6,40,10.0
8,47,11.75
156,883,220.75
227,1687,421.75
116,704,176.0
204,1374,343.5
230,1554,388.5
175,1058,264.5
29,144,36.0
323,1889,472.25
89,513,128.25
141,801,200.25
17,99,24.75
6,52,13.0
94,565,141.25
278,1584,396.0
180,1038,259.5
296,1879,469.75
187,1199,299.75
30,165,41.25
13,80,20.0
238,1303,325.75
186,1024,256.0
267,1512,378.0
249,1353,338.25
262,1452,363.0
54,330,82.5
234,1290,322.5
67,360,90.0
320,1800,450.0
191,1111,277.75
176,997,249.25
167,1025,256.25
258,1699,424.75
157,1093,273.25
181,1150,287.5
150,1024,256.0
42,245,61.25
220,1299,324.75
175,1062,265.5
248,1571,392.75
10,49,12.25
164,1016,254.0
131,818,204.5
201,1096,274.0
95,553,138.25
143,788,197.0
76,401,100.25
143,824,206.0
109,623,155.75
156,884,221.0
293,1650,412.5
581,3272,818.0
159,1512,378.0
237,1374,343.5
404,2452,613.0
95,579,144.75
131,788,197.0
162,1090,272.5
268,1513,378.25
229,1307,326.75
169,1003,250.75
392,2301,575.25
317,1899,474.75
140,966,241.5
23,114,28.5
181,1072,268.0
1,15,3.75
95,592,148.0
167,1168,292.0
329,2154,538.5
306,2111,527.75
1,1,0.25
33,159,39.75
7,34,8.5
372,2275,568.75
348,2368,592.0
127,757,189.25
160,954,238.5
13,256,64.0
149,905,226.25
200,1807,451.75
146,854,213.5
86,443,110.75
102,518,129.5
158,899,224.75
264,1695,423.75
173,1046,261.5
205,1251,312.75
283,1714,428.5
275,1641,410.25
302,1782,445.5
7,34,8.5
16,90,22.5
4,28,7.0
226,1378,344.5
256,1514,378.5
282,1683,420.75
8,37,9.25
10,48,12.0
39,212,53.0
34,175,43.75
324,2163,540.75
303,2109,527.25
31,154,38.5
195,1152,288.0
207,1296,324.0
288,1734,433.5
252,1613,403.25
272,1679,419.75
109,811,202.75
203,1188,297.0
172,941,235.25
21,109,27.25
7,41,10.25
257,1517,379.25
276,1671,417.75
253,1511,377.75
235,1419,354.75
287,1751,437.75
42,227,56.75
275,1957,489.25
248,1435,358.75
231,1357,339.25
244,1386,346.5
164,1025,256.25
245,1274,318.5
226,1511,377.75
230,1507,376.75
188,1094,273.5
52,316,79.0
47,246,61.5
47,246,61.5
172,1003,250.75
50,307,76.75
83,477,119.25
42,229,57.25
229,1327,331.75
260,1698,424.5
62,378,94.5
4,19,4.75
40,254,63.5
90,575,143.75
80,532,133.0
104,654,163.5
98,455,113.75
136,1118,279.5
136,1134,283.5
544,3514,878.5
56,347,86.75
55,320,80.0
55,320,80.0
177,1129,282.25
6,25,6.25
5,24,6.0
76,431,107.75
72,410,102.5
19,96,24.0
100,570,142.5
30,165,41.25
39,198,49.5
1,1,0.25
23,143,35.75
17,106,26.5
73,423,105.75
220,1315,328.75
373,2282,570.5
233,1495,373.75
94,617,154.25
381,2433,608.25
217,1550,387.5
449,2980,745.0
214,1364,341.0
347,2338,584.5
173,1026,256.5
111,583,145.75
58,331,82.75
218,1536,384.0
254,1638,409.5
34,124,31.0
242,1398,349.5
18,91,22.75
30,158,39.5
46,264,66.0
117,678,169.5
228,1310,327.5
302,1931,482.75
1,26,6.5
59,366,91.5
318,1884,471.0
35,184,46.0
29,188,47.0
17,109,27.25
148,957,239.25
214,1419,354.75
186,1317,329.25
1,1,0.25
144,983,245.75
135,930,232.5
7,47,11.75
32,229,57.25
4,27,6.75
1,10,2.5
18,96,24.0
58,344,86.0
109,651,162.75
25,132,33.0
96,575,143.75
98,618,154.5
5,29,7.25
256,1538,384.5
165,1048,262.0
10,41,10.25
203,1029,257.25
230,1042,260.5
47,280,70.0
30,169,42.25
177,952,238.0
153,917,229.25
68,416,104.0
233,1525,381.25
102,550,137.5
119,790,197.5
193,1316,329.0
159,1051,262.75
223,1304,326.0
55,328,82.0
223,1304,326.0
227,1347,336.75
517,3137,784.25
1083,6524,1631.0
2094,12648,3162.0
173,1107,276.75
277,1698,424.5
259,1653,413.25
159,1037,259.25
122,764,191.0
290,1776,444.0
280,1699,424.75
10,48,12.0
6,28,7.0
265,1398,349.5
151,788,197.0
56,341,85.25
327,2246,561.5
65,379,94.75
71,497,124.25
233,1582,395.5
215,1599,399.75
196,1397,349.25
309,1883,470.75
331,1921,480.25
18,82,20.5
5,33,8.25
5,30,7.5
28,155,38.75
27,144,36.0
71,401,100.25
150,865,216.25
34,192,48.0
90,522,130.5
8,55,13.75
222,1473,368.25
155,1028,257.0
12,71,17.75
28,163,40.75
108,733,183.25
260,1720,430.0
8,67,16.75
144,789,197.25
84,479,119.75
69,438,109.5
73,445,111.25
497,3215,803.75
20,124,31.0
83,539,134.75
74,1702,425.5
45,220,55.0
56,291,72.75
29,155,38.75
78,402,100.5
89,472,118.0
50,255,63.75
63,346,86.5
140,673,168.25
9,52,13.0
329,1877,469.25
207,1211,302.75
349,2031,507.75
188,1128,282.0
6,26,6.5
58,359,89.75
251,1586,396.5
8,40,10.0
32,184,46.0
20,102,25.5
196,1396,349.0
23,130,32.5
166,1648,412.0
32,169,42.25
28,406,101.5
81,483,120.75
10,74,18.5
200,1302,325.5
10,51,12.75
89,459,114.75
160,1075,268.75
216,1171,292.75
144,876,219.0
184,950,237.5
7,32,8.0
207,1346,336.5
232,1306,326.5
112,636,159.0
139,853,213.25
147,851,212.75
91,594,148.5
166,1003,250.75
196,1214,303.5
185,1170,292.5
117,775,193.75
166,1016,254.0
128,772,193.0
135,846,211.5
119,766,191.5
114,807,201.75
35,222,55.5
259,2290,572.5
230,1441,360.25
7,32,8.0
28,180,45.0
104,590,147.5
104,590,147.5
1,2,0.5
100,604,151.0
27,194,48.5
200,1368,342.0
115,752,188.0
274,1530,382.5
7,34,8.5
285,1670,417.5
45,261,65.25
22,113,28.25
57,304,76.0
281,1688,422.0
6,35,8.75
160,905,226.25
163,895,223.75
10,108,27.0
1,1,0.25
73,513,128.25
94,612,153.0
91,641,160.25
16,119,29.75
8,42,10.5
8,42,10.5
80,548,137.0
57,379,94.75
95,601,150.25
8,42,10.5
42,224,56.0
62,454,113.5
43,240,60.0
25,127,31.75
43,228,57.0
159,1006,251.5
42,227,56.75
100,620,155.0
112,720,180.0
95,551,137.75
79,451,112.75
107,641,160.25
130,826,206.5
120,748,187.0
215,1252,313.0
13,60,15.0
21,100,25.0
15,78,19.5
2,14,3.5
35,201,50.25
305,1943,485.75
42,218,54.5
115,722,180.5
690,3571,892.75
34,208,52.0
373,1881,470.25
237,1447,361.75
270,1780,445.0
96,575,143.75
38,230,57.5
195,1980,495.0
254,1821,455.25
3,13,3.25
141,811,202.75
83,482,120.5
166,1056,264.0
101,569,142.25
59,349,87.25
171,1029,257.25
3,19,4.75
4,29,7.25
19,112,28.0
19,112,28.0
19,112,28.0
112,660,165.0
175,913,228.25
87,529,132.25
112,617,154.25
128,732,183.0
39,211,52.75
110,647,161.75
107,684,171.0
8,64,16.0
53,317,79.25
69,469,117.25
97,637,159.25
89,634,158.5
106,723,180.75
103,791,197.75
89,721,180.25
112,818,204.5
97,719,179.75
113,794,198.5
87,603,150.75
104,783,195.75
107,788,197.0
119,862,215.5
114,831,207.75
111,814,203.5
116,799,199.75
538,3905,976.25
249,1557,389.25
79,444,111.0
123,774,193.5
127,823,205.75
389,2634,658.5
126,863,215.75
188,1407,351.75
281,727,181.75
287,784,196.0
291,831,207.75
222,1485,371.25
74,476,119.0
162,1045,261.25
73,480,120.0
64,417,104.25
78,510,127.5
88,471,117.75
88,513,128.25
123,806,201.5
45,240,60.0
7,41,10.25
7,41,10.25
106,537,134.25
92,554,138.5
254,1292,323.0
31,190,47.5
287,1633,408.25
110,682,170.5
75,522,130.5
142,774,193.5
107,706,176.5
111,708,177.0
282,1615,403.75
63,357,89.25
9,71,17.75
277,1901,475.25
258,1621,405.25
112,751,187.75
317,1940,485.0
337,2158,539.5
10,71,17.75
275,1960,490.0
24,119,29.75
32,157,39.25
294,1894,473.5
210,1168,292.0
262,1615,403.75
280,1671,417.75
188,1097,274.25
1,3,0.75
12,71,17.75
174,1035,258.75
157,1161,290.25
65,372,93.0
47,250,62.5
53,291,72.75
332,1866,466.5
303,1604,401.0
370,1958,489.5
310,1791,447.75
245,1541,385.25
182,1053,263.25
186,1065,266.25
185,1017,254.25
189,1083,270.75
25,146,36.5
4,19,4.75
54,359,89.75
46,337,84.25
51,381,95.25
381,2060,515.0
246,1587,396.75
70,370,92.5
200,1191,297.75
41,320,80.0
141,1023,255.75
108,855,213.75
63,460,115.0
336,1879,469.75
74,518,129.5
239,1503,375.75
40,259,64.75
220,1394,348.5
245,1643,410.75
160,1063,265.75
180,1127,281.75
270,1606,401.5
276,1572,393.0
80,437,109.25
51,271,67.75
85,505,126.25
412,2243,560.75
371,2122,530.5
344,1997,499.25
2,10,2.5
1,9,2.25
10,74,18.5
12,61,15.25
21,109,27.25
40,230,57.5
105,767,191.75
78,454,113.5
7,32,8.0
15,101,25.25
35,179,44.75
121,926,231.5
241,1431,357.75
167,962,240.5
481,5166,1291.5
427,2999,749.75
1,213,53.25
17,97,24.25
1,6,1.5
138,1070,267.5
1,6,1.5
1,6,1.5
52,291,72.75
114,730,182.5
173,1134,283.5
6,31,7.75
136,792,198.0
12,78,19.5
117,628,157.0
84,545,136.25
117,773,193.25
225,1419,354.75
19,110,27.5
8,40,10.0
11,54,13.5
6,38,9.5
15,88,22.0
31,172,43.0
4,17,4.25
4,39,9.75
1,6,1.5
1,5,1.25
3,20,5.0
26,142,35.5
111,1041,260.25
295,1903,475.75
317,1936,484.0
21,110,27.5
34,250,62.5
77,617,154.25
171,1279,319.75
201,1502,375.5
57,428,107.0
436,3480,870.0
293,1702,425.5
3,14,3.5
5,25,6.25
194,1167,291.75
238,1694,423.5
238,1630,407.5
225,1296,324.0
151,1288,322.0
295,1680,420.0
151,875,218.75
220,1310,327.5
288,1611,402.75
187,1227,306.75
15,94,23.5
137,748,187.0
16,79,19.75
317,1820,455.0
338,2169,542.25
1,4,1.0
355,2078,519.5
356,2198,549.5
142,926,231.5
10,60,15.0
19,111,27.75
230,1270,317.5
395,2609,652.25
18,73,18.25
200,1547,386.75
79,449,112.25
79,430,107.5
225,1336,334.0
141,952,238.0
91,535,133.75
196,1400,350.0
89,823,205.75
1,29,7.25
47,269,67.25
236,1484,371.0
239,1506,376.5
307,1717,429.25
243,1535,383.75
322,2280,570.0
48,301,75.25
1,17,4.25
466,3142,785.5
139,874,218.5
12,72,18.0
35,211,52.75
198,1121,280.25
211,1317,329.25
404,2707,676.75
121,711,177.75
378,2354,588.5
66,376,94.0
120,627,156.75
90,443,110.75
58,301,75.25
75,385,96.25
297,1911,477.75
38,316,79.0
26,156,39.0
76,430,107.5
5,27,6.75
5,29,7.25
1,5,1.25
5,27,6.75
38,209,52.25
10,50,12.5
69,378,94.5
206,816,204.0
50,309,77.25
9,61,15.25
6,28,7.0
20,102,25.5
315,1375,343.75
42,274,68.5
9,47,11.75
11,70,17.5
76,472,118.0
39,209,52.25
39,210,52.5
116,1113,278.25
47,250,62.5
243,1549,387.25
235,1476,369.0
230,1414,353.5
235,1563,390.75
262,1663,415.75
232,1471,367.75
66,428,107.0
243,1573,393.25
182,1073,268.25
170,1105,276.25
181,1127,281.75
199,1269,317.25
73,410,102.5
60,367,91.75
21,120,30.0
32,195,48.75
25,140,35.0
30,185,46.25
167,1161,290.25
25,205,51.25
264,1517,379.25
236,1340,335.0
236,1339,334.75
75,324,81.0
26,135,33.75
275,1660,415.0
74,424,106.0
86,539,134.75
156,885,221.25
118,658,164.5
118,652,163.0
141,1028,257.0
1,1,0.25
13,73,18.25
162,948,237.0
271,1894,473.5
234,1564,391.0
258,1600,400.0
204,1337,334.25
74,424,106.0
11,66,16.5
78,445,111.25
294,1548,387.0
133,754,188.5
236,1416,354.0
229,1474,368.5
351,1776,444.0
34,194,48.5
337,1986,496.5
250,1456,364.0
526,3094,773.5
986,5787,1446.75
56,272,68.0
100,594,148.5
1,1,0.25
84,462,115.5
64,356,89.0
8,45,11.25
194,1152,288.0
387,2189,547.25
33,248,62.0
36,275,68.75
36,269,67.25
36,269,67.25
36,269,67.25
61,374,93.5
7,31,7.75
122,801,200.25
99,634,158.5
16,112,28.0
43,304,76.0
61,388,97.0
250,1578,394.5
44,249,62.25
14,76,19.0
45,225,56.25
27,142,35.5
78,443,110.75
230,1733,433.25
346,2834,708.5
10,51,12.75
54,336,84.0
7,34,8.5
105,623,155.75
334,1883,470.75
92,1565,391.25
59,340,85.0
47,345,86.25
58,337,84.25
608,3638,909.5
19,93,23.25
12,64,16.0
355,2002,500.5
276,1504,376.0
57,300,75.0
291,1649,412.25
323,1828,457.0
291,1670,417.5
512,3021,755.25
77,508,127.0
3,22,5.5
3,22,5.5
3,22,5.5
320,2049,512.25
163,939,234.75
143,798,199.5
364,2073,518.25
1,238,59.5
281,1546,386.5
36,237,59.25
246,1433,358.25
154,954,238.5
96,462,115.5
66,361,90.25
100,617,154.25
7,32,8.0
38,220,55.0
69,396,99.0
76,408,102.0
244,1609,402.25
111,886,221.5
124,932,233.0
149,1047,261.75
65,599,149.75
286,1505,376.25
314,1650,412.5
247,1811,452.75
181,1035,258.75
136,736,184.0
39,183,45.75
47,241,60.25
53,310,77.5
130,631,157.75
122,609,152.25
127,850,212.5
203,1245,311.25
9,59,14.75
23,152,38.0
6,23,5.75
1,4,1.0
6,34,8.5
1,4,1.0
1,4,1.0
4,17,4.25
6,32,8.0
4,32,8.0
4,24,6.0
5,19,4.75
4,15,3.75
57,316,79.0
27,141,35.25
5,22,5.5
8,38,9.5
27,160,40.0
193,1075,268.75
99,503,125.75
181,1036,259.0
171,1388,347.0
5,38,9.5
21,117,29.25
9,46,11.5
35,195,48.75
1,3,0.75
17,116,29.0
193,1190,297.5
92,627,156.75
172,903,225.75
212,1115,278.75
170,918,229.5
185,970,242.5
234,1241,310.25
183,1011,252.75
227,1209,302.25
221,1711,427.75
1,10,2.5
27,131,32.75
72,494,123.5
90,702,175.5
111,856,214.0
24,143,35.75
117,870,217.5
32,319,79.75
289,1891,472.75
335,1960,490.0
2,11,2.75
108,790,197.5
4,25,6.25
76,564,141.0
1,1,0.25
1,1,0.25
1,16,4.0
7,57,14.25
70,406,101.5
7,57,14.25
184,1403,350.75
192,1011,252.75
198,1174,293.5
159,1039,259.75
7,34,8.5
32,171,42.75
46,271,67.75
144,895,223.75
203,1184,296.0
274,1567,391.75
65,363,90.75
15,85,21.25
271,1591,397.75
219,1348,337.0
64,385,96.25
79,505,126.25
74,523,130.75
88,614,153.5
83,894,223.5
79,557,139.25
79,559,139.75
88,571,142.75
63,362,90.5
1,1,0.25
114,712,178.0
321,2078,519.5
2,37,9.25
37,172,43.0
32,166,41.5
49,327,81.75
74,469,117.25
6,26,6.5
6,32,8.0
97,548,137.0
164,988,247.0
193,1181,295.25
70,391,97.75
165,903,225.75
78,455,113.75
95,438,109.5
7,41,10.25
4,19,4.75
3,11,2.75
10,65,16.25
168,1148,287.0
141,781,195.25
168,1148,287.0
93,439,109.75
3,25,6.25
8,49,12.25
7,34,8.5
257,1420,355.0
307,1798,449.5
191,1118,279.5
208,1310,327.5
185,1164,291.0
57,373,93.25
70,434,108.5
3,20,5.0
130,828,207.0
206,1258,314.5
179,1067,266.75
11,78,19.5
52,306,76.5
78,482,120.5
66,444,111.0
8,33,8.25
42,263,65.75
107,629,157.25
18,139,34.75
125,712,178.0
254,1495,373.75
316,1759,439.75
4,24,6.0
156,1734,433.5
61,396,99.0
172,1123,280.75
228,1375,343.75
148,759,189.75
115,649,162.25
111,658,164.5
280,1737,434.25
7,34,8.5
34,174,43.5
157,926,231.5
157,926,231.5
37,232,58.0
37,235,58.75
11,62,15.5
145,855,213.75
123,669,167.25
15,125,31.25
37,208,52.0
31,199,49.75
163,941,235.25
41,216,54.0
188,1243,310.75
282,1601,400.25
25,150,37.5
70,384,96.0
25,136,34.0
188,1159,289.75
183,1005,251.25
97,637,159.25
16,123,30.75
83,419,104.75
255,1438,359.5
84,465,116.25
24,141,35.25
13,69,17.25
7,34,8.5
283,1653,413.25
162,1131,282.75
224,1436,359.0
157,981,245.25
9,51,12.75
1,1,0.25
7,32,8.0
18,104,26.0
11,40,10.0
75,377,94.25
87,435,108.75
112,569,142.25
137,695,173.75
102,581,145.25
371,2190,547.5
27,162,40.5
125,694,173.5
153,956,239.0
173,1043,260.75
71,367,91.75
7,32,8.0
171,1127,281.75
284,1774,443.5
84,605,151.25
367,2717,679.25
416,3091,772.75
213,1269,317.25
31,189,47.25
29,183,45.75
64,397,99.25
40,221,55.25
1,6,1.5
48,289,72.25
42,268,67.0
46,278,69.5
173,1049,262.25
157,956,239.0
7,43,10.75
110,698,174.5
129,717,179.25
95,527,131.75
22,125,31.25
61,359,89.75
143,738,184.5
1,3,0.75
8,45,11.25
287,1879,469.75
56,355,88.75
289,1742,435.5
100,651,162.75
100,550,137.5
40,260,65.0
147,914,228.5
35,200,50.0
91,525,131.25
92,530,132.5
115,634,158.5
256,1443,360.75
237,1598,399.5
184,1097,274.25
378,2035,508.75
177,883,220.75
44,281,70.25
66,360,90.0
86,452,113.0
109,723,180.75
1,105,26.25
336,1933,483.25
120,687,171.75
78,491,122.75
225,1725,431.25
87,486,121.5
60,323,80.75
29,182,45.5
142,785,196.25
111,688,172.0
17,144,36.0
23,131,32.75
29,209,52.25
95,539,134.75
242,1356,339.0
250,1424,356.0
265,1482,370.5
1,1,0.25
160,986,246.5
117,994,248.5
11,62,15.5
13,79,19.75
15,90,22.5
239,1738,434.5
311,1762,440.5
55,356,89.0
38,215,53.75
146,844,211.0
133,808,202.0
236,1352,338.0
199,1117,279.25
13,67,16.75
54,292,73.0
154,1451,362.75
154,1452,363.0
227,1323,330.75
290,1663,415.75
182,1037,259.25
230,1178,294.5
152,851,212.75
79,422,105.5
36,262,65.5
13,74,18.5
4,21,5.25
3,30,7.5
220,1211,302.75
62,354,88.5
277,1537,384.25
1,3,0.75
17,88,22.0
225,1429,357.25
161,1143,285.75
47,215,53.75
2,145,36.25
55,347,86.75
29,182,45.5
8,74,18.5
129,903,225.75
144,996,249.0
394,2310,577.5
133,768,192.0
137,825,206.25
168,1140,285.0
176,1148,287.0
87,557,139.25
262,1683,420.75
70,457,114.25
77,582,145.5
91,582,145.5
131,819,204.75
1,1,0.25
34,188,47.0
116,739,184.75
1,1,0.25
33,173,43.25
264,1631,407.75
116,727,181.75
22,130,32.5
109,670,167.5
139,900,225.0
150,978,244.5
207,1217,304.25
94,334,83.5
114,815,203.75
101,745,186.25
175,1020,255.0
120,715,178.75
68,393,98.25
18,98,24.5
66,363,90.75
65,394,98.5
9,48,12.0
66,345,86.25
261,1716,429.0
19,102,25.5
4,24,6.0
7,32,8.0
12,69,17.25
7,42,10.5
46,259,64.75
150,888,222.0
49,287,71.75
136,796,199.0
79,462,115.5
71,399,99.75
218,1249,312.25
81,454,113.5
172,1087,271.75
156,973,243.25
172,1069,267.25
83,486,121.5
76,470,117.5
78,501,125.25
64,389,97.25
78,501,125.25
81,470,117.5
134,870,217.5
137,897,224.25
226,1415,353.75
18,108,27.0
176,1099,274.75
133,756,189.0
112,652,163.0
2,11,2.75
1,3,0.75
1,3,0.75
4,24,6.0
109,658,164.5
143,722,180.5
80,555,138.75
8,48,12.0
18,100,25.0
322,1999,499.75
14,73,18.25
122,551,137.75
1,1,0.25
214,1601,400.25
299,1644,411.0
285,1633,408.25
187,1169,292.25
291,1840,460.0
205,1837,459.25
340,2418,604.5
123,751,187.75
280,1527,381.75
256,1520,380.0
346,2018,504.5
354,2002,500.5
345,1943,485.75
347,2008,502.0
320,1970,492.5
54,331,82.75
488,2964,741.0
499,3058,764.5
8,66,16.5
6,23,5.75
48,285,71.25
162,1294,323.5
1,6,1.5
469,2627,656.75
306,2154,538.5
248,1790,447.5
159,1255,313.75
1,1,0.25
18,105,26.25
31,166,41.5
13,60,15.0
40,569,142.25
64,382,95.5
61,385,96.25
208,1154,288.5
1,342,85.5
158,975,243.75
297,1891,472.75
17,104,26.0
6,34,8.5
31,188,47.0
36,211,52.75
84,480,120.0
176,942,235.5
129,739,184.75
138,802,200.5
123,669,167.25
146,765,191.25
103,589,147.25
97,586,146.5
50,259,64.75
83,440,110.0
91,578,144.5
110,723,180.75
80,533,133.25
88,558,139.5
96,570,142.5
89,560,140.0
114,695,173.75
86,554,138.5
97,590,147.5
90,567,141.75
129,769,192.25
154,921,230.25
42,262,65.5
7,32,8.0
377,2084,521.0
5,28,7.0
5,19,4.75
23,140,35.0
162,709,177.25
133,580,145.0
11,55,13.75
144,628,157.0
51,266,66.5
169,1109,277.25
202,1329,332.25
106,641,160.25
20,108,27.0
33,192,48.0
53,307,76.75
241,1298,324.5
7,29,7.25
7,29,7.25
7,29,7.25
28,159,39.75
94,556,139.0
30,183,45.75
71,476,119.0
80,450,112.5
184,1052,263.0
151,1127,281.75
7,54,13.5
238,1254,313.5
175,985,246.25
103,647,161.75
60,349,87.25
72,420,105.0
97,536,134.0
154,833,208.25
162,1091,272.75
231,1290,322.5
229,1248,312.0
320,1807,451.75
301,1637,409.25
286,1567,391.75
301,1637,409.25
249,1483,370.75
536,3122,780.5
113,587,146.75
47,254,63.5
70,381,95.25
89,543,135.75
312,1876,469.0
341,2119,529.75
360,2204,551.0
391,2413,603.25
376,2326,581.5
430,2727,681.75
421,2686,671.5
24,144,36.0
375,2380,595.0
14,93,23.25
154,1126,281.5
448,2838,709.5
178,1138,284.5
22,141,35.25
39,214,53.5
46,273,68.25
64,384,96.0
80,482,120.5
75,455,113.75
125,775,193.75
125,815,203.75
4,26,6.5
201,1034,258.5
22,523,130.75
38,172,43.0
25,192,48.0
25,190,47.5
204,1061,265.25
102,569,142.25
47,296,74.0
81,1287,321.75
34,184,46.0
150,974,243.5
26,152,38.0
30,150,37.5
46,265,66.25
21,122,30.5
390,2649,662.25
339,2302,575.5
232,1271,317.75
28,195,48.75
40,242,60.5
96,654,163.5
216,1403,350.75
121,819,204.75
135,823,205.75
150,1022,255.5
169,1228,307.0
87,551,137.75
131,887,221.75
2,7,1.75
80,477,119.25
126,693,173.25
75,424,106.0
79,448,112.0
125,684,171.0
131,678,169.5
106,563,140.75
113,643,160.75
125,687,171.75
145,802,200.5
7,61,15.25
225,1328,332.0
432,3013,753.25
32,183,45.75
19,109,27.25
30,173,43.25
42,266,66.5
291,1902,475.5
178,1145,286.25
278,1746,436.5
216,1360,340.0
94,534,133.5
96,546,136.5
93,567,141.75
81,452,113.0
15,34,8.5
7,32,8.0
47,263,65.75
22,113,28.25
10,48,12.0
10,48,12.0
10,48,12.0
10,48,12.0
10,48,12.0
10,48,12.0
10,48,12.0
10,48,12.0
10,48,12.0
10,48,12.0
10,48,12.0
10,48,12.0
10,48,12.0
34,224,56.0
101,653,163.25
47,256,64.0
1,2,0.5
41,217,54.25
6,34,8.5
41,257,64.25
52,313,78.25
62,381,95.25
88,554,138.5
70,431,107.75
82,494,123.5
81,509,127.25
11,59,14.75
11,61,15.25
39,230,57.5
59,355,88.75
254,1931,482.75
454,3035,758.75
257,1604,401.0
209,1274,318.5
134,894,223.5
109,678,169.5
20,106,26.5
10,60,15.0
294,1680,420.0
291,1547,386.75
30,162,40.5
63,369,92.25
1,1,0.25
58,332,83.0
33,188,47.0
38,209,52.25
41,246,61.5
262,1522,380.5
185,1387,346.75
360,2154,538.5
31,154,38.5
24,185,46.25
298,1469,367.25
277,1503,375.75
346,1826,456.5
265,1349,337.25
265,1366,341.5
299,1574,393.5
1,1,0.25
185,1114,278.5
170,1581,395.25
50,323,80.75
167,1158,289.5
8,44,11.0
126,796,199.0
518,3486,871.5
54,439,109.75
62,457,114.25
70,512,128.0
8,47,11.75
15,110,27.5
21,132,33.0
41,292,73.0
40,249,62.25
20,116,29.0
18,125,31.25
63,367,91.75
92,522,130.5
61,368,92.0
292,1778,444.5
268,1729,432.25
239,2361,590.25
14,90,22.5
52,302,75.5
329,2391,597.75
320,2285,571.25
346,1976,494.0
137,943,235.75
277,1732,433.0
153,907,226.75
25,134,33.5
1,1,0.25
36,167,41.75
113,663,165.75
249,1648,412.0
267,1523,380.75
149,847,211.75
328,2017,504.25
453,3001,750.25
30,169,42.25
35,198,49.5
3,13,3.25
55,347,86.75
7,32,8.0
260,1564,391.0
45,330,82.5
54,339,84.75
119,733,183.25
216,1590,397.5
182,864,216.0
9,52,13.0
120,801,200.25
332,2135,533.75
2,10,2.5
427,2729,682.25
429,2779,694.75
62,349,87.25
226,1379,344.75
562,3667,916.75
309,2098,524.5
1,1,0.25
100,778,194.5
142,1080,270.0
28,177,44.25
161,1002,250.5
301,1865,466.25
208,1158,289.5
396,2888,722.0
200,1408,352.0
184,1431,357.75
33,188,47.0
18,127,31.75
166,1155,288.75
100,605,151.25
7,34,8.5
71,502,125.5
65,452,113.0
42,277,69.25
123,705,176.25
153,904,226.0
233,1457,364.25
50,291,72.75
237,1726,431.5
90,545,136.25
171,998,249.5
195,1138,284.5
202,1185,296.25
364,2320,580.0
242,1696,424.0
16,97,24.25
291,1681,420.25
21,90,22.5
29,179,44.75
33,167,41.75
31,165,41.25
64,352,88.0
42,206,51.5
17,101,25.25
31,166,41.5
38,163,40.75
32,168,42.0
21,95,23.75
77,523,130.75
22,187,46.75
105,719,179.75
124,863,215.75
116,767,191.75
132,947,236.75
143,860,215.0
36,225,56.25
213,1263,315.75
274,1587,396.75
5,34,8.5
52,249,62.25
35,183,45.75
77,447,111.75
87,545,136.25
1,6,1.5
17,103,25.75
97,685,171.25
97,685,171.25
25,139,34.75
30,387,96.75
30,373,93.25
49,582,145.5
1,1,0.25
70,434,108.5
114,715,178.75
128,1455,363.75
97,544,136.0
230,1511,377.75
50,300,75.0
157,876,219.0
190,1134,283.5
58,308,77.0
1,1,0.25
6,25,6.25
141,891,222.75
55,353,88.25
41,249,62.25
42,254,63.5
112,715,178.75
145,835,208.75
150,899,224.75
194,1242,310.5
1,2,0.5
175,1031,257.75
111,789,197.25
237,1430,357.5
285,1670,417.5
62,376,94.0
232,1237,309.25
137,750,187.5
163,1274,318.5
5,25,6.25
426,2811,702.75
234,1498,374.5
250,1500,375.0
284,1702,425.5
71,409,102.25
227,1452,363.0
224,1349,337.25
230,1323,330.75
173,1053,263.25
291,1751,437.75
279,1698,424.5
301,1799,449.75
188,1260,315.0
278,1983,495.75
315,1967,491.75
23,134,33.5
271,1717,429.25
39,269,67.25
144,877,219.25
150,958,239.5
150,928,232.0
164,1110,277.5
17,213,53.25
353,1956,489.0
16,83,20.75
32,169,42.25
368,2302,575.5
185,1233,308.25
245,1622,405.5
39,226,56.5
144,959,239.75
73,408,102.0
7,66,16.5
16,161,40.25
8,83,20.75
136,743,185.75
72,438,109.5
119,620,155.0
17,101,25.25
29,159,39.75
18,97,24.25
8,42,10.5
16,74,18.5
9,40,10.0
18,93,23.25
16,79,19.75
18,94,23.5
11,61,15.25
15,72,18.0
11,58,14.5
33,201,50.25
43,258,64.5
71,394,98.5
73,445,111.25
265,1656,414.0
268,1638,409.5
259,1634,408.5
218,1373,343.25
44,248,62.0
278,1542,385.5
68,438,109.5
48,284,71.0
86,544,136.0
246,1587,396.75
282,1807,451.75
114,724,181.0
95,558,139.5
131,749,187.25
111,696,174.0
230,1350,337.5
202,1305,326.25
295,1817,454.25
304,1916,479.0
319,1864,466.0
347,2261,565.25
366,2356,589.0
351,2306,576.5
40,221,55.25
29,165,41.25
75,474,118.5
237,1467,366.75
71,439,109.75
128,781,195.25
109,647,161.75
1,1,0.25
211,1413,353.25
83,520,130.0
95,536,134.0
1,15,3.75
56,349,87.25
127,823,205.75
168,805,201.25
223,2010,502.5
259,1550,387.5
270,1475,368.75
256,1447,361.75
165,893,223.25
184,1079,269.75
213,1174,293.5
293,1614,403.5
300,1619,404.75
252,1539,384.75
142,848,212.0
61,348,87.0
277,1662,415.5
71,369,92.25
58,316,79.0
61,341,85.25
108,607,151.75
140,799,199.75
1,52,13.0
230,1383,345.75
1,5,1.25
8,46,11.5
2,9,2.25
2,9,2.25
2,9,2.25
2,9,2.25
2,9,2.25
109,677,169.25
117,749,187.25
44,251,62.75
75,471,117.75
660,3378,844.5
245,1349,337.25
73,552,138.0
268,1472,368.0
1,2,0.5
18,148,37.0
1,1,0.25
1,1,0.25
5,24,6.0
234,1550,387.5
164,1084,271.0
284,1631,407.75
273,1622,405.5
217,1335,333.75
95,501,125.25
31,202,50.5
7,41,10.25
36,230,57.5
42,240,60.0
12,74,18.5
134,823,205.75
66,400,100.0
3,29,7.25
132,735,183.75
27,149,37.25
1,52,13.0
36,209,52.25
7,40,10.0
57,324,81.0
66,403,100.75
21,121,30.25
4,23,5.75
20,99,24.75
29,152,38.0
22,112,28.0
12,66,16.5
156,982,245.5
65,342,85.5
203,992,248.0
292,1614,403.5
362,1903,475.75
136,802,200.5
119,746,186.5
105,623,155.75
390,2420,605.0
264,1606,401.5
233,1454,363.5
204,1430,357.5
99,576,144.0
207,1375,343.75
3,39,9.75
1,25,6.25
156,1023,255.75
129,797,199.25
7,32,8.0
20,97,24.25
133,801,200.25
190,1235,308.75
191,1227,306.75
20,118,29.5
1,18,4.5
1,47,11.75
1,38,9.5
1,1,0.25
6,26,6.5
15,93,23.25
6,26,6.5
6,26,6.5
6,26,6.5
6,26,6.5
6,26,6.5
6,26,6.5
6,26,6.5
286,1614,403.5
112,629,157.25
21,116,29.0
152,939,234.75
219,1591,397.75
205,1298,324.5
99,490,122.5
79,462,115.5
280,1797,449.25
83,480,120.0
7,29,7.25
1,10,2.5
1,19,4.75
21,123,30.75
26,176,44.0
148,937,234.25
46,326,81.5
55,406,101.5
185,1032,258.0
42,241,60.25
256,1310,327.5
275,1363,340.75
53,357,89.25
172,1142,285.5
207,1532,383.0
135,927,231.75
67,464,116.0
144,930,232.5
141,858,214.5
277,1722,430.5
124,985,246.25
169,1172,293.0
262,1874,468.5
196,1630,407.5
176,1045,261.25
198,1120,280.0
140,1482,370.5
93,1474,368.5
79,1459,364.75
111,815,203.75
237,1516,379.0
166,1618,404.5
60,662,165.5
148,1571,392.75
36,218,54.5
47,294,73.5
1,6,1.5
131,1006,251.5
44,238,59.5
38,208,52.0
38,208,52.0
312,1889,472.25
152,989,247.25
151,919,229.75
304,1824,456.0
61,417,104.25
333,1988,497.0
336,2013,503.25
152,911,227.75
20,113,28.25
6,26,6.5
19,125,31.25
86,505,126.25
270,1478,369.5
31,159,39.75
5,18,4.5
45,247,61.75
139,800,200.0
80,443,110.75
112,633,158.25
131,774,193.5
176,1035,258.75
272,1694,423.5
19,114,28.5
18,102,25.5
263,1607,401.75
168,790,197.5
178,1116,279.0
25,156,39.0
451,3193,798.25
11,54,13.5
11,54,13.5
342,1940,485.0
217,1236,309.0
192,1134,283.5
11,60,15.0
7,30,7.5
1,10,2.5
147,851,212.75
17,105,26.25
20,111,27.75
25,141,35.25
44,309,77.25
72,420,105.0
130,659,164.75
91,469,117.25
78,391,97.75
183,871,217.75
15,97,24.25
258,1872,468.0
1,4,1.0
106,641,160.25
19,172,43.0
22,137,34.25
22,137,34.25
27,164,41.0
13,101,25.25
6,26,6.5
1,1,0.25
8,52,13.0
6,39,9.75
9,79,19.75
9,73,18.25
16,113,28.25
19,136,34.0
12,61,15.25
10,54,13.5
8,42,10.5
11,64,16.0
6,42,10.5
4,20,5.0
7,37,9.25
5,22,5.5
7,34,8.5
11,68,17.0
3,20,5.0
7,45,11.25
1,1,0.25
2,11,2.75
7,36,9.0
9,43,10.75
2,11,2.75
9,55,13.75
4,23,5.75
3,20,5.0
3,20,5.0
24,138,34.5
2,16,4.0
11,81,20.25
14,78,19.5
13,68,17.0
10,62,15.5
12,61,15.25
12,61,15.25
1,1,0.25
65,477,119.25
171,876,219.0
16,96,24.0
197,1443,360.75
23,111,27.75
249,1528,382.0
196,1282,320.5
44,242,60.5
275,2023,505.75
83,622,155.5
301,2006,501.5
311,1959,489.75
67,379,94.75
97,481,120.25
48,268,67.0
152,1193,298.25
110,699,174.75
33,164,41.0
77,545,136.25
243,1574,393.5
1,47,11.75
1,37,9.25
1,62,15.5
7,34,8.5
160,914,228.5
1,1,0.25
53,321,80.25
61,374,93.5
85,523,130.75
68,403,100.75
82,508,127.0
101,579,144.75
68,440,110.0
86,589,147.25
89,600,150.0
123,822,205.5
141,910,227.5
457,2781,695.25
44,407,101.75
75,493,123.25
45,240,60.0
97,558,139.5
19,121,30.25
14,64,16.0
1,17,4.25
422,2555,638.75
147,800,200.0
32,162,40.5
40,217,54.25
195,1206,301.5
228,1426,356.5
24,135,33.75
279,1774,443.5
267,1727,431.75
34,196,49.0
298,1893,473.25
241,1437,359.25
77,480,120.0
298,1376,344.0
10,82,20.5
188,998,249.5
181,1292,323.0
5,27,6.75
25,124,31.0
17,85,21.25
17,98,24.5
21,107,26.75
1,1,0.25
158,1034,258.5
156,1086,271.5
59,595,148.75
11,66,16.5
171,1109,277.25
90,454,113.5
38,219,54.75
55,321,80.25
25,150,37.5
25,150,37.5
39,215,53.75
134,959,239.75
169,1126,281.5
129,908,227.0
192,1183,295.75
3,20,5.0
113,711,177.75
94,628,157.0
158,1048,262.0
200,1266,316.5
160,1070,267.5
172,1143,285.75
206,1275,318.75
38,229,57.25
92,581,145.25
176,1077,269.25
180,1093,273.25
180,1093,273.25
178,970,242.5
195,1076,269.0
163,883,220.75
82,525,131.25
7,32,8.0
5,30,7.5
70,467,116.75
14,72,18.0
111,616,154.0
194,1125,281.25
107,615,153.75
28,151,37.75
122,663,165.75
102,551,137.75
26,140,35.0
288,1722,430.5
312,1784,446.0
301,1786,446.5
3,18,4.5
378,2115,528.75
9,56,14.0
306,1891,472.75
151,889,222.25
603,3703,925.75
515,3326,831.5
319,1954,488.5
632,3750,937.5
115,593,148.25
221,1252,313.0
70,439,109.75
70,439,109.75
44,254,63.5
482,3109,777.25
574,3561,890.25
605,3594,898.5
430,2485,621.25
605,3543,885.75
597,3414,853.5
22,128,32.0
87,517,129.25
174,1073,268.25
159,1028,257.0
67,421,105.25
84,715,178.75
98,647,161.75
17,106,26.5
41,218,54.5
33,207,51.75
29,165,41.25
115,768,192.0
62,437,109.25
69,483,120.75
61,424,106.0
103,650,162.5
42,246,61.5
20,91,22.75
339,1885,471.25
14,80,20.0
170,866,216.5
80,461,115.25
286,1623,405.75
136,827,206.75
32,191,47.75
1,10,2.5
2,22,5.5
134,726,181.5
187,1084,271.0
179,1053,263.25
27,194,48.5
30,159,39.75
32,165,41.25
56,293,73.25
150,875,218.75
268,1485,371.25
2,72,18.0
42,228,57.0
72,395,98.75
12,75,18.75
60,327,81.75
4,37,9.25
48,283,70.75
28,165,41.25
224,1352,338.0
128,550,137.5
248,1391,347.75
20,136,34.0
101,532,133.0
300,1935,483.75
44,308,77.0
276,1576,394.0
9,50,12.5
180,1351,337.75
24,129,32.25
98,538,134.5
161,913,228.25
135,988,247.0
128,888,222.0
49,263,65.75
31,165,41.25
51,288,72.0
61,414,103.5
66,470,117.5
155,1035,258.75
441,2831,707.75
76,512,128.0
288,1725,431.25
283,1606,401.5
231,1430,357.5
234,1490,372.5
189,1278,319.5
42,215,53.75
101,504,126.0
10,49,12.25
20,105,26.25
220,1326,331.5
177,1145,286.25
144,812,203.0
258,1370,342.5
198,1121,280.25
322,2027,506.75
417,2926,731.5
53,256,64.0
86,439,109.75
261,1585,396.25
217,1335,333.75
208,1264,316.0
201,1267,316.75
240,1510,377.5
210,1332,333.0
213,1446,361.5
185,1015,253.75
150,902,225.5
215,1427,356.75
213,1434,358.5
208,1128,282.0
188,1178,294.5
15,79,19.75
31,194,48.5
40,254,63.5
215,1251,312.75
191,1158,289.5
231,1389,347.25
83,467,116.75
7,32,8.0
66,400,100.0
23,160,40.0
126,672,168.0
497,3434,858.5
101,638,159.5
143,893,223.25
7,32,8.0
18,76,19.0
54,245,61.25
54,245,61.25
54,245,61.25
85,397,99.25
19,92,23.0
15,165,41.25
239,1541,385.25
96,594,148.5
120,638,159.5
17,118,29.5
50,142,35.5
83,440,110.0
7,32,8.0
95,532,133.0
80,469,117.25
26,144,36.0
21,121,30.25
146,963,240.75
325,2187,546.75
44,325,81.25
82,544,136.0
18,147,36.75
1,36,9.0
9,82,20.5
196,1523,380.75
323,1868,467.0
291,1532,383.0
184,1034,258.5
114,546,136.5
7,32,8.0
175,1332,333.0
109,638,159.5
64,372,93.0
50,302,75.5
56,345,86.25
231,1180,295.0
299,1513,378.25
66,476,119.0
85,556,139.0
34,191,47.75
30,202,50.5
14,179,44.75
201,1184,296.0
12,73,18.25
361,1946,486.5
396,2081,520.25
56,280,70.0
125,900,225.0
177,1233,308.25
7,34,8.5
292,2010,502.5
217,1473,368.25
79,447,111.75
94,541,135.25
41,221,55.25
93,574,143.5
73,494,123.5
5,24,6.0
76,447,111.75
230,1445,361.25
228,2045,511.25
175,1370,342.5
1,125,31.25
7,32,8.0
15,81,20.25
26,129,32.25
17,87,21.75
30,176,44.0
45,252,63.0
41,218,54.5
39,216,54.0
28,176,44.0
32,184,46.0
11,64,16.0
35,198,49.5
14,91,22.75
38,223,55.75
196,1251,312.75
24,144,36.0
52,302,75.5
287,1683,420.75
201,1165,291.25
168,966,241.5
214,1308,327.0
271,1596,399.0
271,1596,399.0
31,194,48.5
66,359,89.75
89,520,130.0
38,245,61.25
17,100,25.0
117,773,193.25
262,1700,425.0
288,1873,468.25
79,485,121.25
82,486,121.5
1,1,0.25
21,124,31.0
253,1566,391.5
7,35,8.75
81,388,97.0
115,609,152.25
157,882,220.5
9,59,14.75
35,206,51.5
325,1910,477.5
13,100,25.0
239,1429,357.25
230,1403,350.75
5,23,5.75
226,1316,329.0
7,34,8.5
42,240,60.0
143,816,204.0
131,744,186.0
39,265,66.25
95,511,127.75
146,784,196.0
120,687,171.75
57,353,88.25
66,346,86.5
40,335,83.75
175,1026,256.5
75,489,122.25
326,1878,469.5
283,1652,413.0
31,193,48.25
246,1412,353.0
27,186,46.5
103,583,145.75
12,67,16.75
64,319,79.75
81,437,109.25
37,177,44.25
83,444,111.0
302,1738,434.5
269,1535,383.75
229,1346,336.5
296,1786,446.5
74,429,107.25
47,233,58.25
1,1,0.25
7,32,8.0
56,354,88.5
54,334,83.5
33,197,49.25
47,292,73.0
54,327,81.75
1,1,0.25
216,1423,355.75
256,1482,370.5
198,1164,291.0
25,134,33.5
51,286,71.5
38,207,51.75
142,786,196.5
43,229,57.25
32,160,40.0
163,1070,267.5
68,353,88.25
221,1339,334.75
226,1350,337.5
221,1322,330.5
156,796,199.0
246,1847,461.75
180,953,238.25
122,653,163.25
80,471,117.75
32,185,46.25
44,283,70.75
52,302,75.5
41,233,58.25
37,214,53.5
51,301,75.25
290,1930,482.5
363,2087,521.75
34,178,44.5
254,1718,429.5
16,79,19.75
10,48,12.0
313,1560,390.0
453,2308,577.0
454,2309,577.25
475,2289,572.25
475,2295,573.75
14,101,25.25
112,723,180.75
34,228,57.0
106,709,177.25
112,728,182.0
8,65,16.25
8,55,13.75
44,251,62.75
52,305,76.25
199,1439,359.75
62,386,96.5
250,1730,432.5
3,14,3.5
6,30,7.5
8,39,9.75
11,53,13.25
10,47,11.75
2,17,4.25
1,4,1.0
37,212,53.0
157,1059,264.75
1,1,0.25
246,1595,398.75
194,1333,333.25
71,452,113.0
110,643,160.75
176,1053,263.25
239,1245,311.25
21,130,32.5
24,141,35.25
164,1001,250.25
132,795,198.75
31,174,43.5
20,113,28.25
16,80,20.0
28,156,39.0
18,87,21.75
249,1506,376.5
49,271,67.75
1,97,24.25
17,105,26.25
178,1116,279.0
15,63,15.75
149,675,168.75
23,123,30.75
305,1832,458.0
147,804,201.0
390,2434,608.5
25,142,35.5
91,628,157.0
2,11,2.75
84,483,120.75
30,178,44.5
90,588,147.0
84,485,121.25
75,450,112.5
61,399,99.75
88,527,131.75
167,917,229.25
107,731,182.75
134,847,211.75
120,758,189.5
125,828,207.0
138,840,210.0
156,1011,252.75
217,1445,361.25
90,700,175.0
176,1014,253.5
4,18,4.5
129,793,198.25
51,319,79.75
218,1471,367.75
217,1418,354.5
1,1,0.25
145,820,205.0
14,92,23.0
181,1045,261.25
347,1935,483.75
332,2007,501.75
7,34,8.5
133,1275,318.75
68,414,103.5
87,541,135.25
143,948,237.0
126,825,206.25
92,563,140.75
59,631,157.75
15,69,17.25
6,47,11.75
24,141,35.25
16,91,22.75
51,283,70.75
60,355,88.75
152,910,227.5
229,1449,362.25
7,32,8.0
66,398,99.5
11,47,11.75
174,1156,289.0
298,1866,466.5
41,249,62.25
18,146,36.5
28,284,71.0
249,1767,441.75
91,427,106.75
1,1,0.25
78,463,115.75
74,410,102.5
318,2103,525.75
7,34,8.5
316,1407,351.75
325,2218,554.5
61,394,98.5
100,531,132.75
155,944,236.0
353,2028,507.0
116,567,141.75
14,61,15.25
10,49,12.25
4,21,5.25
180,917,229.25
264,1284,321.0
121,881,220.25
165,1089,272.25
12,61,15.25
264,1594,398.5
313,1899,474.75
323,2030,507.5
313,2044,511.0
375,2531,632.75
289,1730,432.5
193,1169,292.25
289,1740,435.0
32,159,39.75
181,1485,371.25
4,26,6.5
26,133,33.25
89,531,132.75
113,620,155.0
119,686,171.5
91,535,133.75
104,628,157.0
304,2029,507.25
68,422,105.5
68,392,98.0
115,559,139.75
126,650,162.5
7,32,8.0
156,861,215.25
177,990,247.5
231,1305,326.25
15,109,27.25
282,1489,372.25
40,296,74.0
54,278,69.5
40,178,44.5
41,219,54.75
45,283,70.75
154,839,209.75
2,15,3.75
146,983,245.75
50,317,79.25
30,170,42.5
38,207,51.75
32,161,40.25
59,300,75.0
149,879,219.75
198,1245,311.25
196,1465,366.25
193,1384,346.0
157,1108,277.0
160,1175,293.75
183,1330,332.5
215,1232,308.0
199,1349,337.25
212,1218,304.5
473,3604,901.0
161,1128,282.0
173,1322,330.5
2,15,3.75
1,5,1.25
2,12,3.0
2,11,2.75
2,12,3.0
2,11,2.75
2,12,3.0
25,129,32.25
2,12,3.0
2,11,2.75
5,24,6.0
224,1281,320.25
36,184,46.0
68,349,87.25
360,1976,494.0
259,1697,424.25
276,1816,454.0
331,2221,555.25
365,2476,619.0
353,2351,587.75
350,2359,589.75
10,41,10.25
379,2444,611.0
22,132,33.0
25,133,33.25
26,126,31.5
7,32,8.0
17,110,27.5
67,418,104.5
23,135,33.75
30,151,37.75
331,2106,526.5
382,2173,543.25
33,262,65.5
13,87,21.75
209,1300,325.0
217,1351,337.75
167,1135,283.75
133,985,246.25
167,1153,288.25
139,945,236.25
47,260,65.0
72,404,101.0
74,418,104.5
91,532,133.0
66,372,93.0
87,524,131.0
55,282,70.5
44,238,59.5
296,1967,491.75
24,129,32.25
134,869,217.25
38,200,50.0
58,788,197.0
16,97,24.25
189,1374,343.5
12,79,19.75
319,2803,700.75
49,326,81.5
1,1,0.25
25,147,36.75
15,73,18.25
7,32,8.0
14,70,17.5
9,48,12.0
47,235,58.75
27,135,33.75
19,100,25.0
34,176,44.0
89,445,111.25
49,248,62.0
35,210,52.5
34,187,46.75
34,187,46.75
26,122,30.5
115,704,176.0
13,73,18.25
39,238,59.5
6,23,5.75
213,1221,305.25
157,937,234.25
66,367,91.75
94,553,138.25
381,2487,621.75
331,1897,474.25
85,496,124.0
102,610,152.5
69,441,110.25
10,58,14.5
27,159,39.75
143,1605,401.25
115,827,206.75
82,471,117.75
68,384,96.0
117,574,143.5
84,599,149.75
152,1151,287.75
32,176,44.0
9,46,11.5
29,201,50.25
27,215,53.75
292,1907,476.75
33,194,48.5
259,1855,463.75
20,120,30.0
185,1001,250.25
65,408,102.0
134,717,179.25
116,679,169.75
167,978,244.5
149,921,230.25
212,1335,333.75
230,1462,365.5
244,1564,391.0
27,137,34.25
259,3333,833.25
5,30,7.5
54,359,89.75
73,452,113.0
177,991,247.75
179,1037,259.25
6,34,8.5
68,436,109.0
203,1357,339.25
186,1227,306.75
1,13,3.25
177,1243,310.75
6,45,11.25
42,244,61.0
87,475,118.75
228,1572,393.0
231,1562,390.5
267,1903,475.75
230,1552,388.0
202,1510,377.5
84,489,122.25
357,2139,534.75
329,1966,491.5
22,121,30.25
219,1275,318.75
139,910,227.5
237,1484,371.0
205,1399,349.75
564,3676,919.0
186,1115,278.75
18,108,27.0
220,1241,310.25
294,1498,374.5
82,556,139.0
58,266,66.5
70,904,226.0
10,53,13.25
194,1846,461.5
277,1527,381.75
17,77,19.25
1,1,0.25
1,10,2.5
261,1673,418.25
339,2160,540.0
223,1779,444.75
456,2888,722.0
57,236,59.0
140,786,196.5
44,287,71.75
12,78,19.5
195,1214,303.5
207,1277,319.25
196,1157,289.25
203,1247,311.75
217,1273,318.25
74,429,107.25
196,1082,270.5
202,1151,287.75
181,1056,264.0
187,1102,275.5
54,303,75.75
88,529,132.25
2,39,9.75
5,22,5.5
20,156,39.0
6,35,8.75
93,508,127.0
33,199,49.75
352,2149,537.25
539,3799,949.75
121,776,194.0
44,255,63.75
50,266,66.5
100,719,179.75
88,597,149.25
47,483,120.75
1,3,0.75
66,381,95.25
382,2427,606.75
302,1621,405.25
377,2002,500.5
358,1920,480.0
134,865,216.25
70,404,101.0
151,964,241.0
177,1616,404.0
149,1568,392.0
158,1610,402.5
114,1789,447.25
78,440,110.0
96,585,146.25
62,344,86.0
182,1173,293.25
137,794,198.5
75,434,108.5
81,435,108.75
18,85,21.25
9,46,11.5
23,152,38.0
227,1414,353.5
273,1662,415.5
128,804,201.0
334,2379,594.75
26,200,50.0
1,1,0.25
1,1,0.25
157,1011,252.75
83,571,142.75
149,994,248.5
181,1135,283.75
158,1042,260.5
319,1928,482.0
233,1510,377.5
157,1006,251.5
264,1547,386.75
13,75,18.75
9,59,14.75
144,845,211.25
61,351,87.75
228,1353,338.25
219,1417,354.25
164,1001,250.25
234,1455,363.75
322,1979,494.75
248,1574,393.5
255,1734,433.5
23,135,33.75
5,30,7.5
5,30,7.5
101,635,158.75
82,528,132.0
100,624,156.0
128,741,185.25
280,1864,466.0
276,1748,437.0
200,1184,296.0
188,1266,316.5
237,1612,403.0
326,2154,538.5
183,1262,315.5
207,1490,372.5
157,976,244.0
239,1549,387.25
200,1206,301.5
188,1139,284.75
187,1081,270.25
263,1536,384.0
167,984,246.0
277,1516,379.0
7,32,8.0
170,936,234.0
256,1149,287.25
208,1053,263.25
59,415,103.75
90,533,133.25
70,351,87.75
152,856,214.0
21,142,35.5
405,2579,644.75
346,2166,541.5
5,31,7.75
7,33,8.25
4,15,3.75
233,1672,418.0
169,998,249.5
87,451,112.75
6,34,8.5
34,228,57.0
145,968,242.0
166,1089,272.25
220,1508,377.0
94,455,113.75
119,535,133.75
263,807,201.75
441,2490,622.5
1,2,0.5
456,3203,800.75
222,1240,310.0
88,603,150.75
83,562,140.5
79,535,133.75
56,318,79.5
186,1273,318.25
33,163,40.75
55,293,73.25
339,1964,491.0
476,2770,692.5
480,2812,703.0
644,3596,899.0
196,1051,262.75
43,261,65.25
81,558,139.5
12,66,16.5
307,2175,543.75
663,4497,1124.25
80,468,117.0
175,964,241.0
5,25,6.25
263,1484,371.0
163,1054,263.5
190,1286,321.5
72,401,100.25
197,1055,263.75
271,1504,376.0
242,1438,359.5
165,953,238.25
190,1096,274.0
236,1341,335.25
236,1341,335.25
51,241,60.25
158,954,238.5
244,1500,375.0
162,967,241.75
176,807,201.75
171,761,190.25
5,25,6.25
37,197,49.25
37,197,49.25
243,993,248.25
243,993,248.25
243,993,248.25
7,44,11.0
10,57,14.25
27,174,43.5
17,123,30.75
18,101,25.25
11,75,18.75
1,1,0.25
14,65,16.25
1,1,0.25
14,63,15.75
178,1204,301.0
139,878,219.5
136,849,212.25
69,458,114.5
52,325,81.25
330,1844,461.0
323,1805,451.25
330,1908,477.0
155,993,248.25
155,993,248.25
189,1161,290.25
222,1423,355.75
308,1852,463.0
283,1633,408.25
153,890,222.5
219,1353,338.25
161,955,238.75
140,807,201.75
1,1,0.25
125,739,184.75
144,860,215.0
1,1,0.25
1,1,0.25
1,1,0.25
329,1866,466.5
247,1531,382.75
308,1821,455.25
269,1622,405.5
139,971,242.75
241,1501,375.25
27,132,33.0
56,302,75.5
59,321,80.25
58,320,80.0
58,336,84.0
57,337,84.25
75,421,105.25
13,65,16.25
33,169,42.25
82,497,124.25
56,371,92.75
34,187,46.75
181,1268,317.0
264,1548,387.0
101,645,161.25
3,32,8.0
21,150,37.5
420,3011,752.75
48,293,73.25
195,1073,268.25
299,1535,383.75
69,385,96.25
45,193,48.25
162,1263,315.75
78,446,111.5
6,32,8.0
23,105,26.25
109,684,171.0
127,1604,401.0
80,472,118.0
123,1604,401.0
231,1741,435.25
12,71,17.75
7,32,8.0
48,278,69.5
135,1120,280.0
9,59,14.75
22,156,39.0
9,59,14.75
9,59,14.75
22,156,39.0
47,259,64.75
144,686,171.5
77,345,86.25
90,464,116.0
78,362,90.5
60,289,72.25
233,1547,386.75
64,350,87.5
198,1097,274.25
8,38,9.5
31,167,41.75
62,456,114.0
131,850,212.5
4,23,5.75
27,192,48.0
260,1624,406.0
34,192,48.0
3,19,4.75
3,26,6.5
3,26,6.5
13,102,25.5
7,34,8.5
6,29,7.25
135,894,223.5
202,1137,284.25
153,999,249.75
197,1316,329.0
200,1241,310.25
259,1593,398.25
247,1481,370.25
213,1335,333.75
17,110,27.5
1,103,25.75
7,32,8.0
44,248,62.0
7,34,8.5
49,314,78.5
67,409,102.25
51,273,68.25
80,484,121.0
116,491,122.75
5,23,5.75
9,68,17.0
68,426,106.5
70,413,103.25
21,109,27.25
232,1505,376.25
257,1419,354.75
329,1830,457.5
213,1202,300.5
12,70,17.5
218,1252,313.0
281,1602,400.5
11,51,12.75
172,1477,369.25
36,259,64.75
341,1894,473.5
273,1509,377.25
304,1854,463.5
137,818,204.5
189,1120,280.0
90,526,131.5
197,1035,258.75
286,1577,394.25
343,2039,509.75
218,1465,366.25
78,468,117.0
288,1772,443.0
291,1710,427.5
304,1830,457.5
183,1182,295.5
274,1963,490.75
242,1803,450.75
192,1195,298.75
260,1693,423.25
186,1211,302.75
230,1419,354.75
217,1359,339.75
217,1310,327.5
74,399,99.75
197,1299,324.75
195,1295,323.75
259,1805,451.25
6,40,10.0
196,1186,296.5
81,493,123.25
149,917,229.25
145,886,221.5
174,917,229.25
200,1171,292.75
103,961,240.25
142,1063,265.75
49,287,71.75
18,106,26.5
21,110,27.5
15,86,21.5
90,426,106.5
158,905,226.25
12,42,10.5
7,34,8.5
7,33,8.25
103,647,161.75
20,348,87.0
28,485,121.25
80,422,105.5
130,723,180.75
142,726,181.5
85,315,78.75
23,134,33.5
217,1123,280.75
148,960,240.0
72,463,115.75
13,81,20.25
55,302,75.5
18,89,22.25
9,59,14.75
9,58,14.5
515,3548,887.0
209,1279,319.75
184,1038,259.5
203,1176,294.0
181,990,247.5
193,1074,268.5
194,1099,274.75
142,777,194.25
11,68,17.0
12,60,15.0
79,597,149.25
83,598,149.5
47,332,83.0
47,331,82.75
47,331,82.75
47,331,82.75
150,934,233.5
75,466,116.5
67,347,86.75
6,34,8.5
182,1128,282.0
106,687,171.75
7,34,8.5
6,34,8.5
15,107,26.75
64,534,133.5
187,1423,355.75
342,1811,452.75
167,956,239.0
154,941,235.25
292,1602,400.5
366,1965,491.25
180,969,242.25
252,1721,430.25
63,328,82.0
118,571,142.75
207,1034,258.5
177,921,230.25
177,923,230.75
129,660,165.0
153,925,231.25
272,1569,392.25
11,61,15.25
418,2109,527.25
418,2163,540.75
417,2138,534.5
419,2050,512.5
422,2060,515.0
422,2060,515.0
422,2060,515.0
422,2060,515.0
422,2060,515.0
15,80,20.0
266,1782,445.5
50,288,72.0
100,618,154.5
40,235,58.75
7,34,8.5
111,718,179.5
2,10,2.5
33,198,49.5
42,219,54.75
260,1412,353.0
267,1511,377.75
25,127,31.75
265,1777,444.25
335,2068,517.0
44,286,71.5
7,36,9.0
277,1752,438.0
19,106,26.5
49,320,80.0
4,18,4.5
19,97,24.25
20,104,26.0
22,108,27.0
111,639,159.75
32,174,43.5
33,183,45.75
144,780,195.0
123,672,168.0
31,171,42.75
151,782,195.5
29,167,41.75
30,149,37.25
149,782,195.5
60,313,78.25
64,340,85.0
66,368,92.0
38,173,43.25
45,234,58.5
31,166,41.5
25,138,34.5
26,131,32.75
38,192,48.0
34,186,46.5
37,177,44.25
48,232,58.0
46,263,65.75
65,351,87.75
1,4,1.0
14,78,19.5
18,91,22.75
90,605,151.25
11,51,12.75
19,88,22.0
59,289,72.25
32,173,43.25
20,113,28.25
48,253,63.25
42,242,60.5
64,341,85.25
87,504,126.0
43,236,59.0
52,281,70.25
150,809,202.25
143,771,192.75
129,681,170.25
148,788,197.0
139,727,181.75
86,483,120.75
182,1034,258.5
63,353,88.25
207,1187,296.75
162,862,215.5
162,879,219.75
198,1067,266.75
148,792,198.0
213,1141,285.25
215,1235,308.75
263,1506,376.5
193,1067,266.75
244,1388,347.0
8,46,11.5
269,1632,408.0
189,1142,285.5
10,74,18.5
260,1348,337.0
302,1671,417.75
346,1963,490.75
231,1431,357.75
164,1090,272.5
199,1419,354.75
186,1175,293.75
256,1650,412.5
197,1267,316.75
292,1894,473.5
198,1374,343.5
174,1190,297.5
16,98,24.5
239,1470,367.5
242,1485,371.25
256,1565,391.25
308,2000,500.0
227,1479,369.75
5,19,4.75
8,40,10.0
11,65,16.25
23,137,34.25
4,14,3.5
11,47,11.75
233,1454,363.5
221,1372,343.0
210,1299,324.75
1,1,0.25
14,65,16.25
372,2023,505.75
297,1672,418.0
316,1998,499.5
320,1812,453.0
53,469,117.25
54,363,90.75
117,808,202.0
178,1085,271.25
136,1122,280.5
14,71,17.75
9,45,11.25
140,877,219.25
25,128,32.0
258,1673,418.25
209,1301,325.25
258,1867,466.75
88,365,91.25
8,54,13.5
13,52,13.0
21,95,23.75
187,1030,257.5
246,1652,413.0
204,1150,287.5
413,2538,634.5
42,197,49.25
35,173,43.25
38,221,55.25
102,563,140.75
76,639,159.75
117,721,180.25
3,17,4.25
41,253,63.25
39,270,67.5
1,8,2.0
27,137,34.25
48,279,69.75
68,372,93.0
186,1137,284.25
223,1335,333.75
172,1781,445.25
117,695,173.75
1,10,2.5
354,2287,571.75
13,63,15.75
19,111,27.75
25,132,33.0
35,200,50.0
355,1977,494.25
336,1910,477.5
156,847,211.75
110,721,180.25
7,32,8.0
8,46,11.5
31,220,55.0
33,186,46.5
6,31,7.75
182,1171,292.75
369,1924,481.0
192,976,244.0
392,2008,502.0
49,303,75.75
5,30,7.5
71,402,100.5
238,1456,364.0
206,1267,316.75
89,635,158.75
121,782,195.5
34,199,49.75
1,3,0.75
3,15,3.75
373,2033,508.25
367,1933,483.25
285,1512,378.0
212,1391,347.75
7,34,8.5
18,91,22.75
73,447,111.75
207,1186,296.5
36,180,45.0
59,319,79.75
275,1445,361.25
278,2023,505.75
147,744,186.0
119,614,153.5
151,817,204.25
167,811,202.75
167,840,210.0
187,1144,286.0
94,590,147.5
301,1812,453.0
294,1861,465.25
12,61,15.25
332,1981,495.25
62,351,87.75
108,602,150.5
61,297,74.25
8,41,10.25
30,175,43.75
37,206,51.5
268,1548,387.0
142,907,226.75
188,1279,319.75
77,514,128.5
43,249,62.25
61,347,86.75
20,121,30.25
177,1057,264.25
150,1684,421.0
26,101,25.25
278,1943,485.75
54,326,81.5
70,372,93.0
7,49,12.25
294,1755,438.75
51,287,71.75
7,32,8.0
337,1876,469.0
235,1283,320.75
238,1287,321.75
11,67,16.75
54,334,83.5
1,4,1.0
81,433,108.25
159,1005,251.25
332,1728,432.0
149,801,200.25
197,1122,280.5
234,1325,331.25
74,379,94.75
78,458,114.5
31,159,39.75
10,60,15.0
48,291,72.75
1,3,0.75
1,3,0.75
66,412,103.0
70,453,113.25
94,577,144.25
1,3,0.75
82,518,129.5
73,523,130.75
352,2389,597.25
195,1071,267.75
325,1859,464.75
10,45,11.25
7,37,9.25
6,28,7.0
6,33,8.25
144,942,235.5
87,548,137.0
10,58,14.5
1,3,0.75
55,299,74.75
84,557,139.25
23,116,29.0
29,148,37.0
69,421,105.25
30,180,45.0
77,472,118.0
42,241,60.25
160,1006,251.5
130,807,201.75
184,990,247.5
224,1307,326.75
273,1682,420.5
186,1480,370.0
164,1425,356.25
350,1957,489.25
20,106,26.5
409,2465,616.25
7,34,8.5
45,231,57.75
13,78,19.5
48,247,61.75
275,1893,473.25
6,30,7.5
69,460,115.0
69,460,115.0
69,460,115.0
20,158,39.5
18,101,25.25
19,118,29.5
137,788,197.0
159,1031,257.75
149,857,214.25
186,1193,298.25
172,1022,255.5
243,1548,387.0
15,74,18.5
8,44,11.0
31,169,42.25
6,26,6.5
201,1215,303.75
304,2012,503.0
10,54,13.5
16,91,22.75
28,141,35.25
187,1098,274.5
39,207,51.75
81,500,125.0
79,491,122.75
93,543,135.75
89,557,139.25
81,506,126.5
84,511,127.75
91,606,151.5
102,710,177.5
77,468,117.0
91,533,133.25
86,524,131.0
324,1950,487.5
240,1564,391.0
90,651,162.75
55,347,86.75
124,698,174.5
27,169,42.25
89,547,136.75
61,383,95.75
62,405,101.25
66,443,110.75
186,1381,345.25
172,1315,328.75
42,245,61.25
18,102,25.5
99,588,147.0
141,863,215.75
141,852,213.0
337,1956,489.0
228,1274,318.5
268,1646,411.5
53,289,72.25
85,518,129.5
81,496,124.0
160,1025,256.25
159,1030,257.5
87,470,117.5
66,407,101.75
99,681,170.25
21,114,28.5
31,169,42.25
6,31,7.75
211,1266,316.5
14,59,14.75
411,2467,616.75
109,614,153.5
176,901,225.25
73,374,93.5
228,1254,313.5
311,1805,451.25
138,748,187.0
138,748,187.0
49,279,69.75
7,34,8.5
12,75,18.75
103,697,174.25
75,445,111.25
44,250,62.5
106,607,151.75
219,1166,291.5
75,451,112.75
228,1327,331.75
9,63,15.75
25,169,42.25
89,606,151.5
187,1287,321.75
371,2040,510.0
203,1193,298.25
256,1622,405.5
251,1310,327.5
7,32,8.0
7,32,8.0
33,186,46.5
18,96,24.0
190,1195,298.75
193,1551,387.75
209,1490,372.5
212,1628,407.0
207,1629,407.25
211,1626,406.5
2,40,10.0
2,9,2.25
231,1567,391.75
166,1062,265.5
242,1353,338.25
66,342,85.5
153,992,248.0
209,1337,334.25
204,1539,384.75
110,894,223.5
149,1242,310.5
191,1588,397.0
164,1025,256.25
68,285,71.25
424,2814,703.5
55,319,79.75
7,39,9.75
34,182,45.5
153,864,216.0
171,957,239.25
410,2450,612.5
37,225,56.25
216,1144,286.0
218,876,219.0
37,194,48.5
6,23,5.75
24,121,30.25
3,18,4.5
49,237,59.25
34,191,47.75
52,275,68.75
39,195,48.75
24,110,27.5
11,57,14.25
90,498,124.5
87,515,128.75
40,231,57.75
279,1667,416.75
82,583,145.75
143,966,241.5
122,843,210.75
114,831,207.75
8,50,12.5
28,205,51.25
76,447,111.75
88,520,130.0
51,369,92.25
5,22,5.5
3,10,2.5
1,7,1.75
194,1364,341.0
160,1014,253.5
160,1014,253.5
294,1799,449.75
251,1589,397.25
287,1750,437.5
173,1128,282.0
200,1266,316.5
7,34,8.5
37,243,60.75
345,1966,491.5
93,477,119.25
86,537,134.25
111,687,171.75
108,683,170.75
105,772,193.0
135,795,198.75
126,770,192.5
128,872,218.0
128,828,207.0
126,829,207.25
86,537,134.25
86,537,134.25
7,34,8.5
32,194,48.5
78,467,116.75
15,82,20.5
30,202,50.5
85,623,155.75
99,572,143.0
16,87,21.75
1,1,0.25
35,239,59.75
105,541,135.25
116,589,147.25
118,585,146.25
125,579,144.75
124,618,154.5
218,1154,288.5
103,533,133.25
42,250,62.5
8,41,10.25
54,299,74.75
25,134,33.5
392,2796,699.0
31,162,40.5
77,454,113.5
48,281,70.25
172,1003,250.75
108,666,166.5
27,148,37.0
1,1,0.25
177,914,228.5
17,94,23.5
17,94,23.5
54,307,76.75
89,594,148.5
258,1713,428.25
59,304,76.0
1,1,0.25
5,23,5.75
116,750,187.5
121,669,167.25
130,752,188.0
147,838,209.5
130,742,185.5
344,1939,484.75
335,1888,472.0
240,1455,363.75
53,279,69.75
119,696,174.0
65,379,94.75
116,688,172.0
304,1983,495.75
211,1275,318.75
169,1050,262.5
243,1404,351.0
299,1674,418.5
234,1422,355.5
312,1997,499.25
49,292,73.0
50,318,79.5
148,653,163.25
208,1168,292.0
168,1015,253.75
1,1,0.25
48,289,72.25
26,148,37.0
104,665,166.25
118,788,197.0
117,745,186.25
35,211,52.75
19,127,31.75
258,1540,385.0
203,1208,302.0
15,73,18.25
7,49,12.25
21,118,29.5
273,1654,413.5
222,1326,331.5
64,409,102.25
114,715,178.75
97,582,145.5
120,747,186.75
88,542,135.5
328,1690,422.5
15,83,20.75
76,462,115.5
88,555,138.75
16,77,19.25
236,1454,363.5
239,1484,371.0
134,959,239.75
118,805,201.25
238,1452,363.0
377,2269,567.25
352,2095,523.75
7,32,8.0
186,965,241.25
185,1110,277.5
229,1192,298.0
196,1096,274.0
207,1163,290.75
200,1147,286.75
44,264,66.0
205,1145,286.25
181,1164,291.0
259,1662,415.5
5,25,6.25
8,35,8.75
66,382,95.5
197,1077,269.25
211,1213,303.25
142,725,181.25
159,943,235.75
199,1097,274.25
95,567,141.75
86,519,129.75
97,582,145.5
56,343,85.75
1,1,0.25
9,47,11.75
48,262,65.5
25,134,33.5
124,686,171.5
5,42,10.5
446,3073,768.25
1,1,0.25
23,125,31.25
38,185,46.25
68,374,93.5
67,362,90.5
35,186,46.5
37,200,50.0
40,218,54.5
66,345,86.25
72,386,96.5
49,262,65.5
46,247,61.75
58,316,79.0
49,249,62.25
55,277,69.25
50,265,66.25
45,238,59.5
20,102,25.5
79,406,101.5
143,740,185.0
306,1606,401.5
642,3364,841.0
1266,6651,1662.75
2668,13996,3499.0
44,251,62.75
80,434,108.5
117,852,213.0
286,1761,440.25
299,1866,466.5
22,134,33.5
150,883,220.75
253,1541,385.25
226,1443,360.75
12,68,17.0
11,66,16.5
81,505,126.25
66,361,90.25
110,682,170.5
17,109,27.25
28,193,48.25
31,208,52.0
261,1710,427.5
234,1069,267.25
105,553,138.25
146,868,217.0
168,1001,250.25
96,538,134.5
3,14,3.5
197,1154,288.5
125,779,194.75
142,870,217.5
192,1204,301.0
2,34,8.5
54,311,77.75
37,204,51.0
124,735,183.75
1,14,3.5
327,1962,490.5
274,1519,379.75
14,78,19.5
303,1688,422.0
81,432,108.0
203,1207,301.75
230,1498,374.5
208,1295,323.75
132,780,195.0
81,475,118.75
1,1,0.25
214,1159,289.75
158,825,206.25
70,395,98.75
23,147,36.75
44,269,67.25
53,302,75.5
164,1106,276.5
420,2081,520.25
45,228,57.0
35,183,45.75
40,211,52.75
150,641,160.25
46,295,73.75
12,68,17.0
308,1973,493.25
115,713,178.25
4,21,5.25
10,51,12.75
135,631,157.75
12,66,16.5
53,323,80.75
229,1391,347.75
1,1,0.25
1,3,0.75
38,203,50.75
296,1638,409.5
230,1484,371.0
324,2065,516.25
145,944,236.0
474,3209,802.25
62,418,104.5
66,466,116.5
197,1172,293.0
209,1221,305.25
33,154,38.5
108,664,166.0
32,167,41.75
199,1179,294.75
225,1731,432.75
149,1278,319.5
146,839,209.75
8,38,9.5
1,1,0.25
116,738,184.5
231,1419,354.75
17,94,23.5
1,15,3.75
212,1094,273.5
129,817,204.25
122,744,186.0
106,521,130.25
222,1340,335.0
200,1095,273.75
71,559,139.75
116,873,218.25
5,30,7.5
266,1729,432.25
313,2033,508.25
6,35,8.75
67,419,104.75
137,855,213.75
211,1321,330.25
207,1341,335.25
230,1456,364.0
313,2127,531.75
65,395,98.75
51,333,83.25
366,1947,486.75
151,1031,257.75
56,363,90.75
27,142,35.5
3,17,4.25
15,88,22.0
50,307,76.75
189,1123,280.75
237,1375,343.75
192,1234,308.5
151,915,228.75
72,454,113.5
141,884,221.0
112,659,164.75
66,380,95.0
92,490,122.5
153,832,208.0
1,10,2.5
8,46,11.5
12,76,19.0
110,596,149.0
14,83,20.75
198,1092,273.0
209,1170,292.5
9,47,11.75
38,240,60.0
380,2214,553.5
150,881,220.25
141,938,234.5
146,896,224.0
86,542,135.5
71,425,106.25
8,49,12.25
203,1264,316.0
141,860,215.0
228,1392,348.0
131,755,188.75
15,79,19.75
154,891,222.75
150,907,226.75
197,1122,280.5
55,301,75.25
3,16,4.0
42,249,62.25
28,173,43.25
20,111,27.75
46,307,76.75
150,942,235.5
99,492,123.0
9,73,18.25
57,382,95.5
283,1761,440.25
169,1125,281.25
38,167,41.75
38,208,52.0
156,939,234.75
154,930,232.5
9,59,14.75
211,1076,269.0
317,1690,422.5
240,1311,327.75
20,97,24.25
82,437,109.25
192,1080,270.0
69,359,89.75
104,583,145.75
108,682,170.5
120,684,171.0
73,381,95.25
160,1024,256.0
9,52,13.0
26,140,35.0
97,611,152.75
84,500,125.0
193,1276,319.0
130,918,229.5
71,538,134.5
72,547,136.75
11,65,16.25
42,315,78.75
32,160,40.0
266,1598,399.5
159,897,224.25
433,3017,754.25
197,1501,375.25
227,1476,369.0
167,999,249.75
11,51,12.75
50,273,68.25
105,575,143.75
74,410,102.5
262,1437,359.25
102,590,147.5
173,1116,279.0
191,1152,288.0
44,265,66.25
83,508,127.0
66,399,99.75
76,494,123.5
133,852,213.0
151,831,207.75
194,1204,301.0
161,905,226.25
63,351,87.75
101,601,150.25
1,7,1.75
2,11,2.75
6,47,11.75
7,47,11.75
7,50,12.5
7,47,11.75
7,51,12.75
5,29,7.25
7,47,11.75
7,44,11.0
8,52,13.0
233,1488,372.0
41,259,64.75
405,3043,760.75
109,670,167.5
158,985,246.25
1,5,1.25
68,412,103.0
61,381,95.25
69,425,106.25
119,683,170.75
56,411,102.75
29,188,47.0
126,882,220.5
69,496,124.0
70,551,137.75
64,352,88.0
324,2098,524.5
130,695,173.75
60,280,70.0
137,704,176.0
222,1462,365.5
148,895,223.75
211,1272,318.0
168,1000,250.0
1,7,1.75
59,320,80.0
4,25,6.25
4,23,5.75
55,324,81.0
67,338,84.5
192,1539,384.75
30,173,43.25
30,173,43.25
60,347,86.75
20,117,29.25
280,1695,423.75
299,1784,446.0
299,1784,446.0
299,1784,446.0
316,1875,468.75
178,985,246.25
171,938,234.5
207,1319,329.75
345,2110,527.5
21,121,30.25
154,894,223.5
9,59,14.75
67,585,146.25
26,128,32.0
2,11,2.75
13,69,17.25
314,1888,472.0
290,1911,477.75
32,175,43.75
30,164,41.0
18,101,25.25
1,2,0.5
49,273,68.25
26,133,33.25
230,1163,290.75
163,993,248.25
176,1087,271.75
45,248,62.0
71,396,99.0
7,32,8.0
102,657,164.25
125,758,189.5
84,502,125.5
132,764,191.0
41,254,63.5
179,1304,326.0
575,3810,952.5
2,15,3.75
363,2207,551.75
14,78,19.5
14,78,19.5
124,910,227.5
321,1908,477.0
34,165,41.25
146,991,247.75
287,1645,411.25
34,181,45.25
242,1585,396.25
66,385,96.25
267,1625,406.25
6,30,7.5
29,195,48.75
11,81,20.25
46,322,80.5
55,420,105.0
36,224,56.0
126,804,201.0
239,1561,390.25
25,124,31.0
1,1,0.25
154,1030,257.5
237,1487,371.75
148,994,248.5
1,1,0.25
90,541,135.25
41,248,62.0
18,98,24.5
30,162,40.5
7,32,8.0
117,798,199.5
18,107,26.75
10,73,18.25
1,1,0.25
1,1,0.25
1,1,0.25
195,1082,270.5
246,1512,378.0
60,360,90.0
186,1247,311.75
28,182,45.5
13,82,20.5
24,110,27.5
6,38,9.5
359,2297,574.25
365,2339,584.75
92,515,128.75
1,30,7.5
101,636,159.0
199,1198,299.5
199,1198,299.5
85,457,114.25
68,373,93.25
45,231,57.75
39,202,50.5
93,579,144.75
229,1331,332.75
55,357,89.25
250,1515,378.75
1,6,1.5
209,1165,291.25
47,223,55.75
13,75,18.75
27,170,42.5
39,237,59.25
44,243,60.75
38,215,53.75
39,201,50.25
40,222,55.5
36,207,51.75
7,32,8.0
1,6,1.5
77,474,118.5
85,521,130.25
86,487,121.75
67,372,93.0
96,640,160.0
19,96,24.0
156,928,232.0
167,1084,271.0
63,587,146.75
273,1554,388.5
19,96,24.0
61,341,85.25
1,4,1.0
277,1857,464.25
28,150,37.5
252,1235,308.75
44,260,65.0
43,282,70.5
30,207,51.75
46,404,101.0
49,336,84.0
15,79,19.75
67,346,86.5
73,377,94.25
264,1457,364.25
335,1878,469.5
347,1920,480.0
160,912,228.0
157,895,223.75
157,895,223.75
211,1183,295.75
226,1467,366.75
181,1170,292.5
105,963,240.75
106,969,242.25
190,1158,289.5
244,1419,354.75
252,1558,389.5
334,2008,502.0
231,1487,371.75
233,1505,376.25
281,1539,384.75
367,2046,511.5
171,918,229.5
35,191,47.75
162,1304,326.0
89,609,152.25
7,32,8.0
11,76,19.0
198,711,177.75
224,1570,392.5
305,1822,455.5
305,1822,455.5
280,1768,442.0
225,1481,370.25
43,225,56.25
48,255,63.75
129,827,206.75
6,48,12.0
142,747,186.75
184,971,242.75
202,1076,269.0
219,1139,284.75
227,1169,292.25
112,616,154.0
131,818,204.5
29,207,51.75
263,1453,363.25
235,1614,403.5
37,186,46.5
1,1,0.25
145,800,200.0
110,652,163.0
46,274,68.5
205,1574,393.5
269,1843,460.75
1,14,3.5
7,42,10.5
11,74,18.5
196,1536,384.0
281,1714,428.5
281,1714,428.5
349,2128,532.0
349,2128,532.0
39,246,61.5
125,664,166.0
305,2057,514.25
189,1207,301.75
7,122,30.5
162,872,218.0
469,3071,767.75
260,1718,429.5
10,52,13.0
5,31,7.75
60,347,86.75
146,1032,258.0
491,3123,780.75
10,579,144.75
31,255,63.75
42,209,52.25
1,1,0.25
329,1823,455.75
1,1,0.25
40,216,54.0
108,533,133.25
117,602,150.5
102,516,129.0
119,671,167.75
76,429,107.25
29,157,39.25
36,197,49.25
1,3,0.75
434,2983,745.75
12,70,17.5
191,1285,321.25
156,1090,272.5
360,2454,613.5
651,4485,1121.25
148,823,205.75
170,997,249.25
166,918,229.5
161,902,225.5
166,925,231.25
162,905,226.25
162,900,225.0
117,663,165.75
245,1460,365.0
3,14,3.5
7,34,8.5
152,998,249.5
42,219,54.75
11,79,19.75
168,971,242.75
72,395,98.75
60,305,76.25
50,273,68.25
88,445,111.25
59,375,93.75
241,1377,344.25
38,218,54.5
145,841,210.25
127,790,197.5
209,1235,308.75
181,1171,292.75
182,1299,324.75
122,743,185.75
6,32,8.0
8,42,10.5
268,1749,437.25
48,275,68.75
158,1122,280.5
19,104,26.0
248,1320,330.0
48,295,73.75
64,285,71.25
25,124,31.0
21,113,28.25
235,1449,362.25
3,16,4.0
29,142,35.5
20,117,29.25
27,226,56.5
15,95,23.75
29,117,29.25
19,105,26.25
64,388,97.0
30,183,45.75
220,1280,320.0
115,756,189.0
109,731,182.75
258,1516,379.0
245,1441,360.25
30,150,37.5
261,1532,383.0
272,1573,393.25
276,1590,397.5
39,197,49.25
107,1259,314.75
35,224,56.0
11,64,16.0
10,52,13.0
6,35,8.75
15,51,12.75
6,38,9.5
24,130,32.5
24,136,34.0
24,136,34.0
24,123,30.75
52,216,54.0
7,41,10.25
6,42,10.5
144,1650,412.5
167,1706,426.5
560,5781,1445.25
1177,11956,2989.0
2406,24296,6074.0
57,363,90.75
208,1232,308.0
116,789,197.25
60,401,100.25
3,76,19.0
177,1122,280.5
281,1712,428.0
279,1520,380.0
279,1522,380.5
283,1622,405.5
348,2011,502.75
182,1199,299.75
178,1177,294.25
251,1448,362.0
223,1347,336.75
70,410,102.5
268,1756,439.0
551,3833,958.25
323,2129,532.25
47,328,82.0
235,1275,318.75
295,1546,386.5
187,974,243.5
15,60,15.0
179,846,211.5
56,264,66.0
204,1180,295.0
26,170,42.5
15,80,20.0
18,109,27.25
251,1357,339.25
40,209,52.25
60,313,78.25
53,287,71.75
56,321,80.25
56,314,78.5
5,25,6.25
155,1369,342.25
113,1456,364.0
114,1454,363.5
120,1279,319.75
118,931,232.75
44,225,56.25
102,616,154.0
91,582,145.5
221,1268,317.0
130,769,192.25
142,888,222.0
83,466,116.5
102,578,144.5
79,499,124.75
125,663,165.75
22,124,31.0
10,58,14.5
2,9,2.25
15,101,25.25
16,96,24.0
18,103,25.75
20,130,32.5
20,130,32.5
26,227,56.75
2,13,3.25
311,1948,487.0
288,1873,468.25
309,2045,511.25
354,2319,579.75
109,718,179.5
138,911,227.75
9,58,14.5
5,29,7.25
42,242,60.5
99,507,126.75
236,1588,397.0
170,987,246.75
92,551,137.75
36,210,52.5
187,1333,333.25
153,920,230.0
217,1328,332.0
191,1136,284.0
199,1286,321.5
15,86,21.5
4,108,27.0
5,107,26.75
176,796,199.0
115,795,198.75
45,272,68.0
153,1124,281.0
98,537,134.25
21,148,37.0
301,1714,428.5
297,1746,436.5
63,366,91.5
253,1291,322.75
127,690,172.5
305,1945,486.25
20,118,29.5
307,1761,440.25
227,1411,352.75
81,396,99.0
20,114,28.5
269,1575,393.75
33,164,41.0
21,97,24.25
256,1622,405.5
29,152,38.0
199,1298,324.5
191,1165,291.25
33,167,41.75
119,613,153.25
202,1145,286.25
156,855,213.75
55,327,81.75
9,59,14.75
49,303,75.75
173,841,210.25
7,32,8.0
116,699,174.75
296,1678,419.5
181,1107,276.75
180,1714,428.5
191,1711,427.75
19,101,25.25
14,58,14.5
30,190,47.5
96,531,132.75
1,26,6.5
9,62,15.5
1,3,0.75
172,1206,301.5
259,1623,405.75
292,1765,441.25
272,1673,418.25
140,892,223.0
200,1285,321.25
106,580,145.0
206,1188,297.0
41,284,71.0
33,262,65.5
19,115,28.75
19,115,28.75
127,825,206.25
180,1241,310.25
49,325,81.25
1,1,0.25
33,150,37.5
79,692,173.0
103,855,213.75
95,764,191.0
92,795,198.75
104,934,233.5
78,648,162.0
107,1095,273.75
103,935,233.75
113,926,231.5
113,937,234.25
124,929,232.25
124,1057,264.25
90,900,225.0
121,970,242.5
110,959,239.75
115,1010,252.5
96,516,129.0
7,32,8.0
109,797,199.25
134,837,209.25
129,741,185.25
232,1449,362.25
183,1064,266.0
152,890,222.5
1,3,0.75
203,1114,278.5
207,1233,308.25
273,1552,388.0
241,1446,361.5
390,1994,498.5
248,1295,323.75
156,931,232.75
109,605,151.25
21,118,29.5
65,346,86.5
35,196,49.0
40,238,59.5
365,1974,493.5
297,1848,462.0
31,168,42.0
202,1297,324.25
257,1664,416.0
386,2293,573.25
387,2306,576.5
387,2306,576.5
244,1482,370.5
387,2306,576.5
139,975,243.75
255,1573,393.25
190,1240,310.0
214,1372,343.0
225,1440,360.0
16,82,20.5
267,1712,428.0
100,556,139.0
321,1616,404.0
175,1085,271.25
242,1525,381.25
108,549,137.25
30,152,38.0
49,237,59.25
30,158,39.5
43,224,56.0
41,213,53.25
45,238,59.5
191,1039,259.75
166,880,220.0
65,373,93.25
146,827,206.75
300,1959,489.75
68,383,95.75
231,1411,352.75
84,547,136.75
5,31,7.75
5,23,5.75
369,2466,616.5
289,1814,453.5
255,1720,430.0
107,672,168.0
211,1409,352.25
193,1099,274.75
84,459,114.75
56,354,88.5
174,1246,311.5
209,1431,357.75
26,139,34.75
10,53,13.25
10,53,13.25
46,327,81.75
44,260,65.0
120,671,167.75
76,525,131.25
73,480,120.0
127,784,196.0
117,654,163.5
30,212,53.0
111,642,160.5
297,1669,417.25
309,1819,454.75
127,603,150.75
86,439,109.75
135,695,173.75
201,1007,251.75
133,687,171.75
113,569,142.25
139,719,179.75
15,74,18.5
322,2123,530.75
356,1820,455.0
194,1011,252.75
11,81,20.25
63,382,95.5
125,858,214.5
140,1103,275.75
289,1719,429.75
111,707,176.75
7,34,8.5
7,32,8.0
9,45,11.25
22,126,31.5
50,319,79.75
47,274,68.5
190,1210,302.5
119,639,159.75
253,1573,393.25
18,86,21.5
38,208,52.0
56,323,80.75
7,43,10.75
18,112,28.0
373,2131,532.75
22,122,30.5
232,1470,367.5
105,607,151.75
4,22,5.5
10,60,15.0
26,140,35.0
34,197,49.25
294,1747,436.75
72,434,108.5
160,919,229.75
1,4,1.0
55,312,78.0
246,1509,377.25
5,41,10.25
176,1019,254.75
79,445,111.25
7,32,8.0
44,229,57.25
188,966,241.5
1,3,0.75
305,2428,607.0
3,12,3.0
3,12,3.0
3,12,3.0
3,12,3.0
3,12,3.0
3,12,3.0
3,12,3.0
3,12,3.0
3,12,3.0
127,682,170.5
93,615,153.75
156,855,213.75
270,1545,386.25
183,1070,267.5
96,500,125.0
138,811,202.75
326,2297,574.25
27,179,44.75
8,42,10.5
255,1785,446.25
277,1459,364.75
104,761,190.25
291,1885,471.25
137,803,200.75
200,1204,301.0
27,127,31.75
288,1760,440.0
212,1313,328.25
184,1154,288.5
167,1058,264.5
55,320,80.0
7,40,10.0
205,1024,256.0
254,1303,325.75
237,1442,360.5
66,447,111.75
109,754,188.5
138,1027,256.75
59,479,119.75
8,54,13.5
360,2495,623.75
6,50,12.5
225,1302,325.5
1,1,0.25
11,68,17.0
189,1014,253.5
129,709,177.25
136,729,182.25
102,551,137.75
28,156,39.0
100,532,133.0
95,524,131.0
64,364,91.0
109,583,145.75
109,593,148.25
107,558,139.5
99,511,127.75
117,615,153.75
86,464,116.0
107,556,139.0
140,752,188.0
122,649,162.25
110,596,149.0
105,545,136.25
119,623,155.75
121,637,159.25
123,666,166.5
112,597,149.25
154,862,215.5
208,1152,288.0
154,943,235.75
77,453,113.25
159,991,247.75
184,1068,267.0
161,984,246.0
128,757,189.25
351,2090,522.5
83,618,154.5
25,144,36.0
1,5,1.25
35,177,44.25
583,3019,754.75
336,2005,501.25
1,12,3.0
2,7,1.75
116,701,175.25
103,537,134.25
7,32,8.0
11,54,13.5
24,127,31.75
22,110,27.5
22,124,31.0
8,47,11.75
279,1931,482.75
26,154,38.5
385,2106,526.5
317,1755,438.75
4,19,4.75
39,224,56.0
331,1835,458.75
286,1580,395.0
65,392,98.0
65,386,96.5
115,685,171.25
90,562,140.5
99,585,146.25
130,780,195.0
111,658,164.5
110,695,173.75
58,366,91.5
92,590,147.5
85,531,132.75
90,575,143.75
72,434,108.5
52,337,84.25
42,256,64.0
125,839,209.75
46,289,72.25
30,192,48.0
34,209,52.25
52,228,57.0
55,253,63.25
58,339,84.75
2,13,3.25
92,539,134.75
51,351,87.75
49,364,91.0
107,607,151.75
13,99,24.75
287,1532,383.0
4,23,5.75
216,1389,347.25
201,1359,339.75
203,1283,320.75
216,1232,308.0
183,1138,284.5
109,706,176.5
190,1338,334.5
158,689,172.25
148,663,165.75
148,663,165.75
187,1089,272.25
79,416,104.0
70,374,93.5
130,731,182.75
93,634,158.5
282,2033,508.25
239,1476,369.0
270,1593,398.25
1,6,1.5
1,6,1.5
54,307,76.75
1,6,1.5
1,6,1.5
7,34,8.5
104,624,156.0
171,1064,266.0
17,95,23.75
129,912,228.0
33,211,52.75
32,239,59.75
32,204,51.0
2,22,5.5
2,22,5.5
78,483,120.75
236,1399,349.75
293,1601,400.25
87,476,119.0
200,968,242.0
87,602,150.5
23,118,29.5
45,256,64.0
143,955,238.75
308,1999,499.75
28,138,34.5
130,691,172.75
134,865,216.25
78,513,128.25
139,756,189.0
230,1226,306.5
108,578,144.5
108,665,166.25
157,795,198.75
17,82,20.5
78,531,132.75
57,329,82.25
1,1,0.25
1,24,6.0
224,1277,319.25
3,15,3.75
11,57,14.25
10,70,17.5
14,73,18.25
30,150,37.5
51,283,70.75
328,1759,439.75
276,1394,348.5
36,182,45.5
74,399,99.75
66,373,93.25
71,412,103.0
122,755,188.75
141,953,238.25
113,671,167.75
109,589,147.25
117,636,159.0
189,1186,296.5
201,1236,309.0
147,934,233.5
196,1257,314.25
202,1268,317.0
163,1012,253.0
122,729,182.25
93,597,149.25
106,682,170.5
195,1174,293.5
232,1510,377.5
182,1112,278.0
155,970,242.5
112,639,159.75
99,577,144.25
179,1057,264.25
155,892,223.0
161,995,248.75
66,389,97.25
104,561,140.25
151,826,206.5
158,879,219.75
176,972,243.0
167,993,248.25
186,1083,270.75
184,1090,272.5
204,1188,297.0
199,1135,283.75
146,811,202.75
362,1965,491.25
24,127,31.75
339,1850,462.5
362,1897,474.25
370,2059,514.75
271,1461,365.25
69,340,85.0
43,221,55.25
7,43,10.75
7,43,10.75
7,43,10.75
344,2318,579.5
4,23,5.75
6,40,10.0
5,30,7.5
405,2380,595.0
2,21,5.25
72,396,99.0
128,849,212.25
82,503,125.75
16,95,23.75
48,289,72.25
593,4150,1037.5
315,2402,600.5
72,422,105.5
38,249,62.25
273,1913,478.25
18,84,21.0
11,57,14.25
105,719,179.75
136,970,242.5
6,30,7.5
86,570,142.5
55,393,98.25
31,178,44.5
96,647,161.75
40,275,68.75
80,513,128.25
85,1012,253.0
85,1007,251.75
85,974,243.5
204,1172,293.0
60,351,87.75
263,1461,365.25
23,247,61.75
178,1024,256.0
246,1582,395.5
1,6,1.5
39,222,55.5
22,134,33.5
22,136,34.0
36,236,59.0
302,1804,451.0
317,1907,476.75
116,961,240.25
229,1409,352.25
257,1334,333.5
1,42,10.5
14,81,20.25
260,1914,478.5
148,957,239.25
2,20,5.0
1,16,4.0
6,28,7.0
301,1692,423.0
123,709,177.25
167,1429,357.25
279,1597,399.25
48,283,70.75
52,288,72.0
45,254,63.5
276,1704,426.0
286,1804,451.0
58,367,91.75
155,991,247.75
38,242,60.5
19,104,26.0
25,155,38.75
13,89,22.25
1,1,0.25
1,1,0.25
1,1,0.25
80,437,109.25
134,821,205.25
71,400,100.0
133,1102,275.5
9,43,10.75
75,455,113.75
24,115,28.75
64,381,95.25
83,490,122.5
76,457,114.25
113,642,160.5
106,659,164.75
11,73,18.25
7,34,8.5
215,1085,271.25
219,1228,307.0
14,92,23.0
34,197,49.25
316,1914,478.5
338,1999,499.75
326,1942,485.5
352,2135,533.75
348,1977,494.25
117,817,204.25
469,3328,832.0
43,269,67.25
91,568,142.0
101,631,157.75
11,60,15.0
68,384,96.0
106,613,153.25
82,468,117.0
298,1505,376.25
91,564,141.0
109,670,167.5
159,1070,267.5
88,570,142.5
243,1564,391.0
93,548,137.0
72,470,117.5
178,1094,273.5
182,1174,293.5
217,1422,355.5
177,1274,318.5
57,342,85.5
52,324,81.0
79,450,112.5
86,524,131.0
64,362,90.5
160,926,231.5
34,223,55.75
81,514,128.5
132,841,210.25
55,296,74.0
135,839,209.75
60,317,79.25
79,447,111.75
61,364,91.0
72,468,117.0
67,366,91.5
30,211,52.75
167,1042,260.5
158,872,218.0
191,1147,286.75
39,244,61.0
26,173,43.25
38,189,47.25
35,176,44.0
115,908,227.0
76,466,116.5
214,1310,327.5
93,553,138.25
40,236,59.0
63,381,95.25
48,319,79.75
200,1156,289.0
191,1161,290.25
25,143,35.75
232,1651,412.75
208,1534,383.5
67,400,100.0
254,1825,456.25
60,361,90.25
75,697,174.25
25,138,34.5
290,1974,493.5
26,398,99.5
49,248,62.0
50,287,71.75
1,8,2.0
1,1,0.25
478,2930,732.5
366,1948,487.0
124,736,184.0
195,1224,306.0
101,568,142.0
174,1166,291.5
60,367,91.75
68,404,101.0
85,321,80.25
259,1610,402.5
176,1438,359.5
191,1061,265.25
252,1813,453.25
127,905,226.25
127,813,203.25
143,945,236.25
342,2243,560.75
266,1637,409.25
28,171,42.75
295,1869,467.25
354,2106,526.5
103,642,160.5
184,1118,279.5
194,1185,296.25
167,987,246.75
29,138,34.5
7,32,8.0
68,397,99.25
44,239,59.75
30,150,37.5
37,227,56.75
23,179,44.75
144,1008,252.0
101,681,170.25
113,817,204.25
100,691,172.75
104,587,146.75
183,1129,282.25
148,1092,273.0
193,1363,340.75
157,1176,294.0
278,1776,444.0
202,1264,316.0
36,228,57.0
1,1,0.25
242,1523,380.75
643,3825,956.25
25,154,38.5
175,1169,292.25
199,1304,326.0
224,1304,326.0
54,348,87.0
150,911,227.75
187,1194,298.5
156,938,234.5
376,1905,476.25
211,1045,261.25
224,1171,292.75
60,304,76.0
116,682,170.5
29,256,64.0
23,139,34.75
122,801,200.25
118,740,185.0
167,1035,258.75
87,602,150.5
295,2094,523.5
439,2870,717.5
237,1605,401.25
75,449,112.25
89,552,138.0
96,541,135.25
32,172,43.0
37,211,52.75
47,307,76.75
14,79,19.75
43,255,63.75
16,93,23.25
26,206,51.5
67,375,93.75
7,34,8.5
266,1830,457.5
219,1622,405.5
7,34,8.5
7,37,9.25
16,108,27.0
181,1055,263.75
225,1341,335.25
31,166,41.5
70,401,100.25
40,224,56.0
42,291,72.75
151,884,221.0
168,974,243.5
56,295,73.75
81,460,115.0
102,580,145.0
143,820,205.0
180,1052,263.0
200,1315,328.75
16,73,18.25
250,1781,445.25
49,295,73.75
75,428,107.0
1,8,2.0
1,6,1.5
1,9,2.25
1,6,1.5
148,891,222.75
83,526,131.5
7,32,8.0
192,1537,384.25
193,1522,380.5
160,1204,301.0
2,15,3.75
260,1548,387.0
153,1601,400.25
71,390,97.5
103,625,156.25
48,307,76.75
38,226,56.5
22,124,31.0
40,203,50.75
1,2,0.5
92,615,153.75
282,2524,631.0
41,226,56.5
95,542,135.5
119,606,151.5
119,606,151.5
50,390,97.5
270,1662,415.5
67,446,111.5
183,1078,269.5
38,206,51.5
280,1701,425.25
216,1222,305.5
197,1135,283.75
216,1173,293.25
178,996,249.0
106,598,149.5
28,154,38.5
11,477,119.25
64,423,105.75
9,42,10.5
198,1228,307.0
149,1489,372.25
215,1266,316.5
154,865,216.25
177,984,246.0
1,6,1.5
142,923,230.75
159,990,247.5
32,280,70.0
368,2318,579.5
1,13,3.25
1,2,0.5
7,34,8.5
226,1950,487.5
190,1002,250.5
2,10,2.5
29,168,42.0
101,624,156.0
176,1003,250.75
42,260,65.0
208,1280,320.0
325,2006,501.5
22,247,61.75
30,343,85.75
30,343,85.75
30,343,85.75
4,79,19.75
1,28,7.0
74,397,99.25
311,2099,524.75
87,533,133.25
24,125,31.25
83,483,120.75
9,73,18.25
30,177,44.25
48,278,69.5
115,725,181.25
96,585,146.25
209,1308,327.0
30,190,47.5
96,637,159.25
5,28,7.0
278,1753,438.25
33,164,41.0
7,32,8.0
199,1199,299.75
56,310,77.5
44,251,62.75
21,130,32.5
64,411,102.75
189,1092,273.0
51,301,75.25
74,462,115.5
141,747,186.75
144,775,193.75
148,870,217.5
146,807,201.75
26,179,44.75
114,571,142.75
15,103,25.75
14,61,15.25
14,61,15.25
14,63,15.75
22,121,30.25
22,121,30.25
6,34,8.5
40,186,46.5
24,155,38.75
68,312,78.0
27,177,44.25
39,197,49.25
18,128,32.0
72,355,88.75
30,205,51.25
99,468,117.0
355,2099,524.75
1,3,0.75
270,1402,350.5
111,569,142.25
36,172,43.0
64,403,100.75
67,409,102.25
69,421,105.25
69,418,104.5
62,392,98.0
169,1147,286.75
435,2750,687.5
41,234,58.5
213,1278,319.5
8,97,24.25
102,635,158.75
161,1152,288.0
256,1759,439.75
186,1125,281.25
1,1,0.25
125,800,200.0
49,266,66.5
9,43,10.75
50,273,68.25
287,2009,502.25
13,84,21.0
168,787,196.75
52,246,61.5
40,235,58.75
190,1061,265.25
52,288,72.0
1,1,0.25
292,1782,445.5
35,196,49.0
201,1152,288.0
28,188,47.0
43,248,62.0
44,254,63.5
318,1593,398.25
69,369,92.25
64,373,93.25
82,450,112.5
106,617,154.25
290,1807,451.75
111,738,184.5
51,259,64.75
3,22,5.5
8,51,12.75
101,631,157.75
9,58,14.5
31,187,46.75
9,58,14.5
41,228,57.0
15,86,21.5
85,539,134.75
114,662,165.5
156,881,220.25
93,592,148.0
136,863,215.75
110,717,179.25
155,926,231.5
226,1319,329.75
191,1051,262.75
19,108,27.0
13,66,16.5
11,52,13.0
1,2,0.5
221,1422,355.5
234,1586,396.5
25,74,18.5
118,671,167.75
118,671,167.75
21,121,30.25
218,1598,399.5
29,163,40.75
15,79,19.75
22,108,27.0
1,2,0.5
17,81,20.25
44,215,53.75
17,77,19.25
49,252,63.0
52,293,73.25
31,151,37.75
20,81,20.25
7,32,8.0
30,160,40.0
224,1205,301.25
25,164,41.0
171,1474,368.5
32,158,39.5
195,1209,302.25
105,671,167.75
97,551,137.75
115,547,136.75
141,809,202.25
66,390,97.5
1,6,1.5
9,49,12.25
140,1005,251.25
46,317,79.25
227,1321,330.25
216,1280,320.0
228,1611,402.75
332,2500,625.0
245,1736,434.0
199,1223,305.75
1,5,1.25
45,227,56.75
328,2680,670.0
83,517,129.25
88,550,137.5
104,639,159.75
85,489,122.25
221,1346,336.5
9,46,11.5
12,63,15.75
11,76,19.0
708,4483,1120.75
90,621,155.25
68,419,104.75
362,1893,473.25
375,1989,497.25
49,284,71.0
20,114,28.5
14,81,20.25
12,71,17.75
247,1788,447.0
183,1221,305.25
197,1201,300.25
236,1459,364.75
8,43,10.75
68,378,94.5
217,1462,365.5
203,1217,304.25
33,175,43.75
323,2020,505.0
306,1907,476.75
36,213,53.25
44,251,62.75
43,250,62.5
68,391,97.75
67,391,97.75
89,490,122.5
8,41,10.25
14,99,24.75
43,249,62.25
22,113,28.25
7,41,10.25
19,111,27.75
15,99,24.75
94,555,138.75
334,1960,490.0
93,510,127.5
91,518,129.5
162,964,241.0
180,1082,270.5
165,1070,267.5
219,1322,330.5
125,866,216.5
15,80,20.0
33,184,46.0
17,84,21.0
119,727,181.75
35,187,46.75
35,207,51.75
160,844,211.0
193,1031,257.75
206,1506,376.5
103,585,146.25
6,48,12.0
67,405,101.25
51,293,73.25
57,342,85.5
75,477,119.25
71,430,107.5
7,34,8.5
93,471,117.75
120,614,153.5
143,748,187.0
169,891,222.75
153,842,210.5
136,742,185.5
174,948,237.0
234,1262,315.5
194,1107,276.75
1,191,47.75
149,727,181.75
147,1010,252.5
219,1492,373.0
14,81,20.25
14,80,20.0
14,78,19.5
70,448,112.0
7,32,8.0
5,26,6.5
154,1021,255.25
284,1862,465.5
264,1522,380.5
298,1598,399.5
44,255,63.75
159,967,241.75
267,1646,411.5
212,1364,341.0
214,1377,344.25
227,1464,366.0
14,81,20.25
16,75,18.75
262,1747,436.75
36,198,49.5
238,1384,346.0
119,684,171.0
56,442,110.5
128,706,176.5
139,915,228.75
87,475,118.75
43,243,60.75
66,390,97.5
73,421,105.25
330,1915,478.75
229,1484,371.0
92,465,116.25
505,3459,864.75
278,1534,383.5
42,214,53.5
362,1931,482.75
3,15,3.75
339,2276,569.0
15,87,21.75
90,711,177.75
183,1126,281.5
316,1780,445.0
275,1706,426.5
244,1635,408.75
188,1305,326.25
121,737,184.25
42,272,68.0
37,257,64.25
17,90,22.5
33,177,44.25
78,496,124.0
52,335,83.75
229,1218,304.5
167,1023,255.75
205,1183,295.75
248,1648,412.0
65,352,88.0
114,1005,251.25
235,1369,342.25
89,493,123.25
6,34,8.5
315,2009,502.25
6,48,12.0
8,45,11.25
45,261,65.25
145,897,224.25
143,929,232.25
123,739,184.75
63,358,89.5
1,1,0.25
1,5,1.25
12,66,16.5
14,89,22.25
13,97,24.25
9,56,14.0
8,50,12.5
12,75,18.75
263,1771,442.75
32,136,34.0
96,539,134.75
212,1293,323.25
149,914,228.5
182,1120,280.0
283,1708,427.0
228,1660,415.0
120,776,194.0
218,1408,352.0
57,971,242.75
76,450,112.5
7,38,9.5
172,1252,313.0
151,1023,255.75
7,32,8.0
47,257,64.25
56,313,78.25
139,737,184.25
13,84,21.0
120,755,188.75
262,1631,407.75
281,1795,448.75
73,420,105.0
272,1762,440.5
24,129,32.25
153,874,218.5
196,1137,284.25
123,738,184.5
170,1078,269.5
167,1021,255.25
189,1170,292.5
307,1679,419.75
73,457,114.25
60,383,95.75
76,467,116.75
90,538,134.5
53,350,87.5
261,1600,400.0
97,593,148.25
136,906,226.5
181,1245,311.25
184,1196,299.0
182,1279,319.75
239,1616,404.0
208,1321,330.25
166,1194,298.5
238,1365,341.25
69,240,60.0
201,1234,308.5
316,2518,629.5
66,457,114.25
262,1743,435.75
174,926,231.5
180,966,241.5
247,1392,348.0
72,459,114.75
93,568,142.0
89,550,137.5
202,1498,374.5
15,95,23.75
22,132,33.0
215,1398,349.5
141,821,205.25
198,1657,414.25
145,1105,276.25
19,100,25.0
228,1631,407.75
391,2263,565.75
95,579,144.75
103,630,157.5
169,963,240.75
43,237,59.25
191,1544,386.0
90,479,119.75
21,119,29.75
260,1410,352.5
119,747,186.75
151,891,222.75
108,618,154.5
145,948,237.0
10,68,17.0
68,502,125.5
73,524,131.0
171,1259,314.75
518,3425,856.25
92,601,150.25
172,1185,296.25
1,1,0.25
123,636,159.0
59,365,91.25
157,1207,301.75
6,37,9.25
245,1055,263.75
182,1252,313.0
300,1561,390.25
302,1540,385.0
300,1558,389.5
217,1136,284.0
7,37,9.25
33,203,50.75
50,321,80.25
27,184,46.0
20,108,27.0
19,108,27.0
47,238,59.5
42,193,48.25
37,186,46.5
93,518,129.5
83,476,119.0
86,491,122.75
7,37,9.25
2,8,2.0
100,549,137.25
554,3441,860.25
3,12,3.0
3,12,3.0
52,367,91.75
3,13,3.25
41,205,51.25
259,1514,378.5
262,1526,381.5
76,498,124.5
6,23,5.75
233,1478,369.5
232,1664,416.0
153,978,244.5
106,704,176.0
131,801,200.25
157,1144,286.0
200,1359,339.75
215,1429,357.25
166,1125,281.25
158,1111,277.75
111,575,143.75
17,105,26.25
62,345,86.25
31,152,38.0
8,48,12.0
96,583,145.75
22,121,30.25
22,128,32.0
342,2106,526.5
337,2184,546.0
83,484,121.0
359,2115,528.75
1,8,2.0
30,199,49.75
10,86,21.5
344,1819,454.75
333,1715,428.75
88,527,131.75
63,379,94.75
38,215,53.75
50,296,74.0
22,140,35.0
67,383,95.75
7,36,9.0
230,1422,355.5
228,1426,356.5
253,1547,386.75
284,1526,381.5
206,1230,307.5
61,399,99.75
41,226,56.5
26,131,32.75
71,474,118.5
103,524,131.0
10,91,22.75
14,108,27.0
25,171,42.75
151,928,232.0
7,34,8.5
30,160,40.0
22,119,29.75
190,1150,287.5
111,644,161.0
106,690,172.5
239,1455,363.75
265,1514,378.5
370,2435,608.75
1,10,2.5
1,16,4.0
343,2078,519.5
106,543,135.75
295,1531,382.75
291,1557,389.25
50,297,74.25
260,1702,425.5
211,1747,436.75
46,285,71.25
229,1414,353.5
266,1639,409.75
264,1561,390.25
304,1827,456.75
358,2141,535.25
207,1436,359.0
194,1333,333.25
201,1178,294.5
251,1783,445.75
119,669,167.25
232,1290,322.5
234,1267,316.75
331,1800,450.0
204,1134,283.5
52,352,88.0
27,157,39.25
45,221,55.25
7,34,8.5
44,241,60.25
97,594,148.5
8,47,11.75
8,47,11.75
237,1675,418.75
322,2771,692.75
92,532,133.0
92,532,133.0
324,2085,521.25
36,214,53.5
81,385,96.25
28,132,33.0
93,522,130.5
23,137,34.25
245,1680,420.0
244,1516,379.0
290,1930,482.5
232,1480,370.0
402,2586,646.5
8,36,9.0
7,32,8.0
21,122,30.5
165,950,237.5
20,93,23.25
139,890,222.5
40,231,57.75
1,1,0.25
50,339,84.75
112,720,180.0
87,523,130.75
4,27,6.75
27,169,42.25
36,214,53.5
1,1,0.25
48,317,79.25
10,50,12.5
113,774,193.5
364,2209,552.25
57,348,87.0
139,967,241.75
415,3293,823.25
172,951,237.75
135,868,217.0
203,1045,261.25
69,440,110.0
32,204,51.0
30,195,48.75
23,134,33.5
39,201,50.25
28,159,39.75
317,2164,541.0
125,838,209.5
120,643,160.75
188,1062,265.5
65,370,92.5
65,371,92.75
337,2204,551.0
65,448,112.0
78,493,123.25
126,855,213.75
126,805,201.25
195,1351,337.75
10,48,12.0
63,504,126.0
10,89,22.25
10,87,21.75
7,54,13.5
6,44,11.0
7,75,18.75
12,94,23.5
36,265,66.25
16,135,33.75
16,112,28.0
25,170,42.5
40,265,66.25
243,1715,428.75
7,34,8.5
322,1829,457.25
193,1225,306.25
155,918,229.5
20,99,24.75
11,52,13.0
6,22,5.5
234,1525,381.25
27,151,37.75
340,2385,596.25
176,1291,322.75
260,1638,409.5
20,113,28.25
193,1265,316.25
39,196,49.0
62,366,91.5
103,700,175.0
5,283,70.75
128,975,243.75
1,1,0.25
220,1394,348.5
127,650,162.5
89,545,136.25
5,31,7.75
6,25,6.25
32,196,49.0
89,497,124.25
164,1023,255.75
37,174,43.5
30,134,33.5
140,830,207.5
127,773,193.25
154,1025,256.25
176,1097,274.25
114,741,185.25
358,2232,558.0
531,3526,881.5
8,48,12.0
1,7,1.75
1,6,1.5
40,187,46.75
2,12,3.0
13,64,16.0
11,71,17.75
28,139,34.75
28,139,34.75
3,15,3.75
43,201,50.25
4,15,3.75
5,24,6.0
20,93,23.25
25,112,28.0
35,178,44.5
24,108,27.0
35,182,45.5
35,182,45.5
101,682,170.5
69,373,93.25
253,1612,403.0
271,1536,384.0
70,406,101.5
21,394,98.5
7,32,8.0
71,428,107.0
195,1082,270.5
4,21,5.25
8,40,10.0
171,920,230.0
384,2419,604.75
1,1,0.25
106,759,189.75
200,878,219.5
42,249,62.25
1,1,0.25
158,1578,394.5
55,307,76.75
49,295,73.75
59,325,81.25
250,1514,378.5
336,2043,510.75
224,1179,294.75
124,745,186.25
195,1126,281.5
10,53,13.25
3,181,45.25
185,1196,299.0
182,1119,279.75
199,1279,319.75
225,1545,386.25
30,150,37.5
50,332,83.0
1,13,3.25
101,689,172.25
124,873,218.25
177,1064,266.0
118,726,181.5
124,827,206.75
194,1327,331.75
94,587,146.75
5,37,9.25
9,68,17.0
9,68,17.0
299,1933,483.25
462,2947,736.75
28,164,41.0
4,34,8.5
4,34,8.5
8,41,10.25
42,227,56.75
56,335,83.75
75,379,94.75
47,275,68.75
52,304,76.0
50,304,76.0
63,372,93.0
65,365,91.25
112,617,154.25
74,444,111.0
111,576,144.0
84,473,118.25
117,624,156.0
76,439,109.75
134,707,176.75
87,458,114.5
86,443,110.75
86,488,122.0
91,498,124.5
117,639,159.75
117,639,159.75
74,422,105.5
132,734,183.5
120,670,167.5
229,1364,341.0
165,1012,253.0
7,32,8.0
10,54,13.5
56,436,109.0
199,1219,304.75
237,1588,397.0
171,1086,271.5
186,1138,284.5
217,1025,256.25
204,1111,277.75
146,934,233.5
137,781,195.25
156,923,230.75
83,802,200.5
293,1643,410.75
216,1513,378.25
191,1475,368.75
86,427,106.75
83,407,101.75
191,1324,331.0
24,330,82.5
2,192,48.0
9,526,131.5
6,143,35.75
2,29,7.25
129,903,225.75
59,322,80.5
187,1066,266.5
188,1407,351.75
76,402,100.5
76,453,113.25
150,915,228.75
141,833,208.25
75,444,111.0
120,690,172.5
209,1214,303.5
178,1046,261.5
256,1583,395.75
236,1417,354.25
246,1535,383.75
189,1055,263.75
7,33,8.25
39,233,58.25
39,232,58.0
29,160,40.0
14,79,19.75
10,54,13.5
12,64,16.0
173,1138,284.5
59,350,87.5
215,1189,297.25
72,369,92.25
165,906,226.5
204,1057,264.25
59,370,92.5
58,312,78.0
25,148,37.0
54,257,64.25
56,407,101.75
77,358,89.5
391,2477,619.25
390,2499,624.75
391,2262,565.5
358,2417,604.25
205,1241,310.25
291,1582,395.5
26,149,37.25
44,265,66.25
226,1759,439.75
187,1010,252.5
10,90,22.5
4,16,4.0
6,31,7.75
10,44,11.0
14,75,18.75
279,1572,393.0
42,207,51.75
52,274,68.5
67,374,93.5
76,439,109.75
392,3082,770.5
222,1171,292.75
79,554,138.5
195,1513,378.25
194,1293,323.25
143,890,222.5
208,1545,386.25
68,374,93.5
260,1708,427.0
56,307,76.75
169,1226,306.5
14,94,23.5
21,129,32.25
7,30,7.5
1,5,1.25
11,72,18.0
8,44,11.0
1,4,1.0
7,35,8.75
17,95,23.75
14,70,17.5
66,379,94.75
116,725,181.25
69,409,102.25
7,34,8.5
224,1436,359.0
110,703,175.75
97,629,157.25
143,921,230.25
113,726,181.5
21,151,37.75
49,235,58.75
43,232,58.0
125,783,195.75
211,1295,323.75
214,1238,309.5
79,509,127.25
33,212,53.0
187,1127,281.75
207,1170,292.5
70,387,96.75
9,53,13.25
55,346,86.5
106,577,144.25
56,315,78.75
56,315,78.75
81,470,117.5
223,1393,348.25
221,1298,324.5
245,1494,373.5
26,150,37.5
199,1152,288.0
6,48,12.0
214,1622,405.5
20,114,28.5
20,127,31.75
23,144,36.0
142,796,199.0
179,916,229.0
7,32,8.0
116,733,183.25
103,601,150.25
282,2099,524.75
294,1847,461.75
149,874,218.5
6,42,10.5
28,183,45.75
2,12,3.0
277,1550,387.5
40,272,68.0
7,35,8.75
251,1556,389.0
287,1825,456.25
167,1079,269.75
182,1254,313.5
43,267,66.75
125,864,216.0
256,1773,443.25
242,1451,362.75
1,1,0.25
23,141,35.25
45,337,84.25
7,32,8.0
20,118,29.5
51,367,91.75
298,1790,447.5
127,777,194.25
162,966,241.5
296,1844,461.0
21,107,26.75
150,671,167.75
2,12,3.0
28,139,34.75
60,345,86.25
12,67,16.75
8,40,10.0
22,139,34.75
22,139,34.75
219,1486,371.5
87,559,139.75
1,11,2.75
76,438,109.5
126,734,183.5
101,612,153.0
113,664,166.0
63,376,94.0
14,77,19.25
158,736,184.0
15,80,20.0
367,2264,566.0
7,34,8.5
41,222,55.5
250,1583,395.75
232,1540,385.0
136,923,230.75
227,1407,351.75
187,1147,286.75
223,1371,342.75
1,3,0.75
57,297,74.25
19,105,26.25
43,249,62.25
319,1860,465.0
155,856,214.0
79,426,106.5
15,88,22.0
23,163,40.75
61,417,104.25
232,1574,393.5
113,691,172.75
110,725,181.25
118,575,143.75
7,34,8.5
247,1196,299.0
182,778,194.5
244,1565,391.25
248,1604,401.0
12,47,11.75
1,2,0.5
197,1285,321.25
80,409,102.25
20,110,27.5
72,450,112.5
168,1058,264.5
167,978,244.5
176,1055,263.75
251,1523,380.75
166,996,249.0
223,1337,334.25
229,1379,344.75
236,1417,354.25
480,2883,720.75
113,704,176.0
101,581,145.25
64,385,96.25
218,1521,380.25
5,30,7.5
40,200,50.0
91,590,147.5
275,1920,480.0
7,32,8.0
14,78,19.5
22,121,30.25
291,1749,437.25
180,1141,285.25
1,1,0.25
388,2228,557.0
22,118,29.5
19,208,52.0
20,125,31.25
16,103,25.75
24,148,37.0
27,148,37.0
20,120,30.0
20,120,30.0
20,120,30.0
168,1155,288.75
13,63,15.75
20,131,32.75
7,38,9.5
56,347,86.75
171,984,246.0
19,99,24.75
11,64,16.0
17,112,28.0
150,944,236.0
299,1735,433.75
56,391,97.75
118,729,182.25
164,1020,255.0
43,275,68.75
279,1885,471.25
209,1613,403.25
92,564,141.0
41,227,56.75
39,262,65.5
132,842,210.5
177,1031,257.75
80,521,130.25
376,2134,533.5
12,79,19.75
9,41,10.25
21,122,30.5
29,159,39.75
44,233,58.25
57,284,71.0
81,404,101.0
107,658,164.5
254,1692,423.0
1,6,1.5
16,110,27.5
18,116,29.0
5,29,7.25
5,27,6.75
4,15,3.75
19,110,27.5
281,1256,314.0
119,819,204.75
110,572,143.0
83,423,105.75
394,2118,529.5
189,1182,295.5
348,2005,501.25
13,42,10.5
68,360,90.0
68,360,90.0
160,880,220.0
172,967,241.75
154,879,219.75
108,622,155.5
109,642,160.5
153,860,215.0
31,187,46.75
136,751,187.75
229,1288,322.0
484,2689,672.25
99,590,147.5
145,750,187.5
31,174,43.5
1,19,4.75
14,68,17.0
33,170,42.5
19,105,26.25
18,89,22.25
54,309,77.25
28,169,42.25
39,208,52.0
38,218,54.5
72,434,108.5
112,623,155.75
181,1100,275.0
17,93,23.25
35,189,47.25
143,1295,323.75
106,611,152.75
213,1338,334.5
3,396,99.0
18,105,26.25
342,1835,458.75
374,1976,494.0
8,205,51.25
206,1354,338.5
7,34,8.5
12,58,14.5
20,121,30.25
163,921,230.25
230,1447,361.75
336,2111,527.75
1,3,0.75
12,84,21.0
61,364,91.0
139,869,217.25
192,1159,289.75
50,275,68.75
101,675,168.75
102,607,151.75
162,1014,253.5
141,899,224.75
75,419,104.75
144,911,227.75
57,328,82.0
125,744,186.0
117,692,173.0
125,744,186.0
206,1419,354.75
65,365,91.25
9,54,13.5
1,2,0.5
20,112,28.0
11,59,14.75
221,1592,398.0
467,3230,807.5
147,1131,282.75
140,670,167.5
247,1192,298.0
16,98,24.5
49,297,74.25
1,2,0.5
1,2,0.5
1,2,0.5
1,2,0.5
1,2,0.5
7,44,11.0
7,44,11.0
7,44,11.0
7,44,11.0
7,44,11.0
1,2,0.5
1,2,0.5
9,52,13.0
86,502,125.5
196,1357,339.25
171,928,232.0
246,1406,351.5
202,1067,266.75
34,216,54.0
41,270,67.5
184,1384,346.0
83,605,151.25
60,402,100.5
53,331,82.75
118,833,208.25
267,1504,376.0
353,2143,535.75
272,1687,421.75
277,1751,437.75
288,1696,424.0
217,1242,310.5
26,151,37.75
1,2,0.5
2,9,2.25
31,167,41.75
16,120,30.0
77,433,108.25
100,621,155.25
10,64,16.0
154,971,242.75
145,834,208.5
139,797,199.25
233,1251,312.75
137,799,199.75
37,248,62.0
193,1432,358.0
106,444,111.0
134,828,207.0
95,566,141.5
142,853,213.25
7,34,8.5
266,1776,444.0
284,1862,465.5
7,32,8.0
263,1896,474.0
62,343,85.75
110,890,222.5
57,328,82.0
53,314,78.5
314,2221,555.25
22,129,32.25
208,1257,314.25
19,111,27.75
21,123,30.75
13,66,16.5
18,104,26.0
13,66,16.5
25,140,35.0
6,48,12.0
14,83,20.75
315,2030,507.5
189,1222,305.5
290,1965,491.25
117,601,150.25
231,1125,281.25
229,1132,283.0
217,1077,269.25
219,1085,271.25
104,534,133.5
22,113,28.25
134,731,182.75
120,728,182.0
469,3046,761.5
14,90,22.5
14,86,21.5
1,9,2.25
9,60,15.0
103,622,155.5
125,981,245.25
1,1,0.25
287,1703,425.75
234,1464,366.0
1,1,0.25
205,1302,325.5
35,210,52.5
135,1124,281.0
6,34,8.5
34,219,54.75
190,1285,321.25
193,1247,311.75
284,1822,455.5
75,398,99.5
1,2,0.5
8,36,9.0
56,354,88.5
41,234,58.5
39,259,64.75
140,890,222.5
359,2219,554.75
59,375,93.75
79,522,130.5
122,835,208.75
120,773,193.25
224,1499,374.75
78,463,115.75
69,440,110.0
87,556,139.0
162,1006,251.5
241,1321,330.25
139,747,186.75
130,695,173.75
135,712,178.0
124,674,168.5
115,588,147.0
200,1135,283.75
37,183,45.75
73,319,79.75
5,25,6.25
13,74,18.5
16,94,23.5
19,85,21.25
49,293,73.25
255,1491,372.75
369,2123,530.75
191,1223,305.75
25,90,22.5
198,1241,310.25
7,34,8.5
186,1197,299.25
97,561,140.25
334,1887,471.75
11,55,13.75
38,239,59.75
46,245,61.25
122,748,187.0
74,401,100.25
109,547,136.75
263,1625,406.25
14,72,18.0
30,157,39.25
24,146,36.5
30,170,42.5
137,810,202.5
184,1105,276.25
207,1177,294.25
162,904,226.0
27,172,43.0
60,318,79.5
355,2423,605.75
330,2262,565.5
48,296,74.0
317,2312,578.0
83,487,121.75
12,67,16.75
10,50,12.5
22,152,38.0
4,20,5.0
15,72,18.0
30,196,49.0
27,187,46.75
84,452,113.0
1,1,0.25
25,133,33.25
20,133,33.25
28,144,36.0
30,170,42.5
38,283,70.75
25,174,43.5
16,84,21.0
19,123,30.75
52,363,90.75
34,242,60.5
40,288,72.0
38,280,70.0
22,165,41.25
43,263,65.75
15,115,28.75
198,1527,381.75
32,164,41.0
257,1365,341.25
9,44,11.0
104,596,149.0
9,45,11.25
97,474,118.5
15,95,23.75
12,42,10.5
9,41,10.25
9,41,10.25
9,41,10.25
13,54,13.5
122,614,153.5
92,461,115.25
93,493,123.25
83,394,98.5
112,548,137.0
104,518,129.5
114,580,145.0
105,536,134.0
96,459,114.75
138,1713,428.25
233,1580,395.0
121,1642,410.5
223,1886,471.5
28,157,39.25
284,1883,470.75
65,378,94.5
109,1571,392.75
231,1356,339.0
216,1305,326.25
333,1929,482.25
291,1644,411.0
245,1398,349.5
274,1659,414.75
308,2063,515.75
143,906,226.5
133,840,210.0
135,806,201.5
69,426,106.5
85,410,102.5
78,371,92.75
331,2289,572.25
7,32,8.0
38,214,53.5
30,155,38.75
30,178,44.5
80,508,127.0
15,97,24.25
54,279,69.75
73,436,109.0
320,1864,466.0
52,313,78.25
233,1386,346.5
221,1425,356.25
235,1540,385.0
147,890,222.5
352,2161,540.25
273,1660,415.0
315,2116,529.0
50,308,77.0
50,300,75.0
5,28,7.0
11,65,16.25
224,1350,337.5
198,1202,300.5
255,1527,381.75
308,1766,441.5
231,1355,338.75
241,1477,369.25
255,1469,367.25
290,1675,418.75
289,1687,421.75
133,868,217.0
136,805,201.25
28,82,20.5
201,1152,288.0
170,1018,254.5
41,241,60.25
7,238,59.5
426,2431,607.75
4,16,4.0
25,134,33.5
218,1673,418.25
138,1131,282.75
229,1739,434.75
335,2819,704.75
158,1192,298.0
150,1087,271.75
130,868,217.0
65,401,100.25
65,401,100.25
23,145,36.25
173,1071,267.75
1,1,0.25
61,390,97.5
41,209,52.25
52,285,71.25
100,625,156.25
4,25,6.25
71,457,114.25
5,10,2.5
66,362,90.5
182,1004,251.0
35,161,40.25
171,938,234.5
1,35,8.75
1,3,0.75
1,3,0.75
1,3,0.75
1,3,0.75
1,4,1.0
1,4,1.0
10,75,18.75
11,83,20.75
10,79,19.75
10,79,19.75
27,139,34.75
34,176,44.0
1,4,1.0
4,14,3.5
2,10,2.5
4,14,3.5
4,14,3.5
2,10,2.5
4,14,3.5
98,476,119.0
85,534,133.5
7,32,8.0
83,519,129.75
7,32,8.0
36,188,47.0
439,2771,692.75
102,680,170.0
6,30,7.5
43,272,68.0
69,439,109.75
55,343,85.75
197,1043,260.75
202,1066,266.5
101,732,183.0
72,463,115.75
153,753,188.25
172,859,214.75
152,777,194.25
227,1143,285.75
643,4137,1034.25
136,783,195.75
83,536,134.0
7,42,10.5
72,461,115.25
91,543,135.75
278,1836,459.0
293,1843,460.75
44,208,52.0
141,783,195.75
8,35,8.75
6,22,5.5
1,1,0.25
93,668,167.0
2,7,1.75
320,1916,479.0
246,1598,399.5
213,1287,321.75
136,824,206.0
207,1242,310.5
224,1590,397.5
22,125,31.25
5,21,5.25
4,21,5.25
218,1187,296.75
215,1174,293.5
57,422,105.5
38,222,55.5
65,373,93.25
40,228,57.0
19,118,29.5
25,153,38.25
59,355,88.75
41,261,65.25
69,434,108.5
45,242,60.5
2,15,3.75
45,313,78.25
42,311,77.75
42,313,78.25
42,313,78.25
319,2106,526.5
335,2233,558.25
174,1238,309.5
102,671,167.75
216,1517,379.25
176,1070,267.5
198,1289,322.25
203,1419,354.75
1,5,1.25
1,11,2.75
2,11,2.75
15,65,16.25
152,1226,306.5
57,341,85.25
24,88,22.0
20,112,28.0
165,1067,266.75
152,861,215.25
32,189,47.25
189,1133,283.25
188,1081,270.25
127,764,191.0
115,682,170.5
181,1039,259.75
45,278,69.5
13,108,27.0
10,90,22.5
8,128,32.0
15,110,27.5
10,100,25.0
16,179,44.75
9,65,16.25
1,12,3.0
1,10,2.5
256,1690,422.5
20,155,38.75
212,1412,353.0
79,544,136.0
169,988,247.0
30,202,50.5
41,310,77.5
2,40,10.0
287,1822,455.5
209,1259,314.75
249,1501,375.25
7,34,8.5
44,282,70.5
93,549,137.25
161,858,214.5
150,840,210.0
190,1333,333.25
5,36,9.0
17,81,20.25
124,760,190.0
1,1,0.25
47,266,66.5
254,1729,432.25
180,1205,301.25
16,74,18.5
191,1103,275.75
278,1621,405.25
118,681,170.25
164,934,233.5
21,130,32.5
59,337,84.25
17,111,27.75
35,228,57.0
268,2169,542.25
30,240,60.0
113,734,183.5
18,100,25.0
151,1408,352.0
51,305,76.25
102,607,151.75
181,1385,346.25
7,34,8.5
216,1498,374.5
19,107,26.75
112,625,156.25
42,246,61.5
97,584,146.0
143,833,208.25
135,829,207.25
110,658,164.5
271,1856,464.0
225,1839,459.75
180,1113,278.25
168,1117,279.25
260,1681,420.25
121,803,200.75
348,1978,494.5
23,131,32.75
67,411,102.75
27,173,43.25
21,140,35.0
180,1220,305.0
160,845,211.25
121,558,139.5
197,1098,274.5
64,362,90.5
26,166,41.5
17,96,24.0
47,292,73.0
243,1494,373.5
255,1467,366.75
76,489,122.25
173,1092,273.0
125,788,197.0
201,1238,309.5
202,1172,293.0
162,1024,256.0
240,1933,483.25
233,1867,466.75
168,1134,283.5
25,133,33.25
206,1172,293.0
16,92,23.0
87,514,128.5
41,259,64.75
17,111,27.75
20,159,39.75
238,1474,368.5
244,1549,387.25
227,1412,353.0
181,1104,276.0
216,1285,321.25
189,1145,286.25
153,897,224.25
213,1168,292.0
26,132,33.0
56,307,76.75
86,479,119.75
16,87,21.75
81,454,113.5
44,261,65.25
20,96,24.0
12,56,14.0
33,217,54.25
3,17,4.25
161,852,213.0
21,108,27.0
118,704,176.0
5,25,6.25
318,1942,485.5
30,215,53.75
55,388,97.0
62,438,109.5
55,389,97.25
55,417,104.25
48,420,105.0
49,306,76.5
26,158,39.5
6,26,6.5
48,420,105.0
7,29,7.25
138,1113,278.25
329,2223,555.75
57,333,83.25
60,358,89.5
84,564,141.0
157,950,237.5
239,1437,359.25
114,722,180.5
328,2004,501.0
18,124,31.0
44,293,73.25
1,12,3.0
63,412,103.0
106,662,165.5
105,658,164.5
429,3155,788.75
32,160,40.0
229,1394,348.5
99,550,137.5
74,402,100.5
72,389,97.25
92,541,135.25
147,845,211.25
2,8,2.0
175,1003,250.75
177,1065,266.25
66,571,142.75
14,98,24.5
11,72,18.0
23,120,30.0
18,107,26.75
318,1803,450.75
268,1526,381.5
277,1561,390.25
54,344,86.0
10,61,15.25
11,62,15.5
7,32,8.0
158,1061,265.25
45,272,68.0
58,348,87.0
234,1443,360.75
132,781,195.25
67,439,109.75
346,2413,603.25
34,214,53.5
16,101,25.25
82,503,125.75
46,341,85.25
30,147,36.75
80,513,128.25
28,125,31.25
27,122,30.5
177,1073,268.25
153,925,231.25
142,882,220.5
23,116,29.0
163,1153,288.25
46,250,62.5
210,1287,321.75
22,112,28.0
174,925,231.25
7,34,8.5
34,167,41.75
191,1274,318.5
154,946,236.5
8,59,14.75
60,492,123.0
76,582,145.5
77,594,148.5
31,185,46.25
28,152,38.0
22,130,32.5
178,1103,275.75
43,248,62.0
38,197,49.25
6,31,7.75
36,209,52.25
22,170,42.5
1,3,0.75
2,8,2.0
5,14,3.5
114,580,145.0
48,246,61.5
135,622,155.5
330,1768,442.0
1,1,0.25
96,565,141.25
167,1185,296.25
40,300,75.0
254,1634,408.5
219,1323,330.75
195,1154,288.5
199,1209,302.25
47,261,65.25
220,1299,324.75
183,1179,294.75
91,690,172.5
234,1427,356.75
161,1703,425.75
133,1265,316.25
251,1786,446.5
301,1624,406.0
64,345,86.25
347,2115,528.75
137,798,199.5
83,543,135.75
137,1549,387.25
195,1039,259.75
17,83,20.75
11,64,16.0
29,169,42.25
24,126,31.5
36,187,46.75
230,1380,345.0
209,1528,382.0
172,1244,311.0
218,1852,463.0
69,437,109.25
286,1999,499.75
19,111,27.75
249,1714,428.5
171,1281,320.25
161,798,199.5
290,2094,523.5
30,200,50.0
89,650,162.5
55,429,107.25
46,439,109.75
51,399,99.75
205,3507,876.75
48,360,90.0
110,870,217.5
173,1561,390.25
14,71,17.75
6,33,8.25
26,137,34.25
20,115,28.75
3,19,4.75
6,25,6.25
18,117,29.25
44,271,67.75
51,295,73.75
85,474,118.5
1,5,1.25
40,208,52.0
516,3342,835.5
3,16,4.0
464,2994,748.5
40,203,50.75
25,132,33.0
201,1054,263.5
167,1024,256.0
318,1895,473.75
219,1415,353.75
52,328,82.0
85,544,136.0
90,504,126.0
121,822,205.5
91,563,140.75
287,1884,471.0
255,1697,424.25
166,908,227.0
118,648,162.0
145,854,213.5
2,13,3.25
151,850,212.5
186,1076,269.0
11,65,16.25
161,1117,279.25
101,671,167.75
249,1460,365.0
88,541,135.25
214,1269,317.25
128,701,175.25
12,73,18.25
12,72,18.0
12,72,18.0
12,72,18.0
12,72,18.0
12,72,18.0
12,72,18.0
3,18,4.5
287,1822,455.5
37,197,49.25
389,2386,596.5
314,2056,514.0
3,18,4.5
4,30,7.5
4,29,7.25
61,362,90.5
176,1248,312.0
359,2005,501.25
1,10,2.5
305,1458,364.5
202,972,243.0
170,1261,315.25
166,1235,308.75
323,1731,432.75
267,1493,373.25
303,1743,435.75
266,1619,404.75
55,370,92.5
325,1729,432.25
194,1544,386.0
135,853,213.25
192,1215,303.75
201,1193,298.25
322,1954,488.5
212,1263,315.75
29,171,42.75
12,57,14.25
50,264,66.0
236,1503,375.75
201,1232,308.0
156,982,245.5
161,1005,251.25
192,1129,282.25
231,1544,386.0
219,1308,327.0
260,1823,455.75
24,123,30.75
89,491,122.75
429,2794,698.5
9,43,10.75
207,1135,283.75
10,74,18.5
52,319,79.75
59,371,92.75
274,1456,364.0
240,1336,334.0
5,19,4.75
83,459,114.75
100,495,123.75
90,460,115.0
152,754,188.5
68,340,85.0
439,2495,623.75
44,227,56.75
9,59,14.75
189,1291,322.75
12,68,17.0
98,504,126.0
18,61,15.25
27,132,33.0
1,1,0.25
225,1263,315.75
29,162,40.5
210,1304,326.0
38,260,65.0
19,95,23.75
209,1295,323.75
148,980,245.0
9,47,11.75
181,1526,381.5
223,1274,318.5
136,914,228.5
51,279,69.75
277,1700,425.0
172,1038,259.5
216,1359,339.75
184,1054,263.5
198,1083,270.75
150,892,223.0
16,100,25.0
1,1,0.25
35,228,57.0
282,1868,467.0
61,374,93.5
196,1305,326.25
34,183,45.75
179,1025,256.25
147,668,167.0
23,149,37.25
71,424,106.0
182,1204,301.0
12,68,17.0
187,1123,280.75
79,446,111.5
59,319,79.75
176,925,231.25
39,192,48.0
26,141,35.25
48,311,77.75
21,103,25.75
5,24,6.0
84,483,120.75
29,192,48.0
164,925,231.25
198,1437,359.25
26,143,35.75
12,621,155.25
229,1416,354.0
545,3217,804.25
85,488,122.0
186,1249,312.25
168,1170,292.5
280,1864,466.0
33,271,67.75
43,255,63.75
22,117,29.25
13,89,22.25
28,165,41.25
13,81,20.25
129,667,166.75
109,591,147.75
146,804,201.0
185,1014,253.5
110,732,183.0
365,1988,497.0
250,1419,354.75
338,1959,489.75
144,880,220.0
135,679,169.75
32,162,40.5
60,307,76.75
56,312,78.0
119,800,200.0
79,458,114.5
261,1872,468.0
142,1395,348.75
30,151,37.75
23,116,29.0
23,116,29.0
257,1483,370.75
146,967,241.75
8,57,14.25
26,155,38.75
954,5555,1388.75
28,154,38.5
2,12,3.0
7,30,7.5
9,45,11.25
1,4,1.0
8,36,9.0
8,42,10.5
199,1146,286.5
136,821,205.25
142,922,230.5
101,617,154.25
103,616,154.0
86,492,123.0
3,13,3.25
22,169,42.25
80,507,126.75
246,1877,469.25
188,1226,306.5
55,398,99.5
42,290,72.5
1,2,0.5
1,4,1.0
2,8,2.0
2,8,2.0
7,34,8.5
35,181,45.25
104,629,157.25
20,98,24.5
35,222,55.5
116,784,196.0
41,317,79.25
228,1504,376.0
32,171,42.75
358,2305,576.25
102,590,147.5
87,527,131.75
50,267,66.75
1,6,1.5
1,4,1.0
1,14,3.5
1,14,3.5
1,14,3.5
44,240,60.0
13,78,19.5
270,1828,457.0
181,1239,309.75
199,1600,400.0
188,1025,256.25
188,1162,290.5
93,524,131.0
73,390,97.5
128,773,193.25
151,865,216.25
61,298,74.5
91,464,116.0
154,1154,288.5
130,813,203.25
55,332,83.0
243,1624,406.0
196,1265,316.25
636,3797,949.25
7,32,8.0
10,50,12.5
215,1369,342.25
234,1444,361.0
248,1580,395.0
86,587,146.75
67,432,108.0
68,416,104.0
27,179,44.75
35,202,50.5
34,216,54.0
40,248,62.0
52,371,92.75
40,291,72.75
21,127,31.75
9,58,14.5
15,105,26.25
12,138,34.5
36,188,47.0
82,527,131.75
218,1287,321.75
210,1563,390.75
107,775,193.75
42,405,101.25
74,450,112.5
165,865,216.25
7,32,8.0
20,118,29.5
21,120,30.0
214,1272,318.0
255,1538,384.5
398,2296,574.0
225,1517,379.25
88,553,138.25
246,1580,395.0
7,35,8.75
384,2078,519.5
369,2049,512.25
21,143,35.75
40,240,60.0
74,505,126.25
10,45,11.25
135,714,178.5
6,34,8.5
3,20,5.0
5,25,6.25
2,13,3.25
9,45,11.25
14,92,23.0
115,494,123.5
110,484,121.0
296,1818,454.5
102,691,172.75
109,727,181.75
195,1168,292.0
138,964,241.0
142,1074,268.5
218,1352,338.0
139,915,228.75
172,1202,300.5
55,230,57.5
174,1002,250.5
5,22,5.5
4,17,4.25
11,40,10.0
9,45,11.25
6,28,7.0
6,23,5.75
5,24,6.0
10,43,10.75
2,7,1.75
5,22,5.5
5,17,4.25
3,10,2.5
4,12,3.0
5,24,6.0
2,10,2.5
7,26,6.5
5,22,5.5
5,22,5.5
5,22,5.5
50,285,71.25
30,174,43.5
317,1714,428.5
177,905,226.25
12,52,13.0
97,671,167.75
80,797,199.25
113,1068,267.0
154,1453,363.25
62,315,78.75
61,311,77.75
109,418,104.5
221,1664,416.0
129,753,188.25
39,231,57.75
70,514,128.5
100,635,158.75
304,1802,450.5
24,118,29.5
53,328,82.0
308,1657,414.25
236,1530,382.5
268,1841,460.25
1,1,0.25
248,1836,459.0
71,462,115.5
71,462,115.5
12,71,17.75
218,1777,444.25
186,1318,329.5
276,1667,416.75
331,2017,504.25
90,493,123.25
80,436,109.0
87,468,117.0
99,541,135.25
364,2019,504.75
232,1352,338.0
195,1156,289.0
47,308,77.0
90,574,143.5
2,13,3.25
233,1605,401.25
20,147,36.75
58,345,86.25
49,264,66.0
4,23,5.75
250,1336,334.0
266,1437,359.25
13,71,17.75
254,1570,392.5
93,535,133.75
16,82,20.5
68,411,102.75
138,835,208.75
2,16,4.0
145,858,214.5
155,900,225.0
361,2017,504.25
91,541,135.25
92,531,132.75
6,32,8.0
9,54,13.5
83,515,128.75
166,962,240.5
6,2432,608.0
204,1412,353.0
326,1795,448.75
380,2064,516.0
92,529,132.25
203,1439,359.75
153,1077,269.25
177,1090,272.5
7,34,8.5
56,351,87.75
104,622,155.5
182,1179,294.75
201,1284,321.0
255,1554,388.5
71,442,110.5
449,2889,722.25
45,264,66.0
85,457,114.25
111,598,149.5
89,510,127.5
121,1108,277.0
96,521,130.25
263,1338,334.5
81,527,131.75
62,352,88.0
62,352,88.0
58,396,99.0
57,345,86.25
303,1899,474.75
148,855,213.75
11,61,15.25
150,938,234.5
9,44,11.0
25,124,31.0
27,138,34.5
11,71,17.75
229,1271,317.75
49,325,81.25
101,569,142.25
38,225,56.25
20,97,24.25
5,18,4.5
196,1190,297.5
96,488,122.0
25,147,36.75
77,424,106.0
94,617,154.25
86,493,123.25
34,191,47.75
125,844,211.0
143,763,190.75
214,1263,315.75
141,777,194.25
135,776,194.0
126,732,183.0
159,944,236.0
164,909,227.25
149,842,210.5
7,32,8.0
9,45,11.25
122,673,168.25
114,666,166.5
99,443,110.75
60,311,77.75
90,445,111.25
109,524,131.0
150,719,179.75
24,131,32.75
49,293,73.25
4,19,4.75
98,1079,269.75
47,280,70.0
259,1717,429.25
32,175,43.75
59,415,103.75
63,405,101.25
101,612,153.0
142,825,206.25
110,710,177.5
11,79,19.75
13,89,22.25
13,89,22.25
11,86,21.5
26,149,37.25
53,291,72.75
24,149,37.25
259,1665,416.25
55,277,69.25
136,725,181.25
77,441,110.25
6,30,7.5
265,1682,420.5
47,282,70.5
8,44,11.0
74,432,108.0
74,432,108.0
50,313,78.25
342,1936,484.0
254,1434,358.5
408,2128,532.0
282,1753,438.25
24,156,39.0
21,121,30.25
7,32,8.0
13,55,13.75
49,277,69.25
60,316,79.0
96,556,139.0
91,513,128.25
61,316,79.0
67,363,90.75
1,1,0.25
35,175,43.75
184,1008,252.0
102,554,138.5
84,534,133.5
38,174,43.5
27,138,34.5
16,92,23.0
15,88,22.0
5,31,7.75
8,50,12.5
42,225,56.25
110,1389,347.25
55,266,66.5
12,61,15.25
218,1195,298.75
36,191,47.75
5,161,40.25
60,449,112.25
16,75,18.75
192,1098,274.5
7,34,8.5
132,617,154.25
171,923,230.75
7,32,8.0
122,698,174.5
118,637,159.25
115,698,174.5
37,212,53.0
274,1648,412.0
10,43,10.75
214,1350,337.5
314,2114,528.5
13,77,19.25
115,685,171.25
17,147,36.75
6,32,8.0
144,877,219.25
285,1845,461.25
332,2172,543.0
118,658,164.5
34,163,40.75
408,2553,638.25
33,173,43.25
291,2080,520.0
325,2308,577.0
75,512,128.0
294,1899,474.75
1,1,0.25
46,220,55.0
32,208,52.0
87,645,161.25
221,1440,360.0
70,448,112.0
381,2939,734.75
2,9,2.25
17,114,28.5
17,114,28.5
222,1450,362.5
202,1233,308.25
267,1663,415.75
311,1945,486.25
285,1709,427.25
261,1689,422.25
251,1808,452.0
10,60,15.0
7,41,10.25
8,42,10.5
13,73,18.25
46,283,70.75
248,1260,315.0
273,1397,349.25
281,1453,363.25
33,171,42.75
8,44,11.0
88,576,144.0
146,955,238.75
33,172,43.0
192,1193,298.25
242,1920,480.0
15,99,24.75
71,393,98.25
12,130,32.5
48,265,66.25
192,1276,319.0
326,2109,527.25
121,809,202.25
121,902,225.5
7,32,8.0
17,110,27.5
49,277,69.25
43,261,65.25
27,144,36.0
22,111,27.75
32,193,48.25
145,911,227.75
2,47,11.75
24,146,36.5
139,830,207.5
521,3303,825.75
403,2101,525.25
257,1577,394.25
602,3578,894.5
138,668,167.0
295,1972,493.0
212,1279,319.75
174,1112,278.0
10,55,13.75
97,549,137.25
45,236,59.0
18,112,28.0
154,801,200.25
21,108,27.0
3,32,8.0
7,32,8.0
111,642,160.5
228,1608,402.0
188,1210,302.5
250,1620,405.0
232,1548,387.0
131,849,212.25
162,1099,274.75
163,1055,263.75
275,1750,437.5
258,1558,389.5
319,1966,491.5
284,1572,393.0
215,1203,300.75
178,1163,290.75
88,546,136.5
117,693,173.25
196,1234,308.5
39,214,53.5
142,1331,332.75
236,1882,470.5
97,577,144.25
19,96,24.0
72,381,95.25
35,173,43.25
25,147,36.75
6,48,12.0
246,1615,403.75
69,375,93.75
227,1798,449.5
226,1422,355.5
296,1741,435.25
133,818,204.5
2,9,2.25
13,55,13.75
85,480,120.0
8,43,10.75
8,47,11.75
74,432,108.0
8,46,11.5
7,34,8.5
3,17,4.25
1,33,8.25
2,11,2.75
237,1361,340.25
218,1372,343.0
10,59,14.75
30,166,41.5
88,619,154.75
295,1829,457.25
27,174,43.5
18,107,26.75
65,393,98.25
360,2185,546.25
108,645,161.25
98,601,150.25
83,519,129.75
76,421,105.25
92,516,129.0
106,604,151.0
153,919,229.75
287,1890,472.5
7,36,9.0
47,281,70.25
37,250,62.5
225,1317,329.25
253,1598,399.5
8,39,9.75
19,75,18.75
78,439,109.75
323,2024,506.0
185,1113,278.25
250,1544,386.0
321,1990,497.5
34,178,44.5
107,664,166.0
310,1651,412.75
17,101,25.25
158,870,217.5
158,850,212.5
158,857,214.25
163,977,244.25
57,328,82.0
16,103,25.75
18,94,23.5
4,27,6.75
4,27,6.75
4,27,6.75
4,27,6.75
3,23,5.75
4,27,6.75
4,27,6.75
4,27,6.75
4,27,6.75
4,27,6.75
199,925,231.25
30,155,38.75
1,1,0.25
109,630,157.5
24,130,32.5
96,539,134.75
214,1173,293.25
251,1334,333.5
205,1119,279.75
69,349,87.25
1,6,1.5
21,122,30.5
50,261,65.25
72,393,98.25
112,581,145.25
148,936,234.0
336,1844,461.0
270,1405,351.25
264,1370,342.5
293,1479,369.75
547,2828,707.0
1,1,0.25
142,905,226.25
44,236,59.0
304,1918,479.5
126,1108,277.0
47,236,59.0
7,32,8.0
136,848,212.0
166,1029,257.25
269,1429,357.25
364,2171,542.75
152,962,240.5
334,2234,558.5
335,2035,508.75
46,294,73.5
132,942,235.5
150,888,222.0
19,96,24.0
268,1561,390.25
48,286,71.5
6,28,7.0
9,43,10.75
114,690,172.5
185,1073,268.25
254,1539,384.75
266,1666,416.5
159,1047,261.75
189,1116,279.0
10,64,16.0
244,1534,383.5
20,108,27.0
49,284,71.0
5,20,5.0
115,685,171.25
41,208,52.0
186,1106,276.5
179,1116,279.0
160,949,237.25
134,832,208.0
134,788,197.0
190,1126,281.5
1,1,0.25
78,450,112.5
394,2012,503.0
88,540,135.0
218,1315,328.75
283,1693,423.25
182,1200,300.0
104,664,166.0
36,567,141.75
216,1303,325.75
273,1662,415.5
187,1150,287.5
313,1809,452.25
14,79,19.75
141,925,231.25
85,455,113.75
302,1991,497.75
14,88,22.0
73,440,110.0
93,585,146.25
182,1063,265.75
139,882,220.5
161,972,243.0
136,898,224.5
154,927,231.75
149,908,227.0
227,1375,343.75
224,1193,298.25
226,1213,303.25
229,1224,306.0
2,12,3.0
37,231,57.75
30,212,53.0
109,654,163.5
373,2078,519.5
212,1233,308.25
124,684,171.0
120,642,160.5
136,813,203.25
432,2837,709.25
146,1006,251.5
131,805,201.25
340,1790,447.5
294,1555,388.75
1,1,0.25
71,478,119.5
2,24,6.0
5,31,7.75
3,16,4.0
22,132,33.0
34,206,51.5
92,563,140.75
49,287,71.75
67,464,116.0
227,1457,364.25
104,606,151.5
30,174,43.5
60,327,81.75
130,701,175.25
33,173,43.25
37,203,50.75
171,1318,329.5
72,358,89.5
128,810,202.5
246,1387,346.75
273,1383,345.75
8,41,10.25
221,2081,520.25
204,2033,508.25
208,2050,512.5
71,443,110.75
37,251,62.75
18,107,26.75
15,72,18.0
1,5,1.25
9,69,17.25
12,82,20.5
270,1649,412.25
238,1406,351.5
55,333,83.25
95,500,125.0
21,113,28.25
212,1457,364.25
228,1335,333.75
156,902,225.5
196,1123,280.75
226,1292,323.0
93,603,150.75
40,205,51.25
77,451,112.75
47,261,65.25
78,456,114.0
193,1185,296.25
255,1785,446.25
321,2099,524.75
7,32,8.0
340,1751,437.75
1,1,0.25
7,32,8.0
110,665,166.25
13,84,21.0
20,155,38.75
92,488,122.0
11,67,16.75
176,1472,368.0
24,140,35.0
67,427,106.75
190,1012,253.0
265,1385,346.25
54,298,74.5
63,360,90.0
224,1299,324.75
202,1172,293.0
204,1327,331.75
45,249,62.25
87,536,134.0
82,522,130.5
88,557,139.25
109,689,172.25
26,182,45.5
69,353,88.25
112,719,179.75
111,743,185.75
129,747,186.75
249,1585,396.25
67,404,101.0
228,1407,351.75
320,1792,448.0
124,706,176.5
1,44,11.0
161,881,220.25
277,1413,353.25
35,203,50.75
1,1,0.25
211,1400,350.0
202,1329,332.25
266,1623,405.75
75,335,83.75
25,144,36.0
110,809,202.25
9,57,14.25
435,2439,609.75
29,199,49.75
90,546,136.5
38,204,51.0
14,71,17.75
85,527,131.75
166,980,245.0
97,726,181.5
411,2948,737.0
672,3579,894.75
146,1015,253.75
30,166,41.5
197,1206,301.5
92,583,145.75
229,1677,419.25
68,545,136.25
54,464,116.0
7,34,8.5
12,67,16.75
18,102,25.5
249,1527,381.75
264,1674,418.5
193,1505,376.25
216,1250,312.5
288,1858,464.5
177,1056,264.0
217,1342,335.5
25,138,34.5
154,896,224.0
55,341,85.25
37,249,62.25
43,295,73.75
25,107,26.75
5,30,7.5
128,763,190.75
255,1696,424.0
26,153,38.25
24,134,33.5
66,325,81.25
235,1446,361.5
179,961,240.25
136,780,195.0
192,1162,290.5
107,642,160.5
153,935,233.75
148,920,230.0
36,188,47.0
71,472,118.0
66,460,115.0
596,3064,766.0
15,76,19.0
9,53,13.25
370,2218,554.5
9,46,11.5
34,195,48.75
176,1025,256.25
6,27,6.75
3,9,2.25
14,63,15.75
133,755,188.75
48,302,75.5
152,1192,298.0
91,2132,533.0
1,1,0.25
66,430,107.5
257,2107,526.75
63,387,96.75
194,1481,370.25
65,380,95.0
63,387,96.75
97,740,185.0
39,216,54.0
150,909,227.25
307,2026,506.5
177,1153,288.25
12,60,15.0
81,474,118.5
51,256,64.0
68,367,91.75
200,1246,311.5
131,823,205.75
324,2079,519.75
167,1038,259.5
167,1043,260.75
229,1392,348.0
173,1037,259.25
191,1150,287.5
14,72,18.0
63,357,89.25
68,389,97.25
107,602,150.5
274,1652,413.0
48,252,63.0
54,305,76.25
76,409,102.25
16,87,21.75
91,497,124.25
122,668,167.0
133,742,185.5
99,542,135.5
58,363,90.75
159,992,248.0
249,1347,336.75
265,1523,380.75
127,712,178.0
57,296,74.0
228,1333,333.25
12,75,18.75
120,674,168.5
144,1052,263.0
148,1176,294.0
87,633,158.25
63,429,107.25
111,822,205.5
143,1091,272.75
66,399,99.75
9,43,10.75
1,1,0.25
11,54,13.5
2,13,3.25
1,1,0.25
107,1000,250.0
177,1156,289.0
325,1943,485.75
46,334,83.5
1,23,5.75
209,1341,335.25
47,266,66.5
126,636,159.0
254,1608,402.0
5,23,5.75
148,919,229.75
251,1560,390.0
250,1558,389.5
256,1689,422.25
339,2224,556.0
156,1099,274.75
11,91,22.75
21,144,36.0
19,134,33.5
57,375,93.75
7,47,11.75
25,134,33.5
87,447,111.75
55,367,91.75
315,2160,540.0
250,1602,400.5
172,1025,256.25
22,105,26.25
214,1443,360.75
93,546,136.5
14,81,20.25
109,679,169.75
413,1610,402.5
4,23,5.75
4,16,4.0
4,23,5.75
5,21,5.25
5,22,5.5
9,39,9.75
2,7,1.75
5,22,5.5
5,23,5.75
40,190,47.5
9,51,12.75
5,27,6.75
20,104,26.0
6,25,6.25
4,24,6.0
8,34,8.5
16,79,19.75
4,19,4.75
8,39,9.75
1,5,1.25
10,43,10.75
133,811,202.75
155,980,245.0
202,1230,307.5
107,619,154.75
249,1659,414.75
224,1427,356.75
233,1584,396.0
38,248,62.0
72,380,95.0
36,195,48.75
41,221,55.25
144,778,194.5
56,303,75.75
23,127,31.75
16,88,22.0
8,42,10.5
3,16,4.0
14,87,21.75
15,75,18.75
7,35,8.75
6,30,7.5
28,163,40.75
137,818,204.5
289,1731,432.75
297,1805,451.25
251,1499,374.75
235,1312,328.0
142,866,216.5
103,617,154.25
108,655,163.75
71,628,157.0
7,32,8.0
330,1976,494.0
10,53,13.25
355,1963,490.75
34,190,47.5
23,123,30.75
49,1364,341.0
177,1208,302.0
76,399,99.75
239,2013,503.25
155,905,226.25
137,1029,257.25
148,980,245.0
48,264,66.0
141,893,223.25
183,1216,304.0
47,276,69.0
210,1463,365.75
50,261,65.25
143,815,203.75
137,821,205.25
120,860,215.0
115,632,158.0
105,644,161.0
136,878,219.5
7,34,8.5
207,1511,377.75
134,735,183.75
239,1471,367.75
2,9,2.25
33,165,41.25
418,2188,547.0
413,2160,540.0
173,916,229.0
30,156,39.0
4,18,4.5
296,1700,425.0
19,86,21.5
118,751,187.75
21,120,30.0
104,711,177.75
129,978,244.5
8,39,9.75
16,94,23.5
1,1,0.25
1,1,0.25
244,1455,363.75
337,2126,531.5
304,1827,456.75
326,2141,535.25
356,2416,604.0
300,1954,488.5
247,2065,516.25
299,1921,480.25
231,1495,373.75
288,1626,406.5
214,1491,372.75
233,2118,529.5
245,1786,446.5
234,2108,527.0
249,1750,437.5
175,1889,472.25
183,1891,472.75
240,2136,534.0
148,1200,300.0
259,1600,400.0
52,299,74.75
154,881,220.25
13,73,18.25
36,209,52.25
57,367,91.75
90,498,124.5
156,858,214.5
82,489,122.25
7,32,8.0
78,447,111.75
14,68,17.0
85,521,130.25
126,743,185.75
231,1372,343.0
225,1543,385.75
144,869,217.25
158,929,232.25
75,450,112.5
77,454,113.5
91,487,121.75
151,900,225.0
256,1551,387.75
1,4,1.0
52,292,73.0
27,134,33.5
8,41,10.25
10,44,11.0
9,38,9.5
123,684,171.0
1,348,87.0
39,216,54.0
58,328,82.0
67,390,97.5
60,348,87.0
387,2003,500.75
10,86,21.5
91,673,168.25
250,1425,356.25
78,418,104.5
130,726,181.5
41,263,65.75
3,11,2.75
266,1534,383.5
301,1695,423.75
392,2084,521.0
751,4027,1006.75
1511,8002,2000.5
2,14,3.5
71,460,115.0
58,339,84.75
50,283,70.75
60,339,84.75
54,320,80.0
30,168,42.0
58,335,83.75
79,471,117.75
71,423,105.75
73,434,108.5
82,478,119.5
80,455,113.75
82,497,124.25
51,294,73.5
175,1053,263.25
97,529,132.25
112,602,150.5
108,593,148.25
145,815,203.75
86,486,121.5
49,279,69.75
46,261,65.25
24,150,37.5
115,659,164.75
122,680,170.0
140,739,184.75
184,1007,251.75
36,212,53.0
129,725,181.25
135,755,188.75
133,754,188.5
20,116,29.0
161,923,230.75
96,572,143.0
62,353,88.25
73,397,99.25
68,347,86.75
63,334,83.5
56,355,88.75
63,354,88.5
2,10,2.5
27,195,48.75
170,1055,263.75
92,635,158.75
76,368,92.0
4,17,4.25
1,6,1.5
146,757,189.25
260,1331,332.75
223,1442,360.5
27,137,34.25
155,1159,289.75
260,1593,398.25
17,110,27.5
17,88,22.0
40,251,62.75
28,142,35.5
5,37,9.25
246,1411,352.75
247,1288,322.0
109,591,147.75
79,406,101.5
21,116,29.0
7,32,8.0
144,1250,312.5
144,1252,313.0
357,2158,539.5
77,421,105.25
109,614,153.5
53,267,66.75
47,253,63.25
26,142,35.5
22,137,34.25
1,1,0.25
1,2,0.5
1,2,0.5
1,2,0.5
1,2,0.5
1,2,0.5
1,2,0.5
1,2,0.5
1,2,0.5
1,2,0.5
1,2,0.5
1,2,0.5
1,2,0.5
1,2,0.5
1,2,0.5
1,2,0.5
1,2,0.5
1,2,0.5
1,2,0.5
1,2,0.5
1,2,0.5
1,2,0.5
1,2,0.5
1,2,0.5
65,403,100.75
4,16,4.0
12,73,18.25
64,340,85.0
357,1735,433.75
15,81,20.25
110,557,139.25
120,575,143.75
146,701,175.25
143,701,175.25
109,518,129.5
125,777,194.25
187,1133,283.25
194,989,247.25
109,614,153.5
184,1369,342.25
127,720,180.0
297,1967,491.75
136,861,215.25
183,1297,324.25
212,1511,377.75
334,2079,519.75
199,1031,257.75
104,645,161.25
168,1293,323.25
27,139,34.75
76,416,104.0
93,1373,343.25
145,765,191.25
91,518,129.5
64,345,86.25
62,313,78.25
57,303,75.75
137,911,227.75
89,469,117.25
46,295,73.75
184,1488,372.0
192,1376,344.0
207,1412,353.0
24,122,30.5
21,128,32.0
46,258,64.5
90,504,126.0
398,2391,597.75
401,2413,603.25
422,2774,693.5
25,111,27.75
138,748,187.0
285,1796,449.0
70,362,90.5
365,2818,704.5
9,59,14.75
2,10,2.5
124,694,173.5
48,269,67.25
174,891,222.75
15,93,23.25
49,302,75.5
43,235,58.75
72,357,89.25
73,445,111.25
55,282,70.5
75,454,113.5
77,437,109.25
302,2156,539.0
137,1736,434.0
298,1314,328.5
140,826,206.5
106,613,153.25
11,68,17.0
134,846,211.5
122,759,189.75
116,807,201.75
203,1182,295.5
143,1257,314.25
17,143,35.75
138,727,181.75
254,1368,342.0
25,120,30.0
671,4359,1089.75
288,1492,373.0
134,741,185.25
246,1463,365.75
93,626,156.5
122,853,213.25
42,240,60.0
90,557,139.25
167,1114,278.5
127,784,196.0
2,6,1.5
5,24,6.0
242,1115,278.75
307,1752,438.0
183,956,239.0
124,754,188.5
233,1400,350.0
161,1043,260.75
244,1411,352.75
80,313,78.25
369,2462,615.5
100,547,136.75
7,34,8.5
347,2016,504.0
172,1160,290.0
166,1154,288.5
135,884,221.0
1,63,15.75
223,1128,282.0
7,32,8.0
157,1046,261.5
383,2509,627.25
1,15,3.75
144,819,204.75
62,423,105.75
1,2,0.5
57,317,79.25
79,463,115.75
183,1028,257.0
109,617,154.25
1,9,2.25
273,1904,476.0
121,839,209.75
260,1534,383.5
54,330,82.5
139,874,218.5
51,288,72.0
31,166,41.5
92,542,135.5
79,445,111.25
1,1,0.25
99,814,203.5
98,831,207.75
29,187,46.75
145,1516,379.0
119,664,166.0
103,720,180.0
39,297,74.25
96,632,158.0
18,134,33.5
51,311,77.75
51,311,77.75
139,890,222.5
141,812,203.0
217,1379,344.75
227,1401,350.25
247,1696,424.0
25,137,34.25
200,1434,358.5
141,899,224.75
52,277,69.25
16,93,23.25
5,41,10.25
5,37,9.25
5,50,12.5
5,49,12.25
5,41,10.25
5,41,10.25
74,420,105.0
329,2015,503.75
20,117,29.25
242,1369,342.25
244,1459,364.75
7,32,8.0
3,49,12.25
4,21,5.25
118,659,164.75
29,148,37.0
174,944,236.0
23,131,32.75
7,34,8.5
8,38,9.5
5,35,8.75
238,1462,365.5
181,1246,311.5
149,903,225.75
58,380,95.0
98,542,135.5
1,9,2.25
300,1866,466.5
310,1775,443.75
41,211,52.75
121,671,167.75
142,834,208.5
179,990,247.5
209,1354,338.5
158,1085,271.25
211,1435,358.75
132,927,231.75
146,815,203.75
117,756,189.0
304,1759,439.75
180,1038,259.5
223,1437,359.25
40,218,54.5
11,59,14.75
49,298,74.5
36,223,55.75
91,480,120.0
159,962,240.5
278,1713,428.25
260,1792,448.0
77,448,112.0
35,192,48.0
26,149,37.25
197,1513,378.25
50,372,93.0
43,295,73.75
268,1675,418.75
273,1766,441.5
74,442,110.5
81,600,150.0
181,1077,269.25
35,198,49.5
31,173,43.25
120,571,142.75
19,96,24.0
131,848,212.0
159,863,215.75
377,2309,577.25
149,897,224.25
236,1310,327.5
34,207,51.75
139,810,202.5
115,694,173.5
306,1784,446.0
69,372,93.0
37,197,49.25
41,248,62.0
29,157,39.25
41,243,60.75
67,356,89.0
211,1280,320.0
75,430,107.5
80,455,113.75
127,717,179.25
5,10,2.5
399,2013,503.25
3,20,5.0
12,66,16.5
7,32,8.0
8,38,9.5
174,1030,257.5
47,275,68.75
106,560,140.0
220,1140,285.0
7,32,8.0
200,1059,264.75
27,137,34.25
35,192,48.0
16,88,22.0
22,103,25.75
17,89,22.25
19,86,21.5
41,195,48.75
29,161,40.25
13,59,14.75
33,171,42.75
25,143,35.75
56,310,77.5
49,278,69.5
58,322,80.5
51,313,78.25
69,376,94.0
54,281,70.25
35,188,47.0
77,437,109.25
52,290,72.5
54,300,75.0
21,114,28.5
47,248,62.0
132,847,211.75
138,855,213.75
1,65,16.25
86,555,138.75
29,151,37.75
17,406,101.5
35,1102,275.5
162,1288,322.0
9,59,14.75
8,47,11.75
170,1116,279.0
7,34,8.5
38,209,52.25
140,909,227.25
98,601,150.25
59,313,78.25
98,627,156.75
105,557,139.25
36,177,44.25
29,154,38.5
72,383,95.75
74,392,98.0
94,502,125.5
35,174,43.5
65,414,103.5
351,2099,524.75
261,1513,378.25
109,667,166.75
25,162,40.5
42,254,63.5
35,189,47.25
183,1087,271.75
214,1270,317.5
6,31,7.75
48,291,72.75
122,706,176.5
395,2134,533.5
399,2189,547.25
3,11,2.75
3,11,2.75
3,11,2.75
3,11,2.75
394,2161,540.25
56,352,88.0
117,634,158.5
300,1923,480.75
444,2928,732.0
29,181,45.25
64,551,137.75
208,1208,302.0
174,1016,254.0
310,1634,408.5
266,1485,371.25
177,961,240.25
124,878,219.5
205,1192,298.0
272,1811,452.75
121,610,152.5
173,861,215.25
52,321,80.25
188,1113,278.25
266,1690,422.5
304,1697,424.25
52,333,83.25
1,6,1.5
7,44,11.0
156,864,216.0
133,782,195.5
230,1421,355.25
230,1421,355.25
193,1064,266.0
206,1362,340.5
136,797,199.25
99,559,139.75
278,1667,416.75
153,870,217.5
194,1141,285.25
9,59,14.75
87,563,140.75
186,1057,264.25
292,1714,428.5
10,42,10.5
17,91,22.75
54,327,81.75
36,224,56.0
228,1301,325.25
226,1252,313.0
275,1601,400.25
72,588,147.0
110,754,188.5
94,538,134.5
129,801,200.25
166,847,211.75
182,898,224.5
224,1315,328.75
102,634,158.5
106,634,158.5
237,1503,375.75
70,411,102.75
95,532,133.0
95,532,133.0
72,419,104.75
124,731,182.75
91,543,135.75
111,652,163.0
93,557,139.25
134,724,181.0
97,571,142.75
109,717,179.25
108,695,173.75
113,649,162.25
126,735,183.75
134,787,196.75
139,753,188.25
135,800,200.0
165,1062,265.5
132,813,203.25
166,1002,250.5
205,1270,317.5
155,857,214.25
7,27,6.75
109,586,146.5
163,950,237.5
122,692,173.0
129,732,183.0
14,78,19.5
37,222,55.5
42,221,55.25
5,25,6.25
33,223,55.75
54,292,73.0
68,382,95.5
10,58,14.5
5,28,7.0
1,1,0.25
275,1650,412.5
1,2,0.5
1,1,0.25
7,48,12.0
88,742,185.5
106,625,156.25
278,2025,506.25
336,1944,486.0
311,1815,453.75
183,1261,315.25
282,1562,390.5
44,170,42.5
23,182,45.5
318,1946,486.5
4,16,4.0
5,25,6.25
8,44,11.0
4,27,6.75
3,22,5.5
6,29,7.25
6,30,7.5
40,247,61.75
170,977,244.25
75,480,120.0
2,9,2.25
6,26,6.5
1,3,0.75
291,1744,436.0
7,32,8.0
221,1667,416.75
10,56,14.0
136,628,157.0
4,15,3.75
55,325,81.25
62,348,87.0
82,458,114.5
292,1457,364.25
309,1793,448.25
68,411,102.75
467,2763,690.75
575,3390,847.5
1167,6895,1723.75
180,1227,306.75
197,1355,338.75
198,1347,336.75
202,1375,343.75
197,1332,333.0
241,1589,397.25
263,1609,402.25
54,289,72.25
40,232,58.0
4,20,5.0
3,19,4.75
1,4,1.0
8,37,9.25
186,1198,299.5
18,108,27.0
84,499,124.75
46,291,72.75
168,1052,263.0
214,1223,305.75
106,588,147.0
85,518,129.5
19,116,29.0
17,92,23.0
315,1706,426.5
89,1329,332.25
2,29,7.25
1,15,3.75
555,3586,896.5
120,1076,269.0
51,312,78.0
35,188,47.0
15,80,20.0
6,32,8.0
35,210,52.5
7,28,7.0
202,1152,288.0
174,1183,295.75
204,1188,297.0
7,34,8.5
6,33,8.25
28,200,50.0
33,202,50.5
12,67,16.75
9,55,13.75
21,107,26.75
13,71,17.75
21,134,33.5
27,149,37.25
153,901,225.25
15,69,17.25
230,1567,391.75
18,97,24.25
142,1108,277.0
46,245,61.25
25,136,34.0
10,50,12.5
205,1354,338.5
306,2358,589.5
120,896,224.0
244,1435,358.75
219,1315,328.75
193,1050,262.5
17,95,23.75
400,2662,665.5
337,2469,617.25
122,944,236.0
251,1455,363.75
270,1569,392.25
291,1644,411.0
66,397,99.25
113,621,155.25
174,978,244.5
96,693,173.25
158,904,226.0
88,632,158.0
79,578,144.5
136,776,194.0
247,1396,349.0
166,978,244.5
128,890,222.5
233,1518,379.5
19,141,35.25
33,218,54.5
168,953,238.25
45,256,64.0
17,110,27.5
17,89,22.25
58,331,82.75
103,641,160.25
79,511,127.75
263,1588,397.0
15,84,21.0
7,34,8.5
177,1071,267.75
3,15,3.75
6,33,8.25
7,47,11.75
7,45,11.25
11,61,15.25
168,952,238.0
157,917,229.25
179,1071,267.75
38,235,58.75
17,122,30.5
33,196,49.0
18,106,26.5
27,156,39.0
190,1098,274.5
224,1336,334.0
278,1480,370.0
188,1176,294.0
82,581,145.25
15,82,20.5
209,1212,303.0
177,966,241.5
259,1466,366.5
365,2432,608.0
300,1990,497.5
255,1683,420.75
232,1433,358.25
26,152,38.0
1,4,1.0
40,242,60.5
38,169,42.25
256,1722,430.5
27,149,37.25
9,53,13.25
81,533,133.25
72,452,113.0
184,1342,335.5
512,3505,876.25
28,152,38.0
88,531,132.75
144,927,231.75
176,1175,293.75
9,68,17.0
3,23,5.75
3,23,5.75
3,23,5.75
28,152,38.0
53,301,75.25
83,433,108.25
118,652,163.0
167,1021,255.25
26,139,34.75
3,18,4.5
61,330,82.5
48,247,61.75
14,86,21.5
14,86,21.5
187,1060,265.0
36,198,49.5
244,1521,380.25
1,1,0.25
18,107,26.75
200,1110,277.5
29,301,75.25
12,57,14.25
142,815,203.75
382,2134,533.5
327,1904,476.0
282,1622,405.5
178,1363,340.75
38,251,62.75
273,1650,412.5
271,1775,443.75
36,159,39.75
132,778,194.5
172,1435,358.75
197,1248,312.0
135,874,218.5
111,715,178.75
277,1402,350.5
28,155,38.75
168,1025,256.25
15,76,19.0
83,569,142.25
57,400,100.0
28,238,59.5
183,1125,281.25
174,970,242.5
331,1918,479.5
127,973,243.25
118,846,211.5
122,919,229.75
165,1228,307.0
135,944,236.0
143,1013,253.25
159,1348,337.0
63,401,100.25
67,442,110.5
34,233,58.25
143,1013,253.25
50,405,101.25
21,154,38.5
26,248,62.0
7,35,8.75
23,208,52.0
6,60,15.0
3,21,5.25
43,349,87.25
72,605,151.25
83,455,113.75
39,214,53.5
76,438,109.5
292,1495,373.75
16,106,26.5
31,168,42.0
30,163,40.75
5,19,4.75
7,44,11.0
200,1121,280.25
1,5,1.25
1,1,0.25
1,14,3.5
250,1590,397.5
278,1815,453.75
154,859,214.75
124,702,175.5
54,292,73.0
69,357,89.25
86,505,126.25
268,1500,375.0
10,56,14.0
10,58,14.5
28,164,41.0
140,864,216.0
39,209,52.25
110,579,144.75
89,568,142.0
10,56,14.0
276,1672,418.0
138,801,200.25
11,69,17.25
208,1361,340.25
313,1816,454.0
72,433,108.25
208,1236,309.0
158,1034,258.5
203,1309,327.25
33,141,35.25
68,397,99.25
199,1161,290.25
63,388,97.0
110,679,169.75
68,378,94.5
1,93,23.25
1,91,22.75
108,526,131.5
293,1647,411.75
118,676,169.0
265,1541,385.25
113,670,167.5
109,648,162.0
109,657,164.25
28,147,36.75
225,1428,357.0
96,485,121.25
164,935,233.75
12,66,16.5
168,1399,349.75
101,709,177.25
165,1160,290.0
279,1401,350.25
265,1113,278.25
104,617,154.25
97,637,159.25
209,1250,312.5
44,216,54.0
148,1035,258.75
152,1062,265.5
152,1062,265.5
152,1062,265.5
203,1405,351.25
141,909,227.25
5,24,6.0
5,22,5.5
5,22,5.5
5,22,5.5
173,1017,254.25
511,3578,894.5
10,57,14.25
42,274,68.5
94,684,171.0
97,644,161.0
86,576,144.0
48,650,162.5
1,1,0.25
16,105,26.25
576,3769,942.25
314,2749,687.25
294,2537,634.25
288,2438,609.5
146,932,233.0
129,809,202.25
127,762,190.5
113,731,182.75
152,892,223.0
155,969,242.25
266,1675,418.75
56,395,98.75
53,385,96.25
62,456,114.0
62,430,107.5
56,411,102.75
74,643,160.75
133,964,241.0
4,31,7.75
73,415,103.75
173,1892,473.0
42,229,57.25
211,1277,319.25
45,239,59.75
28,155,38.75
17,100,25.0
22,126,31.5
36,194,48.5
53,304,76.0
55,309,77.25
57,318,79.5
53,301,75.25
71,388,97.0
63,334,83.5
76,422,105.5
79,431,107.75
95,539,134.75
75,401,100.25
2,15,3.75
211,1293,323.25
259,1495,373.75
230,1486,371.5
85,493,123.25
297,1588,397.0
30,195,48.75
41,249,62.25
12,56,14.0
9,53,13.25
18,98,24.5
23,121,30.25
12,51,12.75
8,38,9.5
11,80,20.0
1,7,1.75
1,1,0.25
517,3324,831.0
35,190,47.5
315,1914,478.5
175,1062,265.5
217,1608,402.0
109,634,158.5
164,1108,277.0
55,303,75.75
57,317,79.25
71,467,116.75
36,211,52.75
24,158,39.5
51,294,73.5
161,1120,280.0
3,305,76.25
222,1383,345.75
52,308,77.0
77,449,112.25
95,581,145.25
114,695,173.75
24,151,37.75
29,170,42.5
38,236,59.0
32,198,49.5
32,200,50.0
77,492,123.0
1,1,0.25
1,1,0.25
59,356,89.0
1,3,0.75
5,23,5.75
306,1950,487.5
260,1504,376.0
259,1544,386.0
7,40,10.0
2,24,6.0
17,97,24.25
31,185,46.25
186,1146,286.5
176,1113,278.25
180,1064,266.0
92,562,140.5
84,470,117.5
1,2,0.5
86,584,146.0
11,75,18.75
86,522,130.5
3,11,2.75
43,264,66.0
113,642,160.5
166,1029,257.25
185,1250,312.5
105,542,135.5
56,330,82.5
105,635,158.75
6,46,11.5
86,487,121.75
3,15,3.75
17,102,25.5
69,421,105.25
26,160,40.0
42,282,70.5
77,544,136.0
112,744,186.0
51,352,88.0
104,651,162.75
38,216,54.0
249,1425,356.25
236,1357,339.25
204,1223,305.75
211,1250,312.5
52,268,67.0
99,654,163.5
84,553,138.25
136,830,207.5
17,89,22.25
127,739,184.75
98,520,130.0
202,1205,301.25
115,631,157.75
186,1038,259.5
275,1551,387.75
198,1176,294.0
155,851,212.75
43,235,58.75
351,2139,534.75
22,112,28.0
277,1708,427.0
103,612,153.0
117,864,216.0
18,100,25.0
288,1772,443.0
284,1507,376.75
401,2174,543.5
56,332,83.0
54,303,75.75
356,2421,605.25
73,390,97.5
216,1310,327.5
178,1146,286.5
9,50,12.5
21,118,29.5
193,1115,278.75
23,125,31.25
46,303,75.75
24,131,32.75
148,793,198.25
97,525,131.25
102,524,131.0
98,555,138.75
206,1153,288.25
396,2168,542.0
393,2152,538.0
584,3103,775.75
96,712,178.0
71,579,144.75
1,15,3.75
62,370,92.5
419,2833,708.25
310,2204,551.0
8,46,11.5
15,71,17.75
1,14,3.5
214,1135,283.75
76,512,128.0
175,1034,258.5
182,1179,294.75
228,1412,353.0
184,1106,276.5
54,309,77.25
7,34,8.5
7,32,8.0
121,811,202.75
21,127,31.75
38,237,59.25
36,256,64.0
1,1,0.25
77,556,139.0
109,759,189.75
62,428,107.0
100,649,162.25
146,797,199.25
96,621,155.25
38,231,57.75
499,3179,794.75
8,52,13.0
138,710,177.5
34,215,53.75
34,215,53.75
34,215,53.75
17,110,27.5
6,32,8.0
58,464,116.0
58,413,103.25
14,74,18.5
60,328,82.0
220,1502,375.5
19,123,30.75
7,34,8.5
47,279,69.75
74,373,93.25
72,394,98.5
138,1082,270.5
115,999,249.75
66,371,92.75
254,1462,365.5
1,13,3.25
10,74,18.5
202,1382,345.5
179,1114,278.5
215,1227,306.75
178,1020,255.0
302,1673,418.25
315,2141,535.25
210,1502,375.5
82,546,136.5
78,426,106.5
141,748,187.0
105,551,137.75
131,746,186.5
182,1001,250.25
85,477,119.25
76,419,104.75
37,195,48.75
10,63,15.75
222,1296,324.0
41,236,59.0
41,238,59.5
12,67,16.75
12,71,17.75
388,2093,523.25
258,1599,399.75
183,1085,271.25
303,2158,539.5
206,1715,428.75
203,1700,425.0
238,1414,353.5
206,1249,312.25
204,1353,338.25
3,16,4.0
24,126,31.5
41,225,56.25
10,65,16.25
34,191,47.75
32,177,44.25
17,80,20.0
345,1943,485.75
46,363,90.75
161,1115,278.75
133,787,196.75
118,736,184.0
6,32,8.0
1,3,0.75
170,816,204.0
291,1410,352.5
48,267,66.75
19,96,24.0
22,109,27.25
232,1702,425.5
122,797,199.25
73,447,111.75
25,145,36.25
40,212,53.0
190,1538,384.5
7,42,10.5
7,40,10.0
12,61,15.25
64,411,102.75
268,1704,426.0
171,1048,262.0
158,938,234.5
70,453,113.25
150,950,237.5
214,1295,323.75
212,1249,312.25
105,663,165.75
7,34,8.5
13,72,18.0
50,550,137.5
1,384,96.0
197,1185,296.25
22,126,31.5
283,1673,418.25
67,439,109.75
235,1617,404.25
196,1203,300.75
246,1591,397.75
116,639,159.75
138,807,201.75
76,480,120.0
119,695,173.75
17,92,23.0
31,164,41.0
179,1669,417.25
14,74,18.5
80,491,122.75
98,654,163.5
53,275,68.75
1,1,0.25
229,1481,370.25
113,638,159.5
11,51,12.75
104,636,159.0
62,398,99.5
18,110,27.5
70,406,101.5
56,323,80.75
10,55,13.75
43,286,71.5
39,199,49.75
31,180,45.0
164,1087,271.75
164,1072,268.0
145,931,232.75
141,870,217.5
213,1334,333.5
29,190,47.5
101,605,151.25
86,529,132.25
77,507,126.75
283,1690,422.5
71,372,93.0
31,171,42.75
6,56,14.0
8,81,20.25
35,188,47.0
182,1080,270.0
98,592,148.0
14,71,17.75
12,69,17.25
13,60,15.0
14,71,17.75
12,69,17.25
14,71,17.75
376,2083,520.75
12,58,14.5
200,1314,328.5
144,955,238.75
148,861,215.25
179,1097,274.25
8,62,15.5
101,603,150.75
101,545,136.25
61,334,83.5
61,340,85.0
64,377,94.25
112,561,140.25
110,553,138.25
110,553,138.25
110,553,138.25
4,12,3.0
17,96,24.0
264,1612,403.0
7,32,8.0
50,302,75.5
71,429,107.25
62,358,89.5
7,300,75.0
7,300,75.0
29,167,41.75
172,1313,328.25
155,451,112.75
162,487,121.75
72,191,47.75
299,2028,507.0
249,1380,345.0
279,1669,417.25
277,1897,474.25
9,42,10.5
49,265,66.25
13,73,18.25
7,34,8.5
42,249,62.25
52,335,83.75
355,2207,551.75
396,2288,572.0
375,2220,555.0
388,2428,607.0
184,936,234.0
357,2107,526.75
157,951,237.75
218,1382,345.5
82,437,109.25
12,63,15.75
150,997,249.25
304,1841,460.25
311,1908,477.0
31,166,41.5
333,1626,406.5
347,1655,413.75
337,1620,405.0
320,1578,394.5
9,43,10.75
228,1502,375.5
48,274,68.5
80,418,104.5
67,352,88.0
16,171,42.75
100,573,143.25
190,1187,296.75
106,738,184.5
216,1343,335.75
183,1099,274.75
214,1232,308.0
45,257,64.25
231,1549,387.25
39,315,78.75
162,850,212.5
113,622,155.5
18,102,25.5
104,705,176.25
163,943,235.75
233,1362,340.5
182,1031,257.75
255,1478,369.5
319,1787,446.75
314,1745,436.25
338,1884,471.0
66,398,99.5
167,1007,251.75
3,16,4.0
36,195,48.75
15,99,24.75
95,539,134.75
19,118,29.5
117,759,189.75
39,245,61.25
27,163,40.75
251,1403,350.75
174,996,249.0
178,1089,272.25
265,1591,397.75
312,1825,456.25
274,1658,414.5
58,318,79.5
161,942,235.5
63,350,87.5
7,32,8.0
8,49,12.25
6,33,8.25
41,263,65.75
44,281,70.25
37,254,63.5
7,32,8.0
26,134,33.5
200,1280,320.0
9,58,14.5
24,154,38.5
24,144,36.0
25,149,37.25
25,153,38.25
33,200,50.0
21,94,23.5
68,372,93.0
103,605,151.25
279,1771,442.75
168,1064,266.0
16,94,23.5
171,1054,263.5
141,848,212.0
20,139,34.75
17,74,18.5
25,123,30.75
17,90,22.5
168,890,222.5
170,957,239.25
161,859,214.75
324,2128,532.0
5,27,6.75
12,55,13.75
88,490,122.5
95,532,133.0
24,130,32.5
369,2153,538.25
79,441,110.25
257,1322,330.5
233,1543,385.75
58,422,105.5
47,314,78.5
113,844,211.0
165,1244,311.0
143,1094,273.5
128,929,232.25
32,227,56.75
30,170,42.5
130,991,247.75
92,415,103.75
52,322,80.5
74,528,132.0
183,1312,328.0
236,1550,387.5
137,735,183.75
104,556,139.0
104,556,139.0
21,115,28.75
195,1034,258.5
5,30,7.5
305,1914,478.5
10,63,15.75
19,113,28.25
6,30,7.5
14,90,22.5
7,50,12.5
334,1947,486.75
232,1489,372.25
182,1232,308.0
101,683,170.75
226,1393,348.25
375,2349,587.25
203,1253,313.25
346,1959,489.75
81,541,135.25
130,834,208.5
144,902,225.5
116,752,188.0
116,743,185.75
133,851,212.75
260,1639,409.75
253,1633,408.25
244,1697,424.25
22,100,25.0
27,134,33.5
63,355,88.75
152,997,249.25
414,2596,649.0
205,1291,322.75
8,38,9.5
1,10,2.5
1,10,2.5
1,10,2.5
1,10,2.5
67,528,132.0
67,529,132.25
184,1085,271.25
165,1014,253.5
84,524,131.0
143,912,228.0
126,724,181.0
60,346,86.5
7,32,8.0
19,110,27.5
1,1,0.25
237,1380,345.0
203,1219,304.75
107,572,143.0
210,1330,332.5
151,877,219.25
111,638,159.5
118,748,187.0
197,1341,335.25
201,1651,412.75
130,1134,283.5
160,1417,354.25
101,950,237.5
217,1773,443.25
182,1602,400.5
16,88,22.0
335,2202,550.5
58,406,101.5
131,836,209.0
44,264,66.0
140,723,180.75
252,2334,583.5
264,1641,410.25
253,1584,396.0
247,1565,391.25
31,207,51.75
54,326,81.5
5,23,5.75
5,22,5.5
50,308,77.0
54,236,59.0
89,402,100.5
122,505,126.25
119,504,126.0
211,1198,299.5
217,1246,311.5
62,350,87.5
150,793,198.25
145,904,226.0
270,1551,387.75
1,3,0.75
7,32,8.0
108,636,159.0
36,215,53.75
309,1809,452.25
158,893,223.25
218,1200,300.0
201,1155,288.75
7,34,8.5
7,34,8.5
88,430,107.5
294,1792,448.0
41,238,59.5
230,1289,322.25
196,1055,263.75
1,307,76.75
1,82,20.5
7,34,8.5
10,46,11.5
204,1077,269.25
44,275,68.75
199,1188,297.0
52,306,76.5
190,1094,273.5
35,216,54.0
24,514,128.5
299,1979,494.75
13,85,21.25
179,1004,251.0
180,991,247.75
205,1125,281.25
14,127,31.75
263,1790,447.5
18,262,65.5
347,2110,527.5
257,1405,351.25
224,1200,300.0
35,272,68.0
6,51,12.75
6,37,9.25
244,1408,352.0
204,1336,334.0
44,255,63.75
310,1865,466.25
57,349,87.25
128,737,184.25
256,1439,359.75
264,1499,374.75
202,1054,263.5
8,163,40.75
197,1302,325.5
227,1396,349.0
30,185,46.25
3,17,4.25
27,125,31.25
70,292,73.0
1,3,0.75
184,1305,326.25
194,1380,345.0
174,1186,296.5
74,534,133.5
99,706,176.5
101,658,164.5
112,603,150.75
94,491,122.75
98,591,147.75
3,21,5.25
10,64,16.0
219,1236,309.0
7,34,8.5
157,847,211.75
10,71,17.75
60,300,75.0
95,536,134.0
18,106,26.5
213,1261,315.25
60,374,93.5
27,151,37.75
57,403,100.75
116,1487,371.75
245,1503,375.75
201,1318,329.5
253,1660,415.0
256,1334,333.5
234,1321,330.25
327,2302,575.5
47,280,70.0
184,990,247.5
24,131,32.75
110,533,133.25
60,378,94.5
224,1430,357.5
6,34,8.5
17,94,23.5
239,1463,365.75
304,2079,519.75
75,520,130.0
47,270,67.5
526,3178,794.5
45,250,62.5
32,167,41.75
321,2260,565.0
96,552,138.0
76,440,110.0
110,740,185.0
114,759,189.75
151,994,248.5
54,337,84.25
298,1986,496.5
62,410,102.5
343,2522,630.5
7,34,8.5
37,169,42.25
40,192,48.0
7,34,8.5
11,62,15.5
280,1807,451.75
171,1056,264.0
95,560,140.0
239,1659,414.75
512,3572,893.0
82,483,120.75
176,1061,265.25
84,523,130.75
64,383,95.75
100,572,143.0
228,1380,345.0
15,89,22.25
3,19,4.75
35,251,62.75
19,141,35.25
36,239,59.75
9,40,10.0
56,300,75.0
5,25,6.25
255,1670,417.5
49,309,77.25
14,89,22.25
215,1213,303.25
295,1713,428.25
1,5,1.25
14,73,18.25
294,1892,473.0
10,53,13.25
83,616,154.0
40,300,75.0
246,1334,333.5
101,566,141.5
74,441,110.25
332,1869,467.25
63,375,93.75
566,3795,948.75
103,596,149.0
185,1062,265.5
270,1720,430.0
95,547,136.75
167,890,222.5
173,914,228.5
266,1752,438.0
78,463,115.75
90,536,134.0
87,501,125.25
320,1764,441.0
194,1107,276.75
176,1052,263.0
225,1307,326.75
116,1032,258.0
2,10,2.5
120,802,200.5
217,1361,340.25
29,158,39.5
27,152,38.0
41,238,59.5
1,1,0.25
64,389,97.25
214,1119,279.75
265,1148,287.0
255,1183,295.75
46,295,73.75
25,124,31.0
7,32,8.0
153,956,239.0
11,66,16.5
11,66,16.5
20,120,30.0
20,120,30.0
20,120,30.0
212,1347,336.75
149,894,223.5
504,2922,730.5
17,127,31.75
49,395,98.75
135,734,183.5
127,763,190.75
159,913,228.25
83,498,124.5
80,483,120.75
1,1,0.25
1,1,0.25
62,318,79.5
181,1134,283.5
12,70,17.5
27,146,36.5
8,43,10.75
79,480,120.0
43,213,53.25
69,407,101.75
246,1498,374.5
81,481,120.25
19,104,26.0
33,180,45.0
18,347,86.75
63,516,129.0
57,528,132.0
1,6,1.5
50,322,80.5
148,787,196.75
115,653,163.25
88,530,132.5
182,1161,290.25
75,474,118.5
18,99,24.75
70,417,104.25
9,58,14.5
213,1537,384.25
130,1264,316.0
63,435,108.75
93,555,138.75
383,2130,532.5
363,2073,518.25
86,422,105.5
45,264,66.0
36,214,53.5
50,308,77.0
40,239,59.75
42,250,62.5
44,264,66.0
61,350,87.5
93,528,132.0
63,370,92.5
115,661,165.25
138,935,233.75
8,45,11.25
34,192,48.0
54,309,77.25
197,1274,318.5
142,927,231.75
55,300,75.0
7,32,8.0
127,765,191.25
136,741,185.25
5,23,5.75
78,450,112.5
19,98,24.5
8,32,8.0
128,608,152.0
232,1229,307.25
298,1609,402.25
100,528,132.0
228,1164,291.0
74,333,83.25
3,20,5.0
23,143,35.75
5,23,5.75
6,24,6.0
5,23,5.75
2,13,3.25
1,3,0.75
1,3,0.75
2,6,1.5
179,1002,250.5
230,1272,318.0
37,242,60.5
258,719,179.75
191,1187,296.75
250,1518,379.5
187,1121,280.25
44,258,64.5
44,258,64.5
3,18,4.5
56,248,62.0
79,390,97.5
100,397,99.25
290,1927,481.75
8,140,35.0
19,97,24.25
21,124,31.0
48,308,77.0
80,505,126.25
90,668,167.0
14,81,20.25
253,1883,470.75
295,1679,419.75
56,349,87.25
282,1824,456.0
9,58,14.5
21,110,27.5
55,342,85.5
24,156,39.0
30,148,37.0
23,132,33.0
198,1282,320.5
19,104,26.0
196,1279,319.75
129,899,224.75
21,112,28.0
221,1245,311.25
12,63,15.75
320,1807,451.75
335,1887,471.75
120,648,162.0
207,1198,299.5
232,1131,282.75
85,496,124.0
75,396,99.0
61,404,101.0
60,397,99.25
10,46,11.5
9,42,10.5
34,185,46.25
78,474,118.5
78,474,118.5
6,31,7.75
78,474,118.5
358,2041,510.25
237,1296,324.0
1,1,0.25
51,284,71.0
522,3007,751.75
226,1231,307.75
222,1468,367.0
199,1416,354.0
157,1091,272.75
2,11,2.75
246,1693,423.25
141,713,178.25
158,805,201.25
47,252,63.0
47,252,63.0
14,75,18.75
65,369,92.25
199,1180,295.0
14,75,18.75
17,111,27.75
170,1038,259.5
21,118,29.5
267,1876,469.0
116,679,169.75
164,1015,253.75
57,382,95.5
203,1254,313.5
159,944,236.0
122,752,188.0
14,83,20.75
69,420,105.0
147,889,222.25
359,2308,577.0
157,822,205.5
76,366,91.5
17,70,17.5
107,556,139.0
3,16,4.0
78,492,123.0
122,740,185.0
155,846,211.5
60,355,88.75
4,14,3.5
1,82,20.5
64,386,96.5
1,8,2.0
46,298,74.5
56,306,76.5
342,2600,650.0
210,1312,328.0
121,795,198.75
8,35,8.75
8,35,8.75
57,397,99.25
58,285,71.25
510,2887,721.75
170,1012,253.0
1,1,0.25
363,2414,603.5
5,9,2.25
6,44,11.0
272,1412,353.0
266,1400,350.0
362,2003,500.75
366,2079,519.75
317,1871,467.75
11,54,13.5
230,1330,332.5
110,708,177.0
93,611,152.75
289,1592,398.0
105,657,164.25
203,1269,317.25
177,1188,297.0
234,1499,374.75
140,836,209.0
11,51,12.75
266,1531,382.75
293,1906,476.5
286,1771,442.75
80,515,128.75
1,28,7.0
11,61,15.25
131,835,208.75
134,843,210.75
385,2404,601.0
7,30,7.5
21,104,26.0
1,10,2.5
2,17,4.25
2,8,2.0
1,3,0.75
1,3,0.75
1,1,0.25
1,15,3.75
9,59,14.75
147,896,224.0
151,898,224.5
25,164,41.0
25,124,31.0
329,2129,532.25
217,1394,348.5
105,813,203.25
284,1946,486.5
40,424,106.0
13,74,18.5
2,8,2.0
7,34,8.5
18,82,20.5
300,1636,409.0
135,827,206.75
3,20,5.0
18,115,28.75
233,1937,484.25
190,1523,380.75
29,167,41.75
63,382,95.5
60,343,85.75
116,1018,254.5
182,1640,410.0
103,1177,294.25
34,259,64.75
37,249,62.25
39,272,68.0
50,354,88.5
21,168,42.0
127,1365,341.25
161,977,244.25
110,1413,353.25
111,1418,354.5
37,231,57.75
61,318,79.5
66,380,95.0
60,1325,331.25
8,30,7.5
6,29,7.25
42,255,63.75
12,76,19.0
14,82,20.5
16,84,21.0
50,258,64.5
78,472,118.0
78,472,118.0
161,1025,256.25
10,49,12.25
21,107,26.75
122,711,177.75
220,1300,325.0
1,1,0.25
123,859,214.75
127,868,217.0
60,320,80.0
286,1679,419.75
41,215,53.75
16,71,17.75
266,1747,436.75
103,629,157.25
301,1494,373.5
220,1136,284.0
203,1278,319.5
7,32,8.0
336,2112,528.0
74,347,86.75
3,14,3.5
25,133,33.25
19,121,30.25
4,25,6.25
3,30,7.5
7,41,10.25
12,71,17.75
6,38,9.5
33,185,46.25
60,317,79.25
237,1362,340.5
382,2236,559.0
15,74,18.5
329,2042,510.5
28,172,43.0
75,467,116.75
159,1042,260.5
7,32,8.0
294,1557,389.25
34,214,53.5
51,302,75.5
194,1184,296.0
216,1317,329.25
147,921,230.25
22,141,35.25
247,1455,363.75
203,1224,306.0
161,1016,254.0
12,75,18.75
100,649,162.25
282,1934,483.5
213,1101,275.25
183,1092,273.0
117,715,178.75
100,593,148.25
156,717,179.25
156,717,179.25
156,717,179.25
242,1579,394.75
5,30,7.5
87,491,122.75
105,628,157.0
215,1220,305.0
225,1375,343.75
61,384,96.0
71,385,96.25
92,555,138.75
110,618,154.5
134,744,186.0
105,680,170.0
132,853,213.25
98,556,139.0
69,407,101.75
97,534,133.5
81,452,113.0
230,1428,357.0
45,219,54.75
33,192,48.0
43,264,66.0
104,587,146.75
132,872,218.0
103,494,123.5
166,1040,260.0
207,1277,319.25
12,65,16.25
5,30,7.5
10,53,13.25
9,49,12.25
290,2398,599.5
4,39,9.75
67,496,124.0
232,1487,371.75
31,236,59.0
139,1064,266.0
191,1370,342.5
153,1211,302.75
6,48,12.0
303,2106,526.5
234,1466,366.5
230,1575,393.75
13,80,20.0
11,50,12.5
218,1036,259.0
367,1981,495.25
303,1632,408.0
266,1392,348.0
109,633,158.25
90,577,144.25
11,57,14.25
67,389,97.25
192,1386,346.5
196,1373,343.25
90,587,146.75
182,1134,283.5
11,51,12.75
11,56,14.0
188,902,225.5
1,24,6.0
322,2019,504.75
353,2222,555.5
292,1903,475.75
238,1546,386.5
57,299,74.75
29,159,39.75
14,92,23.0
17,84,21.0
90,466,116.5
10,39,9.75
240,1518,379.5
244,1535,383.75
279,1917,479.25
277,1631,407.75
221,1786,446.5
373,2161,540.25
163,985,246.25
23,124,31.0
24,130,32.5
24,130,32.5
33,256,64.0
79,438,109.5
19,106,26.5
90,539,134.75
215,1255,313.75
61,308,77.0
76,437,109.25
108,603,150.75
3,18,4.5
70,370,92.5
37,232,58.0
258,914,228.5
4,16,4.0
19,108,27.0
6,30,7.5
17,102,25.5
4,30,7.5
12,62,15.5
125,936,234.0
125,936,234.0
35,258,64.5
94,699,174.75
95,701,175.25
131,891,222.75
216,1416,354.0
60,343,85.75
51,270,67.5
77,472,118.0
52,293,73.25
54,304,76.0
54,312,78.0
38,213,53.25
72,417,104.25
42,205,51.25
23,137,34.25
130,827,206.75
17,108,27.0
20,223,55.75
47,304,76.0
153,906,226.5
56,289,72.25
135,877,219.25
1,1,0.25
97,571,142.75
77,426,106.5
41,226,56.5
3,19,4.75
3,21,5.25
11,80,20.0
11,70,17.5
15,91,22.75
23,246,61.5
216,1275,318.75
272,1595,398.75
217,1300,325.0
86,512,128.0
172,1255,313.75
113,697,174.25
7,54,13.5
188,1111,277.75
230,1352,338.0
67,342,85.5
31,173,43.25
33,137,34.25
33,137,34.25
33,137,34.25
59,325,81.25
50,309,77.25
56,321,80.25
7,32,8.0
1,2,0.5
1,2,0.5
204,1546,386.5
34,169,42.25
107,657,164.25
8,47,11.75
93,543,135.75
284,1553,388.25
166,1144,286.0
142,930,232.5
205,1489,372.25
46,339,84.75
187,1342,335.5
30,194,48.5
8,50,12.5
50,333,83.25
23,126,31.5
18,108,27.0
200,1232,308.0
201,1273,318.25
45,255,63.75
23,105,26.25
53,264,66.0
49,232,58.0
72,362,90.5
49,253,63.25
69,368,92.0
62,352,88.0
48,229,57.25
109,537,134.25
29,137,34.25
51,252,63.0
8,41,10.25
6,29,7.25
27,187,46.75
28,212,53.0
29,233,58.25
29,233,58.25
26,193,48.25
3,15,3.75
7,34,8.5
14,79,19.75
84,538,134.5
237,1453,363.25
205,1229,307.25
1,3,0.75
212,1165,291.25
123,664,166.0
156,845,211.25
129,670,167.5
163,834,208.5
219,1134,283.5
64,320,80.0
45,287,71.75
197,1189,297.25
160,996,249.0
193,1154,288.5
234,1422,355.5
234,1425,356.25
2,40,10.0
5,298,74.5
8,219,54.75
213,1266,316.5
220,1397,349.25
226,1441,360.25
182,1034,258.5
78,448,112.0
111,700,175.0
140,802,200.5
175,1065,266.25
67,434,108.5
42,297,74.25
46,310,77.5
72,514,128.5
1,14,3.5
67,379,94.75
10,66,16.5
15,91,22.75
17,94,23.5
13,93,23.25
30,192,48.0
34,198,49.5
18,97,24.25
14,82,20.5
54,335,83.75
41,235,58.75
21,137,34.25
15,81,20.25
104,641,160.25
254,1624,406.0
189,1304,326.0
19,160,40.0
79,431,107.75
464,2731,682.75
90,521,130.25
507,3406,851.5
131,1730,432.5
172,2932,733.0
258,3013,753.25
267,1845,461.25
409,1965,491.25
38,233,58.25
55,362,90.5
54,348,87.0
313,1832,458.0
186,1080,270.0
55,371,92.75
70,415,103.75
33,201,50.25
79,515,128.75
135,914,228.5
13,73,18.25
30,146,36.5
86,487,121.75
21,133,33.25
223,1139,284.75
149,892,223.0
146,871,217.75
100,629,157.25
98,640,160.0
101,673,168.25
101,678,169.5
7,34,8.5
111,618,154.5
218,1039,259.75
112,619,154.75
54,344,86.0
201,1165,291.25
29,158,39.5
191,1166,291.5
245,1600,400.0
167,1063,265.75
44,310,77.5
129,747,186.75
268,1946,486.5
67,417,104.25
91,550,137.5
150,949,237.25
12,77,19.25
150,887,221.75
160,990,247.5
155,919,229.75
135,853,213.25
183,1070,267.5
172,934,233.5
285,1602,400.5
210,1164,291.0
333,1975,493.75
70,581,145.25
63,411,102.75
108,761,190.25
18,111,27.75
34,190,47.5
4,35,8.75
150,1633,408.25
30,149,37.25
86,548,137.0
139,778,194.5
262,1613,403.25
31,159,39.75
105,624,156.0
132,764,191.0
97,536,134.0
277,1711,427.75
70,365,91.25
44,279,69.75
41,225,56.25
7,32,8.0
14,77,19.25
301,1850,462.5
182,1238,309.5
129,739,184.75
137,802,200.5
93,516,129.0
102,644,161.0
138,894,223.5
144,3029,757.25
324,1885,471.25
361,2252,563.0
379,2337,584.25
378,2286,571.5
194,1431,357.75
115,695,173.75
215,1505,376.25
15,106,26.5
7,32,8.0
197,1180,295.0
199,1233,308.25
204,1250,312.5
62,355,88.75
221,1343,335.75
18,102,25.5
35,296,74.0
252,1712,428.0
225,1429,357.25
39,207,51.75
344,1958,489.5
145,740,185.0
31,165,41.25
69,375,93.75
116,637,159.25
103,571,142.75
88,554,138.5
240,1543,385.75
174,1034,258.5
80,450,112.5
249,1681,420.25
163,1256,314.0
101,759,189.75
12,74,18.5
156,974,243.5
12,71,17.75
75,440,110.0
3,155,38.75
3,225,56.25
61,357,89.25
18,98,24.5
514,3517,879.25
1,33,8.25
117,762,190.5
8,41,10.25
166,899,224.75
37,192,48.0
23,114,28.5
23,130,32.5
75,440,110.0
77,408,102.0
352,1945,486.25
298,1676,419.0
126,966,241.5
100,784,196.0
164,1289,322.25
136,827,206.75
148,832,208.0
89,624,156.0
126,783,195.75
13,66,16.5
171,1130,282.5
213,1369,342.25
41,253,63.25
45,308,77.0
180,1154,288.5
7,34,8.5
121,1557,389.25
214,1352,338.0
60,356,89.0
169,1088,272.0
160,942,235.5
63,403,100.75
74,502,125.5
99,621,155.25
17,110,27.5
250,1409,352.25
93,590,147.5
83,489,122.25
131,780,195.0
115,698,174.5
118,694,173.5
114,660,165.0
114,660,165.0
114,660,165.0
228,1327,331.75
173,1016,254.0
163,958,239.5
40,266,66.5
38,203,50.75
9,42,10.5
99,675,168.75
95,555,138.75
106,601,150.25
63,351,87.75
69,403,100.75
77,468,117.0
106,625,156.25
57,330,82.5
76,424,106.0
236,1397,349.25
27,156,39.0
50,267,66.75
50,267,66.75
20,90,22.5
109,685,171.25
218,1388,347.0
20,159,39.75
37,255,63.75
56,463,115.75
12,61,15.25
47,237,59.25
382,2265,566.25
23,82,20.5
91,522,130.5
99,584,146.0
44,268,67.0
42,232,58.0
135,835,208.75
87,569,142.25
6,26,6.5
28,160,40.0
40,223,55.75
33,161,40.25
31,190,47.5
35,195,48.75
271,1731,432.75
303,1863,465.75
254,1473,368.25
158,920,230.0
11,59,14.75
159,1057,264.25
54,332,83.0
19,88,22.0
131,786,196.5
205,1034,258.5
220,1792,448.0
240,2110,527.5
208,1282,320.5
130,1474,368.5
228,1590,397.5
7,34,8.5
14,94,23.5
89,552,138.0
1,1,0.25
451,2967,741.75
347,1979,494.75
64,438,109.5
169,1072,268.0
248,1481,370.25
122,700,175.0
251,1665,416.25
309,1786,446.5
311,1530,382.5
169,1247,311.75
1,6,1.5
8,47,11.75
8,45,11.25
68,446,111.5
159,942,235.5
166,1026,256.5
6,34,8.5
9,58,14.5
145,863,215.75
35,186,46.5
36,185,46.25
114,651,162.75
83,444,111.0
116,813,203.25
244,1329,332.25
160,1073,268.25
229,1432,358.0
59,344,86.0
32,270,67.5
6,479,119.75
105,711,177.75
19,100,25.0
8,59,14.75
9,50,12.5
19,90,22.5
7,40,10.0
16,94,23.5
12,71,17.75
136,857,214.25
128,906,226.5
217,1588,397.0
241,1792,448.0
232,1723,430.75
282,1847,461.75
132,994,248.5
293,1942,485.5
264,1752,438.0
17,85,21.25
166,990,247.5
60,293,73.25
300,1822,455.5
212,1230,307.5
1,8,2.0
23,128,32.0
223,1621,405.25
164,1160,290.0
147,981,245.25
218,1817,454.25
132,718,179.5
147,925,231.25
2,20,5.0
262,1604,401.0
347,2346,586.5
45,263,65.75
73,390,97.5
20,140,35.0
193,1136,284.0
286,1742,435.5
340,1954,488.5
310,1782,445.5
42,274,68.5
15,95,23.75
21,140,35.0
38,212,53.0
54,340,85.0
49,441,110.25
158,1004,251.0
210,1380,345.0
207,1231,307.75
255,1628,407.0
9,44,11.0
216,1219,304.75
131,847,211.75
140,773,193.25
124,1065,266.25
120,965,241.25
60,346,86.5
139,875,218.75
6,19,4.75
76,457,114.25
270,1360,340.0
332,1961,490.25
67,515,128.75
74,558,139.5
39,467,116.75
63,374,93.5
87,506,126.5
84,529,132.25
83,454,113.5
89,479,119.75
89,474,118.5
88,483,120.75
202,1427,356.75
7,32,8.0
14,78,19.5
8,45,11.25
302,2026,506.5
4,29,7.25
9,53,13.25
491,3178,794.5
72,435,108.75
120,1611,402.75
30,153,38.25
171,1088,272.0
177,1170,292.5
174,1051,262.75
311,1720,430.0
184,1134,283.5
102,493,123.25
90,437,109.25
90,567,141.75
54,325,81.25
29,155,38.75
10,61,15.25
17,117,29.25
36,234,58.5
66,410,102.5
10,66,16.5
11,63,15.75
10,56,14.0
44,260,65.0
55,363,90.75
138,849,212.25
8,541,135.25
108,636,159.0
103,568,142.0
78,444,111.0
35,308,77.0
188,1190,297.5
171,1091,272.75
166,833,208.25
41,209,52.25
34,170,42.5
34,170,42.5
65,373,93.25
60,309,77.25
41,184,46.0
370,2034,508.5
1,9,2.25
8,44,11.0
79,430,107.5
1,9,2.25
21,113,28.25
89,470,117.5
18,105,26.25
7,34,8.5
22,121,30.25
93,569,142.25
120,754,188.5
113,811,202.75
133,910,227.5
308,1759,439.75
11,56,14.0
242,1599,399.75
228,1499,374.75
321,2031,507.75
271,1619,404.75
165,977,244.25
265,1616,404.0
229,1541,385.25
304,2035,508.75
255,1483,370.75
164,1072,268.0
150,737,184.25
61,346,86.5
235,1408,352.0
20,137,34.25
149,995,248.75
172,918,229.5
23,115,28.75
29,164,41.0
64,381,95.25
121,604,151.0
3,15,3.75
22,121,30.25
24,124,31.0
22,114,28.5
22,113,28.25
42,239,59.75
22,121,30.25
40,234,58.5
59,338,84.5
40,235,58.75
43,233,58.25
103,561,140.25
79,570,142.5
7,32,8.0
134,778,194.5
77,495,123.75
119,830,207.5
6,34,8.5
71,406,101.5
10,50,12.5
85,482,120.5
30,190,47.5
153,803,200.75
252,1511,377.75
53,318,79.5
164,1303,325.75
20,137,34.25
4,11,2.75
271,1535,383.75
123,683,170.75
231,1247,311.75
272,1458,364.5
242,1365,341.25
154,892,223.0
16,90,22.5
76,438,109.5
89,580,145.0
97,650,162.5
145,917,229.25
132,789,197.25
129,847,211.75
164,994,248.5
135,777,194.25
109,655,163.75
459,3487,871.75
172,979,244.75
27,176,44.0
50,273,68.25
16,108,27.0
245,1560,390.0
68,393,98.25
272,1651,412.75
292,1766,441.5
86,479,119.75
289,1621,405.25
359,2059,514.75
21,126,31.5
306,1934,483.5
156,925,231.25
374,2327,581.75
295,1894,473.5
96,693,173.25
100,698,174.5
101,740,185.0
28,153,38.25
160,1105,276.25
306,1867,466.75
32,206,51.5
144,926,231.5
150,988,247.0
341,2256,564.0
269,1808,452.0
6,31,7.75
6,31,7.75
22,146,36.5
234,1473,368.25
20,118,29.5
23,140,35.0
90,616,154.0
82,491,122.75
20,123,30.75
302,1625,406.25
5,25,6.25
181,1516,379.0
198,1865,466.25
110,556,139.0
107,498,124.5
113,594,148.5
145,672,168.0
83,538,134.5
276,1882,470.5
8,42,10.5
8,42,10.5
29,148,37.0
9,39,9.75
292,1961,490.25
16,85,21.25
31,166,41.5
41,220,55.0
57,328,82.0
22,125,31.25
43,255,63.75
62,362,90.5
55,337,84.25
92,432,108.0
182,1127,281.75
45,220,55.0
69,407,101.75
81,339,84.75
60,254,63.5
268,1804,451.0
1,1,0.25
11,66,16.5
1,1,0.25
1,1,0.25
1,1,0.25
1,1,0.25
1,1,0.25
1,1,0.25
1,1,0.25
1,1,0.25
1,1,0.25
267,2460,615.0
48,299,74.75
233,1571,392.75
295,1944,486.0
15,110,27.5
10,69,17.25
44,208,52.0
76,349,87.25
154,846,211.5
346,2081,520.25
175,1180,295.0
7,32,8.0
33,190,47.5
23,133,33.25
147,918,229.5
184,1267,316.75
176,1205,301.25
172,1063,265.75
77,459,114.75
261,1862,465.5
247,1401,350.25
244,1448,362.0
255,1464,366.0
178,1062,265.5
176,1031,257.75
144,804,201.0
320,2002,500.5
141,1039,259.75
174,1193,298.25
161,1059,264.75
19,108,27.0
219,1288,322.0
34,203,50.75
163,1030,257.5
131,761,190.25
51,299,74.75
278,1613,403.25
346,1619,404.75
405,1898,474.5
533,2614,653.5
290,1567,391.75
32,165,41.25
197,1389,347.25
75,444,111.0
51,321,80.25
223,1265,316.25
58,353,88.25
32,260,65.0
73,502,125.5
36,244,61.0
142,867,216.75
179,1096,274.0
234,1482,370.5
103,785,196.25
75,564,141.0
70,509,127.25
70,509,127.25
31,174,43.5
61,354,88.5
93,593,148.25
28,178,44.5
15,73,18.25
153,879,219.75
186,1077,269.25
329,1917,479.25
112,637,159.25
64,381,95.25
177,985,246.25
151,895,223.75
50,302,75.5
150,1387,346.75
32,178,44.5
25,155,38.75
24,148,37.0
25,139,34.75
25,149,37.25
47,302,75.5
26,136,34.0
24,126,31.5
26,159,39.75
26,159,39.75
25,130,32.5
278,1724,431.0
12,55,13.75
15,74,18.5
17,105,26.25
63,376,94.0
135,864,216.0
137,846,211.5
141,929,232.25
230,1512,378.0
81,511,127.75
238,1292,323.0
38,235,58.75
103,647,161.75
88,557,139.25
35,205,51.25
43,254,63.5
46,257,64.25
38,216,54.0
54,277,69.25
13,99,24.75
13,85,21.25
124,730,182.5
424,2491,622.75
12,71,17.75
145,868,217.0
396,2300,575.0
425,2274,568.5
668,4006,1001.5
187,1123,280.75
52,280,70.0
59,353,88.25
88,601,150.25
68,412,103.0
7,29,7.25
6,29,7.25
9,51,12.75
81,500,125.0
43,218,54.5
25,138,34.5
168,938,234.5
43,297,74.25
60,389,97.25
235,1390,347.5
144,1267,316.75
136,1253,313.25
136,1253,313.25
136,1253,313.25
138,1259,314.75
38,293,73.25
196,1477,369.25
170,1407,351.75
238,1320,330.0
13,71,17.75
380,2497,624.25
253,1595,398.75
128,826,206.5
105,842,210.5
101,826,206.5
35,189,47.25
56,304,76.0
165,1014,253.5
60,357,89.25
60,357,89.25
19,113,28.25
46,243,60.75
11,157,39.25
74,467,116.75
124,670,167.5
337,2075,518.75
133,836,209.0
307,2088,522.0
57,313,78.25
140,785,196.25
153,827,206.75
95,526,131.5
107,602,150.5
146,800,200.0
133,797,199.25
48,258,64.5
10,60,15.0
227,1504,376.0
231,1494,373.5
74,699,174.75
144,897,224.25
142,880,220.0
159,991,247.75
49,290,72.5
12,67,16.75
34,202,50.5
104,622,155.5
30,152,38.0
310,1807,451.75
153,1461,365.25
88,738,184.5
85,467,116.75
213,1240,310.0
47,326,81.5
14,70,17.5
130,983,245.75
102,605,151.25
74,430,107.5
103,681,170.25
55,320,80.0
50,266,66.5
19,122,30.5
10,75,18.75
42,277,69.25
25,117,29.25
20,112,28.0
9,65,16.25
7,50,12.5
172,1162,290.5
50,338,84.5
58,408,102.0
93,628,157.0
152,980,245.0
6,25,6.25
199,1110,277.5
17,110,27.5
65,435,108.75
67,395,98.75
67,386,96.5
78,479,119.75
70,482,120.5
134,800,200.0
82,562,140.5
183,1230,307.5
30,196,49.0
1,1,0.25
322,1918,479.5
6,23,5.75
6,26,6.5
22,126,31.5
79,442,110.5
408,2154,538.5
1,3,0.75
47,273,68.25
1,5,1.25
295,1584,396.0
33,161,40.25
122,746,186.5
134,797,199.25
220,1215,303.75
213,1132,283.0
245,1272,318.0
115,585,146.25
118,1017,254.25
204,1392,348.0
105,593,148.25
40,224,56.0
117,685,171.25
152,940,235.0
140,958,239.5
79,571,142.75
51,330,82.5
47,311,77.75
81,508,127.0
97,633,158.25
174,1031,257.75
292,1515,378.75
204,1258,314.5
249,1586,396.5
262,1791,447.75
259,1770,442.5
172,1064,266.0
205,1367,341.75
142,1182,295.5
36,204,51.0
221,1495,373.75
232,1609,402.25
201,1162,290.5
265,1573,393.25
41,159,39.75
295,1757,439.25
64,395,98.75
322,1650,412.5
63,363,90.75
7,41,10.25
447,2518,629.5
4,41,10.25
1,6,1.5
105,617,154.25
351,2659,664.75
325,2351,587.75
156,1027,256.75
7,34,8.5
74,414,103.5
23,141,35.25
11,67,16.75
14,84,21.0
59,352,88.0
59,352,88.0
59,352,88.0
59,352,88.0
59,352,88.0
10,97,24.25
118,720,180.0
181,1269,317.25
27,136,34.0
150,878,219.5
109,645,161.25
1,4,1.0
70,401,100.25
70,401,100.25
70,401,100.25
194,1270,317.5
1,1,0.25
4,24,6.0
45,241,60.25
3,19,4.75
4,25,6.25
1,7,1.75
10,53,13.25
10,53,13.25
62,365,91.25
109,673,168.25
169,1076,269.0
61,357,89.25
192,1183,295.75
186,1175,293.75
119,763,190.75
227,1426,356.5
276,1690,422.5
262,1557,389.25
192,961,240.25
192,961,240.25
149,972,243.0
198,1179,294.75
119,753,188.25
190,1593,398.25
43,259,64.75
101,705,176.25
19,137,34.25
47,303,75.75
67,402,100.5
23,131,32.75
35,182,45.5
195,1751,437.75
176,991,247.75
299,1864,466.0
27,155,38.75
287,1730,432.5
282,1673,418.25
164,1085,271.25
195,1221,305.25
161,1273,318.25
250,1447,361.75
119,907,226.75
34,165,41.25
175,967,241.75
63,462,115.5
149,1079,269.75
60,404,101.0
251,1709,427.25
262,1805,451.25
37,217,54.25
1,1,0.25
1,1,0.25
413,2463,615.75
7,34,8.5
318,2084,521.0
152,877,219.25
172,929,232.25
39,211,52.75
227,1417,354.25
18,95,23.75
18,95,23.75
92,551,137.75
11,75,18.75
90,578,144.5
142,826,206.5
368,2299,574.75
291,1762,440.5
205,1250,312.5
91,498,124.5
93,492,123.0
112,645,161.25
105,518,129.5
103,516,129.0
180,895,223.75
174,931,232.75
169,906,226.5
142,789,197.25
138,769,192.25
314,2027,506.75
283,1903,475.75
234,1513,378.25
305,1982,495.5
111,442,110.5
232,1395,348.75
105,688,172.0
151,921,230.25
240,1607,401.75
243,1665,416.25
219,1314,328.5
140,866,216.5
8,48,12.0
166,1156,289.0
167,1096,274.0
148,930,232.5
1,1,0.25
129,676,169.0
125,760,190.0
91,480,120.0
136,786,196.5
229,1377,344.25
15,100,25.0
60,392,98.0
159,1004,251.0
121,656,164.0
39,239,59.75
436,2575,643.75
3,14,3.5
243,1180,295.0
14,96,24.0
298,1964,491.0
206,1344,336.0
322,1852,463.0
661,3556,889.0
132,807,201.75
24,122,30.5
122,984,246.0
192,1382,345.5
120,916,229.0
372,2051,512.75
117,666,166.5
12,61,15.25
7,40,10.0
51,271,67.75
72,409,102.25
27,163,40.75
6,36,9.0
18,110,27.5
10,57,14.25
81,424,106.0
247,1310,327.5
42,225,56.25
350,2315,578.75
26,137,34.25
28,163,40.75
132,712,178.0
365,2303,575.75
305,2032,508.0
119,738,184.5
139,1239,309.75
16,81,20.25
10,55,13.75
79,485,121.25
87,537,134.25
75,460,115.0
80,528,132.0
268,1790,447.5
281,1460,365.0
146,909,227.25
175,991,247.75
19,96,24.0
138,893,223.25
121,679,169.75
231,1332,333.0
131,859,214.75
11,65,16.25
136,809,202.25
99,627,156.75
31,159,39.75
59,347,86.75
66,374,93.5
44,237,59.25
86,537,134.25
80,499,124.75
31,173,43.25
50,272,68.0
57,306,76.5
55,302,75.5
61,343,85.75
57,319,79.75
54,308,77.0
52,285,71.25
62,332,83.0
45,263,65.75
83,436,109.0
84,484,121.0
87,487,121.75
69,424,106.0
49,288,72.0
60,336,84.0
102,568,142.0
73,413,103.25
110,614,153.5
66,391,97.75
77,419,104.75
69,369,92.25
76,403,100.75
60,333,83.25
100,549,137.25
106,587,146.75
57,315,78.75
113,619,154.75
101,547,136.75
114,588,147.0
116,613,153.25
85,470,117.5
100,550,137.5
90,488,122.0
84,467,116.75
87,476,119.0
77,425,106.25
68,403,100.75
87,513,128.25
85,457,114.25
84,460,115.0
59,316,79.0
80,453,113.25
82,466,116.5
87,496,124.0
78,436,109.0
95,540,135.0
142,792,198.0
123,693,173.25
115,659,164.75
110,613,153.25
107,600,150.0
126,687,171.75
93,511,127.75
115,604,151.0
108,575,143.75
90,480,120.0
123,672,168.0
121,650,162.5
161,1014,253.5
267,1828,457.0
309,1600,400.0
57,367,91.75
158,804,201.0
9,53,13.25
169,1025,256.25
144,843,210.75
87,507,126.75
99,587,146.75
96,588,147.0
110,651,162.75
102,614,153.5
111,677,169.25
111,677,169.25
117,713,178.25
18,125,31.25
17,117,29.25
18,125,31.25
31,184,46.0
235,1248,312.0
364,2008,502.0
92,549,137.25
1,5,1.25
16,94,23.5
126,883,220.75
117,877,219.25
113,819,204.75
116,854,213.5
116,951,237.75
124,998,249.5
120,959,239.75
122,1013,253.25
128,995,248.75
165,1170,292.5
148,1126,281.5
281,1818,454.5
40,251,62.75
63,341,85.25
9,53,13.25
15,79,19.75
1,4,1.0
12,62,15.5
17,87,21.75
221,1192,298.0
1,3,0.75
66,369,92.25
57,308,77.0
31,161,40.25
35,177,44.25
33,179,44.75
30,156,39.0
41,205,51.25
51,272,68.0
24,139,34.75
32,180,45.0
112,626,156.5
117,648,162.0
89,516,129.0
91,528,132.0
114,670,167.5
119,677,169.25
102,598,149.5
104,616,154.0
101,599,149.75
65,373,93.25
72,412,103.0
26,151,37.75
167,1068,267.0
150,986,246.5
229,1705,426.25
134,842,210.5
212,1193,298.25
75,463,115.75
41,218,54.5
167,645,161.25
20,113,28.25
251,1578,394.5
83,854,213.5
220,1340,335.0
104,639,159.75
1,14,3.5
1,14,3.5
1,3,0.75
5,19,4.75
185,1183,295.75
57,362,90.5
11,67,16.75
368,2456,614.0
329,1871,467.75
369,2456,614.0
50,345,86.25
3,13,3.25
303,2430,607.5
171,1085,271.25
227,1380,345.0
278,1868,467.0
7,32,8.0
15,99,24.75
26,162,40.5
198,1196,299.0
25,122,30.5
35,172,43.0
23,138,34.5
47,255,63.75
45,262,65.5
46,263,65.75
8,54,13.5
175,1172,293.0
211,1368,342.0
80,520,130.0
30,147,36.75
26,137,34.25
105,826,206.5
66,313,78.25
28,136,34.0
74,481,120.25
10,187,46.75
239,1742,435.5
6,34,8.5
193,1096,274.0
29,179,44.75
284,1620,405.0
109,618,154.5
271,1652,413.0
501,3152,788.0
214,1554,388.5
66,411,102.75
64,363,90.75
78,421,105.25
25,115,28.75
31,167,41.75
68,365,91.25
50,283,70.75
26,186,46.5
1,4,1.0
359,1995,498.75
110,607,151.75
42,231,57.75
8,35,8.75
19,95,23.75
17,92,23.0
129,757,189.25
115,653,163.25
109,596,149.0
144,818,204.5
13,85,21.25
72,398,99.5
301,1656,414.0
76,483,120.75
1,27,6.75
31,176,44.0
178,1082,270.5
170,1081,270.25
10,40,10.0
172,1602,400.5
196,1107,276.75
34,173,43.25
102,681,170.25
114,745,186.25
155,1011,252.75
144,1015,253.75
132,916,229.0
106,667,166.75
358,1920,480.0
347,1896,474.0
14,75,18.75
13,65,16.25
16,86,21.5
561,3647,911.75
3,19,4.75
1,6,1.5
119,702,175.5
170,1452,363.0
80,561,140.25
49,268,67.0
43,258,64.5
2,17,4.25
198,1160,290.0
22,126,31.5
244,1754,438.5
219,1324,331.0
44,250,62.5
26,159,39.75
44,250,62.5
40,240,60.0
45,273,68.25
29,188,47.0
33,197,49.25
1,4,1.0
218,1368,342.0
132,847,211.75
177,1123,280.75
121,731,182.75
130,787,196.75
18,119,29.75
222,1334,333.5
176,1198,299.5
300,1777,444.25
47,257,64.25
15,91,22.75
92,582,145.5
8,45,11.25
16,200,50.0
6,32,8.0
12,61,15.25
6,32,8.0
6,32,8.0
134,720,180.0
152,962,240.5
23,146,36.5
82,506,126.5
116,801,200.25
99,672,168.0
54,348,87.0
39,235,58.75
45,305,76.25
76,484,121.0
49,327,81.75
1,1,0.25
50,301,75.25
95,423,105.75
157,1104,276.0
278,1920,480.0
112,773,193.25
53,365,91.25
8,34,8.5
8,34,8.5
8,34,8.5
8,34,8.5
8,34,8.5
123,875,218.75
163,950,237.5
100,601,150.25
61,617,154.25
14,86,21.5
131,973,243.25
235,1625,406.25
7,40,10.0
25,169,42.25
52,323,80.75
44,271,67.75
47,253,63.25
322,1803,450.75
311,1779,444.75
139,904,226.0
248,1444,361.0
291,1604,401.0
210,1347,336.75
275,1540,385.0
284,1646,411.5
239,1416,354.0
279,1574,393.5
224,1289,322.25
282,1597,399.25
315,1771,442.75
282,1575,393.75
207,1142,285.5
211,1116,279.0
310,1791,447.75
266,1508,377.0
347,2080,520.0
329,2042,510.5
353,2014,503.5
357,2063,515.75
246,1407,351.75
375,2111,527.75
18,101,25.25
211,1160,290.0
236,1401,350.25
6,30,7.5
87,659,164.75
5,31,7.75
137,1040,260.0
168,1055,263.75
178,1240,310.0
213,1380,345.0
178,1508,377.0
286,1810,452.5
17,89,22.25
11,68,17.0
96,522,130.5
16,142,35.5
80,523,130.75
132,793,198.25
261,1503,375.75
126,874,218.5
1,1,0.25
3,18,4.5
1,7,1.75
9,41,10.25
14,83,20.75
9,43,10.75
19,109,27.25
50,266,66.5
64,382,95.5
85,476,119.0
58,299,74.75
63,352,88.0
11,55,13.75
206,1466,366.5
63,438,109.5
34,228,57.0
70,499,124.75
70,499,124.75
247,1541,385.25
22,135,33.75
151,926,231.5
232,892,223.0
71,458,114.5
96,596,149.0
87,534,133.5
213,1253,313.25
186,1576,394.0
187,1203,300.75
191,1129,282.25
373,1109,277.25
2,9,2.25
81,519,129.75
167,1016,254.0
202,1218,304.5
211,1281,320.25
140,695,173.75
145,721,180.25
8,53,13.25
95,608,152.0
258,1648,412.0
35,213,53.25
85,537,134.25
131,760,190.0
216,1331,332.75
204,1219,304.75
187,1111,277.75
134,783,195.75
51,307,76.75
36,201,50.25
187,982,245.5
63,365,91.25
1,9,2.25
50,288,72.0
26,156,39.0
32,206,51.5
232,1702,425.5
228,1592,398.0
243,1686,421.5
340,2049,512.25
177,1078,269.5
380,2092,523.0
121,693,173.25
247,1410,352.5
183,1023,255.75
174,1006,251.5
244,1474,368.5
20,121,30.25
18,110,27.5
13,73,18.25
286,1167,291.75
7,34,8.5
101,651,162.75
17,97,24.25
133,811,202.75
153,917,229.25
511,3483,870.75
23,138,34.5
324,2114,528.5
112,1472,368.0
91,1360,340.0
108,666,166.5
71,388,97.0
398,2551,637.75
94,599,149.75
123,776,194.0
85,542,135.5
69,488,122.0
86,536,134.0
271,1731,432.75
65,324,81.0
566,3283,820.75
6,40,10.0
18,87,21.75
13,61,15.25
16,92,23.0
27,168,42.0
12,74,18.5
12,63,15.75
12,63,15.75
13,83,20.75
8,44,11.0
8,44,11.0
14,88,22.0
14,88,22.0
25,129,32.25
11,65,16.25
16,87,21.75
389,2214,553.5
110,691,172.75
80,461,115.25
12,74,18.5
183,1129,282.25
1,1,0.25
118,699,174.75
331,1887,471.75
7,43,10.75
98,591,147.75
94,635,158.75
283,1728,432.0
257,1718,429.5
158,991,247.75
31,159,39.75
35,210,52.5
41,247,61.75
41,247,61.75
41,248,62.0
41,247,61.75
41,247,61.75
190,1115,278.75
178,1222,305.5
86,591,147.75
7,32,8.0
10,54,13.5
30,173,43.25
31,176,44.0
31,182,45.5
202,1319,329.75
237,1281,320.25
89,566,141.5
65,403,100.75
43,272,68.0
20,121,30.25
205,1088,272.0
7,34,8.5
150,823,205.75
117,689,172.25
281,1603,400.75
70,398,99.5
57,357,89.25
83,470,117.5
147,813,203.25
69,447,111.75
7,27,6.75
142,1265,316.25
161,1129,282.25
140,959,239.75
147,988,247.0
222,1467,366.75
61,406,101.5
69,375,93.75
70,377,94.25
7,34,8.5
73,385,96.25
47,258,64.5
26,133,33.25
173,1046,261.5
146,891,222.75
197,1176,294.0
145,832,208.0
221,1409,352.25
242,1550,387.5
253,1681,420.25
7,34,8.5
48,292,73.0
48,291,72.75
2,32,8.0
2,30,7.5
319,1781,445.25
5,30,7.5
116,752,188.0
32,219,54.75
148,744,186.0
7,34,8.5
35,188,47.0
81,497,124.25
183,1103,275.75
7,29,7.25
79,481,120.25
76,433,108.25
13,67,16.75
22,152,38.0
26,133,33.25
7,32,8.0
44,239,59.75
33,203,50.75
33,204,51.0
324,1778,444.5
213,1478,369.5
1,1,0.25
7,32,8.0
27,146,36.5
89,520,130.0
5,28,7.0
129,773,193.25
54,267,66.75
195,1465,366.25
264,1632,408.0
205,1396,349.0
180,1208,302.0
192,1079,269.75
447,2958,739.5
4,18,4.5
151,1063,265.75
114,1060,265.0
24,121,30.25
16,114,28.5
5,30,7.5
6,34,8.5
263,1458,364.5
226,1341,335.25
98,573,143.25
126,743,185.75
4,17,4.25
1,3,0.75
5,21,5.25
11,43,10.75
11,43,10.75
11,43,10.75
1,4,1.0
3,12,3.0
11,43,10.75
11,43,10.75
91,494,123.5
128,762,190.5
136,802,200.5
185,1022,255.5
176,1172,293.0
195,1279,319.75
179,1248,312.0
177,1186,296.5
194,1192,298.0
86,539,134.75
280,1718,429.5
1,18,4.5
7,34,8.5
27,133,33.25
4,21,5.25
20,97,24.25
2,7,1.75
33,194,48.5
279,1499,374.75
15,74,18.5
137,1081,270.25
137,1081,270.25
231,1499,374.75
38,167,41.75
52,265,66.25
84,415,103.75
45,259,64.75
200,1172,293.0
230,1362,340.5
258,1467,366.75
238,1472,368.0
272,1615,403.75
127,763,190.75
228,1055,263.75
17,83,20.75
19,98,24.5
31,168,42.0
27,196,49.0
329,2052,513.0
315,2116,529.0
173,965,241.25
55,333,83.25
417,2442,610.5
258,1595,398.75
18,60,15.0
290,1708,427.0
15,72,18.0
60,335,83.75
122,705,176.25
14,68,17.0
19,90,22.5
23,113,28.25
8,44,11.0
123,671,167.75
230,1353,338.25
124,728,182.0
203,1102,275.5
215,1317,329.25
238,1610,402.5
40,469,117.25
105,635,158.75
105,635,158.75
118,732,183.0
11,65,16.25
9,48,12.0
113,771,192.75
243,1630,407.5
14,67,16.75
52,247,61.75
7,32,8.0
272,1795,448.75
67,375,93.75
30,153,38.25
270,1386,346.5
340,2081,520.25
217,1376,344.0
256,1534,383.5
144,867,216.75
299,1912,478.0
115,808,202.0
54,357,89.25
89,586,146.5
113,763,190.75
1,6,1.5
38,207,51.75
29,335,83.75
193,1413,353.25
207,1496,374.0
139,778,194.5
335,2016,504.0
344,2021,505.25
30,1056,264.0
5,29,7.25
3,29,7.25
85,572,143.0
99,586,146.5
205,1272,318.0
203,1361,340.25
139,901,225.25
1,15,3.75
78,433,108.25
153,832,208.0
136,894,223.5
6,25,6.25
4,12,3.0
5,22,5.5
33,152,38.0
12,51,12.75
11,48,12.0
9,43,10.75
4,21,5.25
14,65,16.25
9,47,11.75
11,53,13.25
7,34,8.5
8,49,12.25
11,53,13.25
28,153,38.25
6,28,7.0
7,29,7.25
7,30,7.5
32,159,39.75
3,18,4.5
30,140,35.0
5,26,6.5
15,77,19.25
12,56,14.0
5,23,5.75
8,44,11.0
11,45,11.25
5,21,5.25
5,26,6.5
9,42,10.5
5,31,7.75
7,28,7.0
7,41,10.25
4,22,5.5
6,28,7.0
6,32,8.0
7,37,9.25
26,123,30.75
17,89,22.25
6,32,8.0
119,603,150.75
197,1033,258.25
30,174,43.5
279,1593,398.25
210,1308,327.0
59,316,79.0
167,1054,263.5
58,371,92.75
7,34,8.5
200,1168,292.0
262,1605,401.25
187,1039,259.75
45,247,61.75
284,1646,411.5
210,1230,307.5
195,1064,266.0
167,982,245.5
120,695,173.75
116,691,172.75
292,1688,422.0
160,910,227.5
169,950,237.5
240,1393,348.25
9,45,11.25
105,586,146.5
72,384,96.0
75,461,115.25
217,1333,333.25
16,78,19.5
232,1642,410.5
70,454,113.5
9,54,13.5
381,2484,621.0
218,1281,320.25
217,1273,318.25
274,1713,428.25
73,427,106.75
225,1189,297.25
1,5,1.25
220,1221,305.25
404,2077,519.25
240,1319,329.75
184,1178,294.5
467,3066,766.5
541,3495,873.75
438,2608,652.0
7,34,8.5
46,277,69.25
200,1338,334.5
176,1062,265.5
178,1108,277.0
1,1,0.25
151,921,230.25
275,1623,405.75
282,1574,393.5
28,151,37.75
196,1177,294.25
200,1390,347.5
222,1647,411.75
102,562,140.5
212,1228,307.0
127,847,211.75
158,1016,254.0
7,34,8.5
43,214,53.5
68,408,102.0
113,711,177.75
174,1061,265.25
185,1162,290.5
171,1085,271.25
137,913,228.25
321,1939,484.75
139,1006,251.5
146,1024,256.0
1,1,0.25
182,1051,262.75
242,1462,365.5
1,20,5.0
35,214,53.5
1,4,1.0
41,229,57.25
57,330,82.5
123,943,235.75
65,459,114.75
103,622,155.5
314,1814,453.5
8,45,11.25
8,45,11.25
11,53,13.25
57,314,78.5
242,1320,330.0
5,25,6.25
301,1822,455.5
18,95,23.75
20,111,27.75
191,1188,297.0
29,191,47.75
22,121,30.25
40,229,57.25
227,1405,351.25
331,1873,468.25
278,1639,409.75
148,953,238.25
110,652,163.0
126,732,183.0
68,510,127.5
149,1095,273.75
121,771,192.75
7,32,8.0
33,176,44.0
42,246,61.5
7,32,8.0
81,503,125.75
148,862,215.5
85,536,134.0
7,34,8.5
147,892,223.0
16,94,23.5
276,1413,353.25
18,96,24.0
164,1152,288.0
207,1300,325.0
216,1216,304.0
311,2126,531.5
199,1186,296.5
8,36,9.0
87,429,107.25
22,127,31.75
57,332,83.0
28,149,37.25
22,126,31.5
25,141,35.25
25,135,33.75
25,139,34.75
25,136,34.0
264,1492,373.0
7,32,8.0
13,65,16.25
45,225,56.25
20,100,25.0
43,232,58.0
109,552,138.0
59,311,77.75
118,634,158.5
94,466,116.5
64,307,76.75
74,427,106.75
67,379,94.75
258,1648,412.0
9,59,14.75
37,200,50.0
68,562,140.5
39,308,77.0
68,555,138.75
42,273,68.25
127,716,179.0
214,1219,304.75
184,1124,281.0
233,1445,361.25
222,1005,251.25
156,530,132.5
137,836,209.0
52,300,75.0
78,462,115.5
279,1816,454.0
100,626,156.5
278,1797,449.25
161,1038,259.5
26,203,50.75
80,540,135.0
155,1060,265.0
195,1358,339.5
206,1450,362.5
213,1422,355.5
33,215,53.75
199,1045,261.25
166,924,231.0
106,615,153.75
33,191,47.75
471,3059,764.75
343,2239,559.75
1,9,2.25
21,130,32.5
85,490,122.5
100,524,131.0
116,578,144.5
193,1175,293.75
82,502,125.5
1,13,3.25
25,120,30.0
94,573,143.25
49,299,74.75
71,432,108.0
7,33,8.25
11,160,40.0
11,128,32.0
79,648,162.0
88,478,119.5
74,455,113.75
25,138,34.5
32,469,117.25
49,284,71.0
47,239,59.75
24,96,24.0
50,276,69.0
162,1028,257.0
211,1301,325.25
339,2128,532.0
93,526,131.5
127,707,176.75
60,343,85.75
47,273,68.25
56,320,80.0
89,541,135.25
89,538,134.5
89,538,134.5
88,528,132.0
88,528,132.0
64,370,92.5
84,470,117.5
26,130,32.5
5,26,6.5
30,155,38.75
24,125,31.25
81,449,112.25
186,1718,429.5
116,632,158.0
116,632,158.0
195,1749,437.25
8,37,9.25
101,758,189.5
26,150,37.5
1,2,0.5
263,1550,387.5
251,1573,393.25
215,1301,325.25
308,1878,469.5
243,1368,342.0
206,1227,306.75
254,1546,386.5
7,36,9.0
30,175,43.75
83,476,119.0
7,32,8.0
25,138,34.5
32,167,41.75
90,496,124.0
6,48,12.0
150,825,206.25
7,34,8.5
46,277,69.25
102,765,191.25
54,415,103.75
156,1039,259.75
68,500,125.0
125,852,213.0
156,1039,259.75
428,3020,755.0
130,717,179.25
1,4,1.0
247,1713,428.25
55,305,76.25
199,1115,278.75
208,1243,310.75
315,2042,510.5
117,668,167.0
148,830,207.5
134,936,234.0
152,1020,255.0
1,1,0.25
2,11,2.75
327,2031,507.75
84,566,141.5
202,1350,337.5
189,1267,316.75
133,761,190.25
226,1229,307.25
182,995,248.75
125,683,170.75
144,793,198.25
12,71,17.75
276,1802,450.5
21,142,35.5
6,37,9.25
352,2004,501.0
62,342,85.5
198,1353,338.25
231,1296,324.0
100,592,148.0
14,87,21.75
111,556,139.0
87,1490,372.5
1,194,48.5
81,478,119.5
41,219,54.75
46,256,64.0
47,235,58.75
82,512,128.0
210,1352,338.0
128,867,216.75
523,3555,888.75
70,363,90.75
316,2229,557.25
154,829,207.25
8,45,11.25
78,434,108.5
96,606,151.5
100,577,144.25
174,1002,250.5
161,922,230.5
171,993,248.25
173,1007,251.75
196,1146,286.5
81,468,117.0
1,2,0.5
43,219,54.75
100,597,149.25
79,510,127.5
68,435,108.75
237,1294,323.5
109,623,155.75
93,518,129.5
200,1339,334.75
344,2181,545.25
1,10,2.5
212,1420,355.0
30,195,48.75
288,1741,435.25
101,587,146.75
208,1246,311.5
317,1827,456.75
216,1212,303.0
186,1079,269.75
171,1022,255.5
172,1085,271.25
181,1074,268.5
120,599,149.75
55,321,80.25
82,482,120.5
5,29,7.25
285,1536,384.0
30,159,39.75
1,3,0.75
63,311,77.75
14,68,17.0
12,58,14.5
13,63,15.75
16,73,18.25
23,121,30.25
29,160,40.0
104,729,182.25
18,71,17.75
191,1136,284.0
61,395,98.75
248,1437,359.25
119,706,176.5
264,1534,383.5
7,34,8.5
5,30,7.5
27,135,33.75
210,1424,356.0
328,2107,526.75
389,2503,625.75
358,2317,579.25
357,2455,613.75
411,2679,669.75
386,2486,621.5
90,641,160.25
73,395,98.75
147,1036,259.0
203,1245,311.25
19,143,35.75
41,289,72.25
82,543,135.75
15,79,19.75
159,1255,313.75
35,230,57.5
62,366,91.5
168,1004,251.0
173,1021,255.25
188,1159,289.75
92,557,139.25
155,1203,300.75
158,970,242.5
320,1744,436.0
55,417,104.25
46,342,85.5
16,93,23.25
41,264,66.0
247,1805,451.25
229,1816,454.0
2,18,4.5
246,1872,468.0
7,34,8.5
160,1050,262.5
269,1699,424.75
7,43,10.75
27,187,46.75
27,187,46.75
19,133,33.25
20,141,35.25
79,399,99.75
111,607,151.75
295,1798,449.5
101,773,193.25
116,919,229.75
14,67,16.75
59,343,85.75
160,1134,283.5
1,1,0.25
1,1,0.25
11,64,16.0
30,171,42.75
12,68,17.0
60,384,96.0
20,99,24.75
20,99,24.75
1,4,1.0
13,52,13.0
73,302,75.5
79,342,85.5
12,60,15.0
13,72,18.0
11,57,14.25
23,140,35.0
19,102,25.5
38,222,55.5
74,416,104.0
48,277,69.25
44,233,58.25
38,222,55.5
43,247,61.75
71,414,103.5
194,1207,301.75
255,1556,389.0
247,1559,389.75
304,1757,439.25
136,846,211.5
151,963,240.75
87,473,118.25
167,1092,273.0
80,497,124.25
1,11,2.75
154,992,248.0
102,599,149.75
162,947,236.75
62,342,85.5
72,380,95.0
6,23,5.75
356,1830,457.5
267,2101,525.25
23,113,28.25
32,167,41.75
40,219,54.75
11,58,14.5
49,260,65.0
49,240,60.0
72,338,84.5
51,252,63.0
38,228,57.0
77,544,136.0
14,84,21.0
116,720,180.0
382,2229,557.25
59,352,88.0
3,10,2.5
332,1829,457.25
250,1425,356.25
167,1057,264.25
360,2214,553.5
248,1555,388.75
174,1692,423.0
329,1985,496.25
187,1165,291.25
69,381,95.25
7,32,8.0
34,169,42.25
184,1090,272.5
222,1355,338.75
298,1843,460.75
108,229,57.25
3,20,5.0
1,3,0.75
287,1659,414.75
190,1119,279.75
194,1159,289.75
8,48,12.0
182,1045,261.25
181,1044,261.0
66,328,82.0
209,1294,323.5
64,315,78.75
19,96,24.0
281,1911,477.75
412,2750,687.5
383,3121,780.25
52,320,80.0
75,469,117.25
20,91,22.75
39,222,55.5
22,104,26.0
46,250,62.5
263,1803,450.75
171,968,242.0
13,42,10.5
60,349,87.25
44,227,56.75
101,539,134.75
113,540,135.0
11,53,13.25
182,1927,481.75
32,164,41.0
164,885,221.25
165,891,222.75
215,1264,316.0
177,1075,268.75
37,546,136.5
375,2111,527.75
175,1194,298.5
157,1635,408.75
30,188,47.0
46,306,76.5
41,273,68.25
373,2314,578.5
379,2012,503.0
303,1913,478.25
103,205,51.25
208,1446,361.5
249,1766,441.5
78,472,118.0
281,1504,376.0
46,269,67.25
244,1315,328.75
40,232,58.0
100,529,132.25
49,244,61.0
776,3845,961.25
4,26,6.5
325,1664,416.0
95,616,154.0
13,75,18.75
87,510,127.5
74,425,106.25
95,563,140.75
120,694,173.5
139,819,204.75
234,1595,398.75
358,2284,571.0
8,49,12.25
265,1755,438.75
1,4,1.0
1,7,1.75
26,148,37.0
1,5,1.25
7,32,8.0
7,44,11.0
7,32,8.0
6,24,6.0
9,63,15.75
8,36,9.0
12,74,18.5
13,57,14.25
3,10,2.5
5,29,7.25
7,32,8.0
7,32,8.0
8,60,15.0
16,88,22.0
63,362,90.5
9,59,14.75
108,602,150.5
67,476,119.0
295,1566,391.5
306,1658,414.5
90,572,143.0
10,93,23.25
254,1479,369.75
259,1582,395.5
255,1548,387.0
21,107,26.75
70,335,83.75
49,270,67.5
59,311,77.75
5,30,7.5
6,40,10.0
258,1368,342.0
164,780,195.0
154,860,215.0
164,1005,251.25
1,1,0.25
7,32,8.0
12,58,14.5
1,1,0.25
26,151,37.75
383,2180,545.0
97,634,158.5
71,451,112.75
5,500,125.0
19,96,24.0
1,14,3.5
1,7,1.75
4,24,6.0
57,311,77.75
1,3,0.75
14,76,19.0
20,102,25.5
231,1390,347.5
14,85,21.25
252,1542,385.5
260,1616,404.0
163,982,245.5
257,1526,381.5
178,987,246.75
279,1839,459.75
88,605,151.25
104,721,180.25
300,1630,407.5
162,955,238.75
22,130,32.5
214,1226,306.5
228,1341,335.25
217,1266,316.5
198,1171,292.75
130,699,174.75
136,696,174.0
11,56,14.0
93,604,151.0
85,528,132.0
174,1083,270.75
111,670,167.5
164,910,227.5
278,1698,424.5
63,377,94.25
11,66,16.5
30,150,37.5
128,732,183.0
266,1751,437.75
209,1315,328.75
47,250,62.5
27,413,103.25
1,1,0.25
249,1403,350.75
60,359,89.75
241,1376,344.0
301,1609,402.25
181,1714,428.5
161,728,182.0
213,1343,335.75
91,537,134.25
89,524,131.0
273,1956,489.0
164,943,235.75
80,453,113.25
101,695,173.75
185,1127,281.75
204,1084,271.0
2,12,3.0
198,1224,306.0
294,1852,463.0
145,882,220.5
299,1918,479.5
231,1517,379.25
234,1521,380.25
1,1,0.25
121,673,168.25
356,2288,572.0
24,155,38.75
182,1104,276.0
25,124,31.0
7,32,8.0
120,733,183.25
137,863,215.75
37,195,48.75
368,2304,576.0
146,781,195.25
9,46,11.5
136,854,213.5
30,213,53.25
55,327,81.75
34,204,51.0
35,203,50.75
127,802,200.5
122,753,188.25
76,431,107.75
3,9,2.25
13,90,22.5
31,190,47.5
82,493,123.25
130,757,189.25
206,1223,305.75
150,1336,334.0
19,106,26.5
184,1175,293.75
11,64,16.0
20,147,36.75
44,324,81.0
50,358,89.5
70,484,121.0
53,383,95.75
61,433,108.25
60,427,106.75
59,418,104.5
45,269,67.25
57,409,102.25
1,1,0.25
292,1897,474.25
154,886,221.5
63,393,98.25
93,573,143.25
98,641,160.25
130,846,211.5
189,1038,259.5
185,1010,252.5
113,698,174.5
199,1142,285.5
52,341,85.25
83,504,126.0
233,1373,343.25
273,1538,384.5
179,1138,284.5
269,1717,429.25
141,866,216.5
145,1214,303.5
6,32,8.0
49,312,78.0
67,409,102.25
227,1270,317.5
6,36,9.0
11,70,17.5
14,88,22.0
230,1408,352.0
238,1475,368.75
36,198,49.5
136,1949,487.25
128,1911,477.75
91,932,233.0
149,1495,373.75
239,1544,386.0
217,1407,351.75
16,131,32.75
231,1641,410.25
97,707,176.75
278,1869,467.25
3,13,3.25
6,40,10.0
13,75,18.75
2,9,2.25
256,1589,397.25
234,1427,356.75
89,589,147.25
186,1175,293.75
207,1225,306.25
199,1125,281.25
186,1118,279.5
145,794,198.5
102,611,152.75
129,512,128.0
19,108,27.0
249,1660,415.0
167,928,232.0
162,1034,258.5
120,711,177.75
39,210,52.5
640,3808,952.0
156,909,227.25
21,123,30.75
22,144,36.0
22,130,32.5
104,589,147.25
257,1596,399.0
77,479,119.75
112,698,174.5
203,1601,400.25
177,1238,309.5
56,298,74.5
36,212,53.0
36,214,53.5
30,171,42.75
36,215,53.75
156,865,216.25
54,320,80.0
37,222,55.5
27,158,39.5
86,503,125.75
54,318,79.5
7,32,8.0
97,462,115.5
249,1405,351.25
245,1761,440.25
25,160,40.0
88,606,151.5
145,1220,305.0
63,412,103.0
192,1204,301.0
54,289,72.25
23,148,37.0
40,232,58.0
34,208,52.0
47,278,69.5
47,273,68.25
49,278,69.5
44,272,68.0
55,305,76.25
51,284,71.0
46,255,63.75
121,828,207.0
333,2027,506.75
10,69,17.25
226,1305,326.25
201,1413,353.25
1,4,1.0
34,196,49.0
331,2050,512.5
463,2865,716.25
87,577,144.25
81,549,137.25
89,598,149.5
67,415,103.75
3,11,2.75
11,64,16.0
14,122,30.5
16,105,26.25
10,62,15.5
14,56,14.0
150,1003,250.75
130,941,235.25
37,220,55.0
180,1024,256.0
265,1648,412.0
32,157,39.25
9,53,13.25
6,33,8.25
130,972,243.0
140,1020,255.0
125,945,236.25
119,966,241.5
123,1001,250.25
338,2148,537.0
206,1295,323.75
227,1349,337.25
41,268,67.0
49,309,77.25
86,520,130.0
187,1156,289.0
238,1449,362.25
32,175,43.75
59,333,83.25
98,557,139.25
155,883,220.75
172,961,240.25
61,370,92.5
52,345,86.25
175,1028,257.0
194,1276,319.0
66,418,104.5
5,22,5.5
5,22,5.5
80,467,116.75
2,9,2.25
5,32,8.0
89,611,152.75
2,8,2.0
10,52,13.0
105,634,158.5
208,1286,321.5
1,1,0.25
5,19,4.75
5,40,10.0
13,72,18.0
119,726,181.5
222,1374,343.5
156,1560,390.0
341,2310,577.5
550,3743,935.75
223,1512,378.0
196,1149,287.25
91,529,132.25
133,762,190.5
15,76,19.0
260,1417,354.25
152,1097,274.25
178,1349,337.25
183,1567,391.75
260,1367,341.75
231,1253,313.25
345,2054,513.5
271,1718,429.5
160,1007,251.75
232,1684,421.0
56,354,88.5
301,1748,437.0
76,486,121.5
24,138,34.5
8,40,10.0
290,1664,416.0
74,404,101.0
119,786,196.5
330,2163,540.75
178,1104,276.0
161,965,241.25
110,588,147.0
190,1130,282.5
3,16,4.0
6,30,7.5
24,148,37.0
88,365,91.25
56,303,75.75
15,90,22.5
27,130,32.5
59,343,85.75
200,1270,317.5
58,353,88.25
354,2258,564.5
17,84,21.0
56,417,104.25
170,1369,342.25
11,93,23.25
1,1,0.25
231,1484,371.0
127,788,197.0
233,1637,409.25
186,1413,353.25
56,325,81.25
19,96,24.0
92,531,132.75
91,538,134.5
104,624,156.0
454,3312,828.0
11,62,15.5
77,460,115.0
160,1213,303.25
23,112,28.0
91,565,141.25
44,268,67.0
64,484,121.0
4,28,7.0
319,2280,570.0
292,1747,436.75
170,985,246.25
253,1119,279.75
220,959,239.75
7,32,8.0
18,96,24.0
127,941,235.25
25,124,31.0
6,27,6.75
1,10,2.5
62,293,73.25
77,413,103.25
140,830,207.5
179,979,244.75
197,1086,271.5
187,947,236.75
102,609,152.25
22,113,28.25
228,1633,408.25
317,1679,419.75
238,1627,406.75
6,39,9.75
16,96,24.0
94,502,125.5
457,3427,856.75
52,318,79.5
77,507,126.75
52,314,78.5
43,289,72.25
45,288,72.0
209,1264,316.0
36,248,62.0
56,381,95.25
103,529,132.25
259,1515,378.75
308,1742,435.5
291,1644,411.0
155,897,224.25
8,42,10.5
40,228,57.0
297,1638,409.5
11,80,20.0
22,140,35.0
175,1041,260.25
169,747,186.75
32,178,44.5
21,113,28.25
13,64,16.0
253,1504,376.0
309,1918,479.5
264,1660,415.0
222,1360,340.0
21,135,33.75
159,977,244.25
43,213,53.25
6,31,7.75
10,49,12.25
28,170,42.5
35,210,52.5
9,49,12.25
26,166,41.5
70,430,107.5
63,404,101.0
73,471,117.75
14,83,20.75
137,696,174.0
361,2103,525.75
2,271,67.75
8,40,10.0
17,92,23.0
40,200,50.0
22,144,36.0
41,230,57.5
47,258,64.5
47,248,62.0
49,288,72.0
43,233,58.25
69,349,87.25
64,342,85.5
108,694,173.5
215,1197,299.25
44,239,59.75
74,421,105.25
4,23,5.75
225,1639,409.75
56,370,92.5
1,9,2.25
37,365,91.25
87,461,115.25
94,598,149.5
124,883,220.75
174,1245,311.25
379,2223,555.75
414,3024,756.0
137,836,209.0
182,1072,268.0
8,44,11.0
16,83,20.75
237,1351,337.75
6,31,7.75
6,31,7.75
6,31,7.75
58,359,89.75
1,7,1.75
137,820,205.0
55,293,73.25
58,436,109.0
51,382,95.5
50,331,82.75
94,706,176.5
50,429,107.25
73,650,162.5
73,650,162.5
17,96,24.0
49,302,75.5
46,302,75.5
118,637,159.25
68,393,98.25
1,41,10.25
1,42,10.5
119,786,196.5
34,180,45.0
42,262,65.5
37,190,47.5
65,406,101.5
41,273,68.25
41,252,63.0
107,627,156.75
263,1527,381.75
20,113,28.25
146,1087,271.75
7,31,7.75
34,176,44.0
7,34,8.5
162,1381,345.25
147,1006,251.5
140,1023,255.75
70,464,116.0
126,776,194.0
120,695,173.75
119,768,192.0
45,280,70.0
9,58,14.5
8,43,10.75
205,1522,380.5
357,2371,592.75
243,1547,386.75
62,396,99.0
35,199,49.75
52,277,69.25
42,251,62.75
43,245,61.25
10,61,15.25
10,55,13.75
10,55,13.75
10,55,13.75
15,76,19.0
49,265,66.25
51,276,69.0
367,2433,608.25
6,30,7.5
31,180,45.0
152,775,193.75
46,239,59.75
72,354,88.5
76,377,94.25
78,390,97.5
90,461,115.25
95,463,115.75
104,520,130.0
112,534,133.5
108,533,133.25
134,653,163.25
4,22,5.5
18,112,28.0
11,94,23.5
1,3,0.75
234,1433,358.25
538,3112,778.0
254,1543,385.75
245,1425,356.25
17,83,20.75
334,2277,569.25
66,385,96.25
209,1335,333.75
96,608,152.0
165,1037,259.25
299,1866,466.5
120,480,120.0
295,1574,393.5
52,371,92.75
14,96,24.0
87,583,145.75
119,799,199.75
51,283,70.75
57,346,86.5
114,685,171.25
153,1041,260.25
293,1546,386.5
160,1037,259.25
1,85,21.25
150,874,218.5
34,225,56.25
28,189,47.25
188,1140,285.0
60,365,91.25
43,284,71.0
25,150,37.5
190,990,247.5
208,1034,258.5
208,1302,325.5
285,1602,400.5
100,1010,252.5
59,372,93.0
74,402,100.5
39,193,48.25
41,230,57.5
64,347,86.75
153,871,217.75
244,1296,324.0
283,1487,371.75
115,781,195.25
84,578,144.5
79,541,135.25
84,556,139.0
141,970,242.5
6,34,8.5
178,1109,277.25
66,469,117.25
1,4,1.0
105,687,171.75
332,2217,554.25
1,1,0.25
7,32,8.0
15,72,18.0
10,47,11.75
30,162,40.5
32,171,42.75
95,486,121.5
45,260,65.0
62,353,88.25
78,452,113.0
75,399,99.75
61,303,75.75
41,245,61.25
122,1380,345.0
299,1733,433.25
7,32,8.0
35,192,48.0
8,39,9.75
367,1928,482.0
18,88,22.0
2,15,3.75
86,474,118.5
38,194,48.5
52,298,74.5
68,381,95.25
28,141,35.25
165,945,236.25
165,945,236.25
42,406,101.5
236,1862,465.5
343,2202,550.5
27,164,41.0
455,3539,884.75
41,213,53.25
47,265,66.25
69,397,99.25
78,462,115.5
92,592,148.0
95,560,140.0
186,1131,282.75
103,665,166.25
188,1163,290.75
83,503,125.75
22,121,30.25
12,54,13.5
12,47,11.75
1,15,3.75
3,22,5.5
17,85,21.25
158,1099,274.75
215,1357,339.25
6,26,6.5
396,2365,591.25
283,1830,457.5
127,883,220.75
173,1040,260.0
7,42,10.5
36,219,54.75
5,30,7.5
179,1116,279.0
77,395,98.75
219,1371,342.75
251,1518,379.5
54,402,100.5
128,774,193.5
236,1417,354.25
7,34,8.5
7,34,8.5
37,163,40.75
69,406,101.5
299,1672,418.0
269,1734,433.5
88,573,143.25
46,319,79.75
196,1138,284.5
62,354,88.5
285,1922,480.5
54,252,63.0
4,22,5.5
24,152,38.0
402,2530,632.5
2,14,3.5
70,373,93.25
35,200,50.0
10,61,15.25
56,318,79.5
56,319,79.75
101,578,144.5
96,515,128.75
168,1046,261.5
92,496,124.0
346,2295,573.75
168,918,229.5
223,1264,316.0
227,1277,319.25
161,908,227.0
193,1193,298.25
1,1,0.25
5,31,7.75
2,12,3.0
2,9,2.25
2,9,2.25
9,56,14.0
42,271,67.75
18,87,21.75
14,52,13.0
200,1166,291.5
25,167,41.75
152,872,218.0
236,1572,393.0
256,1434,358.5
162,912,228.0
42,227,56.75
96,528,132.0
90,515,128.75
99,532,133.0
103,586,146.5
124,691,172.75
67,352,88.0
44,238,59.5
99,544,136.0
34,188,47.0
24,147,36.75
393,1950,487.5
193,1157,289.25
124,759,189.75
173,1081,270.25
178,1152,288.0
150,1004,251.0
163,1154,288.5
245,1408,352.0
206,1231,307.75
278,1658,414.5
172,987,246.75
200,1184,296.0
13,91,22.75
51,348,87.0
28,173,43.25
17,89,22.25
112,659,164.75
161,880,220.0
239,1213,303.25
296,1487,371.75
64,417,104.25
375,2829,707.25
13,77,19.25
144,1063,265.75
24,160,40.0
142,850,212.5
252,1469,367.25
230,1344,336.0
154,917,229.25
64,376,94.0
63,348,87.0
36,200,50.0
8,36,9.0
7,34,8.5
72,449,112.25
348,2100,525.0
262,1582,395.5
271,1507,376.75
286,1700,425.0
148,860,215.0
238,1235,308.75
338,2071,517.75
339,2358,589.5
199,1228,307.0
15,75,18.75
529,3476,869.0
1,15,3.75
1,1,0.25
246,1414,353.5
246,1414,353.5
166,1269,317.25
96,702,175.5
1,1,0.25
35,188,47.0
94,546,136.5
49,279,69.75
78,494,123.5
354,1909,477.25
176,875,218.75
11,62,15.5
51,256,64.0
264,1566,391.5
187,1149,287.25
84,467,116.75
63,411,102.75
87,584,146.0
185,1053,263.25
257,1816,454.0
212,1258,314.5
24,126,31.5
30,184,46.0
11,54,13.5
26,136,34.0
57,323,80.75
15,74,18.5
68,440,110.0
163,830,207.5
84,465,116.25
84,465,116.25
84,465,116.25
1,1,0.25
1,1,0.25
1,1,0.25
19,120,30.0
159,812,203.0
136,721,180.25
121,619,154.75
74,421,105.25
2,11,2.75
8,44,11.0
77,414,103.5
132,751,187.75
53,281,70.25
171,957,239.25
14,77,19.25
456,2966,741.5
6,26,6.5
7,34,8.5
210,1480,370.0
163,864,216.0
136,798,199.5
15,75,18.75
10,46,11.5
303,1883,470.75
136,752,188.0
3,21,5.25
21,120,30.0
31,165,41.25
25,143,35.75
49,255,63.75
26,132,33.0
351,1921,480.25
78,494,123.5
7,32,8.0
204,1306,326.5
326,2078,519.5
327,1971,492.75
135,830,207.5
173,903,225.75
7,34,8.5
15,99,24.75
27,137,34.25
26,158,39.5
89,615,153.75
144,979,244.75
36,224,56.0
20,118,29.5
93,547,136.75
254,1285,321.25
224,1289,322.25
25,160,40.0
23,130,32.5
31,168,42.0
9,49,12.25
478,3021,755.25
26,141,35.25
2,9,2.25
2,9,2.25
1,6,1.5
2,9,2.25
114,644,161.0
2,9,2.25
121,729,182.25
128,758,189.5
177,1061,265.25
199,1205,301.25
1,5,1.25
1,5,1.25
1,5,1.25
48,262,65.5
18,98,24.5
2,7,1.75
61,365,91.25
72,374,93.5
64,380,95.0
271,1754,438.5
151,1440,360.0
10,50,12.5
26,165,41.25
42,384,96.0
125,1472,368.0
570,4028,1007.0
153,967,241.75
159,968,242.0
190,1173,293.25
132,863,215.75
7,32,8.0
17,110,27.5
143,799,199.75
31,160,40.0
5,15,3.75
392,2213,553.25
230,1461,365.25
2,80,20.0
107,675,168.75
7,35,8.75
104,536,134.0
257,1459,364.75
106,678,169.5
197,1105,276.25
130,741,185.25
23,129,32.25
21,114,28.5
22,118,29.5
245,1452,363.0
151,981,245.25
343,2136,534.0
371,2080,520.0
34,175,43.75
17,99,24.75
148,1843,460.75
256,1618,404.5
153,824,206.0
1,23,5.75
436,2705,676.25
191,1194,298.5
621,3362,840.5
7,32,8.0
51,311,77.75
44,270,67.5
41,241,60.25
83,480,120.0
14,69,17.25
379,2627,656.75
97,604,151.0
64,364,91.0
134,920,230.0
4,25,6.25
226,1710,427.5
7,34,8.5
28,127,31.75
364,2329,582.25
156,1047,261.75
11,94,23.5
58,298,74.5
38,232,58.0
50,304,76.0
10,69,17.25
29,170,42.5
17,97,24.25
151,920,230.0
117,663,165.75
470,3208,802.0
19,116,29.0
151,1102,275.5
283,1701,425.25
56,374,93.5
262,1008,252.0
26,179,44.75
138,925,231.25
30,152,38.0
369,2753,688.25
28,157,39.25
52,431,107.75
26,188,47.0
36,259,64.75
28,143,35.75
33,193,48.25
41,241,60.25
29,167,41.75
11,87,21.75
1,7,1.75
91,598,149.5
66,405,101.25
150,858,214.5
227,1278,319.5
60,347,86.75
250,1382,345.5
251,1390,347.5
233,1348,337.0
157,1014,253.5
7,42,10.5
7,44,11.0
165,946,236.5
47,265,66.25
47,265,66.25
77,431,107.75
80,440,110.0
205,1431,357.75
141,731,182.75
23,129,32.25
57,316,79.0
320,2104,526.0
97,581,145.25
311,1926,481.5
245,1363,340.75
125,670,167.5
153,859,214.75
85,454,113.5
28,148,37.0
209,1338,334.5
87,522,130.5
228,1366,341.5
203,1288,322.0
183,1103,275.75
1,4,1.0
1,7,1.75
119,943,235.75
141,921,230.25
2,14,3.5
495,3093,773.25
98,528,132.0
40,216,54.0
147,773,193.25
147,773,193.25
119,822,205.5
224,1306,326.5
40,239,59.75
1,17,4.25
1,1,0.25
9,68,17.0
108,784,196.0
15,140,35.0
226,1526,381.5
39,215,53.75
6,38,9.5
27,345,86.25
23,148,37.0
85,548,137.0
172,1100,275.0
81,563,140.75
1,1,0.25
16,94,23.5
55,418,104.5
1,1,0.25
25,142,35.5
93,568,142.0
39,231,57.75
35,231,57.75
237,1374,343.5
281,1653,413.25
213,1365,341.25
12,54,13.5
165,818,204.5
1,11,2.75
40,215,53.75
149,812,203.0
61,341,85.25
61,341,85.25
82,507,126.75
4,24,6.0
25,161,40.25
220,2798,699.5
31,157,39.25
82,459,114.75
101,573,143.25
153,926,231.5
191,1168,292.0
134,735,183.75
63,333,83.25
77,619,154.75
202,1322,330.5
16,103,25.75
16,117,29.25
108,769,192.25
136,921,230.25
7,32,8.0
7,34,8.5
7,32,8.0
12,86,21.5
22,135,33.75
104,586,146.5
9,50,12.5
8,48,12.0
402,2712,678.0
1,2,0.5
43,247,61.75
32,181,45.25
6,40,10.0
11,54,13.5
23,116,29.0
30,155,38.75
31,151,37.75
29,139,34.75
30,167,41.75
278,1872,468.0
247,1422,355.5
135,847,211.75
21,110,27.5
134,1044,261.0
7,62,15.5
76,482,120.5
85,483,120.75
35,184,46.0
29,159,39.75
45,239,59.75
27,147,36.75
30,170,42.5
71,400,100.0
27,156,39.0
27,152,38.0
33,199,49.75
41,246,61.5
35,208,52.0
42,236,59.0
48,283,70.75
55,306,76.5
33,173,43.25
45,261,65.25
7,32,8.0
201,1388,347.0
487,3062,765.5
43,225,56.25
120,723,180.75
193,1502,375.5
159,923,230.75
103,670,167.5
194,1202,300.5
41,166,41.5
46,293,73.25
260,1537,384.25
108,741,185.25
209,1179,294.75
390,2155,538.75
1,2,0.5
83,527,131.75
81,517,129.25
223,1316,329.0
213,1256,314.0
112,610,152.5
251,1623,405.75
314,1860,465.0
139,844,211.0
89,565,141.25
1,1,0.25
28,142,35.5
1,24,6.0
70,416,104.0
121,686,171.5
434,2571,642.75
65,354,88.5
9,45,11.25
35,199,49.75
5,9,2.25
39,290,72.5
261,1618,404.5
286,1899,474.75
141,750,187.5
157,887,221.75
166,969,242.25
77,491,122.75
95,490,122.5
86,453,113.25
89,433,108.25
99,516,129.0
93,513,128.25
9,56,14.0
36,202,50.5
36,211,52.75
70,477,119.25
122,844,211.0
170,852,213.0
160,804,201.0
208,1063,265.75
60,376,94.0
60,376,94.0
1,11,2.75
279,1522,380.5
114,670,167.5
449,2375,593.75
88,546,136.5
4,207,51.75
5,259,64.75
6,311,77.75
27,159,39.75
391,2075,518.75
33,167,41.75
47,242,60.5
22,139,34.75
20,124,31.0
22,140,35.0
90,517,129.25
50,286,71.5
88,509,127.25
242,1435,358.75
4,17,4.25
453,3094,773.5
8,51,12.75
34,240,60.0
27,160,40.0
383,2820,705.0
25,365,91.25
339,2251,562.75
336,2272,568.0
8,30,7.5
37,191,47.75
13,92,23.0
25,168,42.0
24,149,37.25
33,192,48.0
135,873,218.25
1,7,1.75
25,176,44.0
67,396,99.0
576,3706,926.5
54,311,77.75
50,569,142.25
18,131,32.75
6,48,12.0
61,381,95.25
139,806,201.5
168,1088,272.0
191,1224,306.0
94,651,162.75
90,554,138.5
135,882,220.5
248,1711,427.75
205,1124,281.0
7,32,8.0
46,241,60.25
24,136,34.0
5,27,6.75
15,81,20.25
42,207,51.75
46,239,59.75
43,219,54.75
35,176,44.0
45,234,58.5
46,239,59.75
303,1602,400.5
71,416,104.0
190,1033,258.25
5,23,5.75
109,654,163.5
284,1724,431.0
10,52,13.0
19,110,27.5
6,23,5.75
4,29,7.25
67,445,111.25
12,60,15.0
284,1556,389.0
65,396,99.0
256,1764,441.0
316,2007,501.75
54,331,82.75
10,60,15.0
10,60,15.0
11,65,16.25
32,192,48.0
215,1071,267.75
205,1039,259.75
40,207,51.75
134,1015,253.75
9,59,14.75
19,120,30.0
14,97,24.25
278,1725,431.25
135,1364,341.0
7,32,8.0
204,2252,563.0
210,1250,312.5
281,1621,405.25
34,157,39.25
399,2246,561.5
7,32,8.0
158,936,234.0
200,1290,322.5
95,545,136.25
1,1,0.25
268,1414,353.5
133,723,180.75
252,1439,359.75
16,94,23.5
237,1265,316.25
36,217,54.25
54,296,74.0
194,1175,293.75
152,779,194.75
272,1634,408.5
95,576,144.0
112,693,173.25
102,597,149.25
10,77,19.25
61,345,86.25
87,539,134.75
460,3280,820.0
24,181,45.25
135,1258,314.5
115,1086,271.5
15,62,15.5
173,1109,277.25
144,865,216.25
201,1250,312.5
172,1044,261.0
149,928,232.0
275,1729,432.25
275,1729,432.25
143,849,212.25
121,717,179.25
155,938,234.5
129,1319,329.75
84,517,129.25
128,905,226.25
337,1875,468.75
191,1200,300.0
98,590,147.5
109,543,135.75
109,556,139.0
108,577,144.25
70,417,104.25
143,818,204.5
76,447,111.75
131,718,179.5
177,968,242.0
160,869,217.25
1,90,22.5
247,1558,389.5
204,1202,300.5
6,37,9.25
91,589,147.25
104,705,176.25
100,650,162.5
1,7,1.75
9,54,13.5
285,1811,452.75
28,160,40.0
37,222,55.5
32,200,50.0
34,219,54.75
34,219,54.75
34,219,54.75
33,204,51.0
177,1096,274.0
235,1301,325.25
52,245,61.25
40,211,52.75
56,357,89.25
12,71,17.75
4,21,5.25
37,216,54.0
94,566,141.5
94,566,141.5
159,1020,255.0
182,1213,303.25
72,483,120.75
47,307,76.75
252,1806,451.5
157,1141,285.25
28,158,39.5
7,44,11.0
201,1065,266.25
59,360,90.0
111,827,206.75
15,93,23.25
8,53,13.25
6,35,8.75
12,59,14.75
6,30,7.5
158,1262,315.5
170,1335,333.75
98,500,125.0
141,924,231.0
140,845,211.25
30,176,44.0
30,184,46.0
60,391,97.75
54,314,78.5
146,835,208.75
171,980,245.0
116,665,166.25
37,190,47.5
12,76,19.0
45,269,67.25
9,43,10.75
113,716,179.0
37,207,51.75
37,203,50.75
72,406,101.5
60,329,82.25
69,407,101.75
79,470,117.5
78,455,113.75
100,576,144.0
107,612,153.0
103,568,142.0
139,811,202.75
148,948,237.0
190,1206,301.5
100,587,146.75
131,734,183.5
103,641,160.25
84,456,114.0
61,390,97.5
29,143,35.75
168,1012,253.0
57,326,81.5
83,333,83.25
302,2045,511.25
16,82,20.5
35,194,48.5
24,139,34.75
19,110,27.5
33,262,65.5
7,34,8.5
1,1,0.25
68,434,108.5
7,34,8.5
288,1672,418.0
238,862,215.5
249,1463,365.75
30,172,43.0
26,152,38.0
51,249,62.25
51,249,62.25
51,327,81.75
156,944,236.0
213,1217,304.25
308,1895,473.75
43,233,58.25
208,1313,328.25
180,925,231.25
156,786,196.5
251,1412,353.0
18,78,19.5
8,43,10.75
224,1396,349.0
258,1739,434.75
116,500,125.0
15,89,22.25
116,500,125.0
116,500,125.0
269,1586,396.5
27,130,32.5
101,626,156.5
24,150,37.5
116,721,180.25
21,139,34.75
111,688,172.0
75,383,95.75
6,23,5.75
89,540,135.0
184,1212,303.0
163,1018,254.5
152,986,246.5
25,134,33.5
47,261,65.25
6,34,8.5
129,836,209.0
158,885,221.25
187,1131,282.75
27,171,42.75
1,1,0.25
489,3227,806.75
20,126,31.5
189,1231,307.75
289,1531,382.75
22,122,30.5
77,488,122.0
117,701,175.25
134,812,203.0
19,105,26.25
117,699,174.75
276,1835,458.75
288,1710,427.5
105,584,146.0
9,49,12.25
30,145,36.25
22,111,27.75
133,630,157.5
83,378,94.5
63,272,68.0
76,351,87.75
74,324,81.0
64,288,72.0
79,387,96.75
84,389,97.25
102,482,120.5
81,373,93.25
89,421,105.25
67,313,78.25
80,383,95.75
84,397,99.25
108,521,130.25
75,351,87.75
94,453,113.25
103,507,126.75
110,543,135.75
265,1799,449.75
85,478,119.5
51,298,74.5
62,354,88.5
120,553,138.25
141,782,195.5
195,1093,273.25
196,1132,283.0
38,204,51.0
386,2823,705.75
63,359,89.75
60,476,119.0
80,560,140.0
136,824,206.0
260,1476,369.0
8,49,12.25
49,262,65.5
179,1076,269.0
175,1005,251.25
179,1019,254.75
197,1236,309.0
225,1392,348.0
1,1,0.25
123,755,188.75
14,87,21.75
255,1582,395.5
27,142,35.5
22,106,26.5
16,72,18.0
8,42,10.5
25,119,29.75
1,10,2.5
289,1711,427.75
66,394,98.5
1,4052,1013.0
40,194,48.5
232,1783,445.75
8,54,13.5
385,2084,521.0
65,387,96.75
1,1,0.25
246,1605,401.25
326,1849,462.25
63,359,89.75
109,693,173.25
91,538,134.5
124,750,187.5
195,1142,285.5
202,1213,303.25
84,466,116.5
66,400,100.0
33,190,47.5
218,1400,350.0
68,377,94.25
2,22,5.5
183,1239,309.75
42,273,68.25
31,165,41.25
52,292,73.0
45,280,70.0
317,1745,436.25
215,1632,408.0
126,817,204.25
5,59,14.75
101,629,157.25
207,1234,308.5
5,39,9.75
5,28,7.0
5,31,7.75
3,13,3.25
23,184,46.0
160,752,188.0
28,161,40.25
113,554,138.5
35,181,45.25
70,392,98.0
110,664,166.0
155,1029,257.25
185,1160,290.0
7,43,10.75
21,140,35.0
43,277,69.25
86,549,137.25
30,132,33.0
9,38,9.5
202,1139,284.75
262,1685,421.25
222,1379,344.75
223,1376,344.0
127,666,166.5
9,46,11.5
9,44,11.0
52,365,91.25
118,821,205.25
8,61,15.25
16,98,24.5
117,706,176.5
105,632,158.0
139,913,228.25
197,1231,307.75
154,967,241.75
96,593,148.25
16,80,20.0
19,106,26.5
204,1204,301.0
310,1911,477.75
84,500,125.0
347,2001,500.25
1,1,0.25
373,2139,534.75
309,1942,485.5
322,1915,478.75
235,1368,342.0
181,1195,298.75
31,166,41.5
501,2895,723.75
8,37,9.25
6,25,6.25
279,1738,434.5
155,965,241.25
230,1277,319.25
96,568,142.0
29,157,39.25
256,1866,466.5
338,2170,542.5
82,520,130.0
59,355,88.75
207,1327,331.75
68,396,99.0
366,2206,551.5
68,396,99.0
123,699,174.75
30,153,38.25
39,227,56.75
22,129,32.25
59,338,84.5
112,781,195.25
111,664,166.0
96,561,140.25
343,2174,543.5
288,2001,500.25
1,1,0.25
98,546,136.5
205,1210,302.5
11,60,15.0
7,32,8.0
14,80,20.0
10,42,10.5
16,95,23.75
6,20,5.0
46,283,70.75
99,600,150.0
86,556,139.0
358,2175,543.75
98,562,140.5
107,655,163.75
104,636,159.0
121,746,186.5
34,196,49.0
190,1167,291.75
182,929,232.25
181,986,246.5
245,1680,420.0
209,1272,318.0
236,1609,402.25
224,1360,340.0
182,1055,263.75
173,1042,260.5
753,4960,1240.0
67,394,98.5
30,154,38.5
44,266,66.5
6,31,7.75
53,321,80.25
29,156,39.0
50,259,64.75
35,195,48.75
78,471,117.75
56,477,119.25
1,109,27.25
70,436,109.0
234,1598,399.5
407,2356,589.0
1,1,0.25
5,25,6.25
210,1177,294.25
264,1536,384.0
28,125,31.25
604,3947,986.75
7,48,12.0
108,540,135.0
109,538,134.5
292,1739,434.75
85,450,112.5
17,110,27.5
35,176,44.0
48,264,66.0
59,356,89.0
37,209,52.25
11,44,11.0
107,466,116.5
3,30,7.5
304,2090,522.5
272,1657,414.25
170,1197,299.25
54,328,82.0
162,936,234.0
176,1120,280.0
2,5,1.25
14,103,25.75
86,539,134.75
1,3,0.75
6,30,7.5
23,137,34.25
40,307,76.75
124,604,151.0
125,610,152.5
119,584,146.0
221,1546,386.5
1,3,0.75
39,258,64.5
179,1147,286.75
192,1229,307.25
86,490,122.5
18,94,23.5
96,588,147.0
7,32,8.0
27,150,37.5
122,803,200.75
1,1,0.25
57,293,73.25
3,17,4.25
2,9,2.25
2,9,2.25
2,9,2.25
2,9,2.25
10,62,15.5
2,9,2.25
2,9,2.25
2,9,2.25
256,1478,369.5
132,769,192.25
12,67,16.75
1,2,0.5
3,16,4.0
14,63,15.75
230,1472,368.0
174,1178,294.5
106,660,165.0
80,505,126.25
190,1096,274.0
336,1778,444.5
332,1799,449.75
232,1500,375.0
274,1824,456.0
259,1741,435.25
229,1717,429.25
7,45,11.25
14,80,20.0
21,145,36.25
39,217,54.25
17,82,20.5
221,1187,296.75
1,5,1.25
221,1146,286.5
245,1567,391.75
161,884,221.0
161,884,221.0
25,123,30.75
28,169,42.25
24,143,35.75
13,141,35.25
12,70,17.5
12,70,17.5
26,146,36.5
30,168,42.0
30,163,40.75
38,229,57.25
49,252,63.0
30,165,41.25
30,165,41.25
225,1622,405.5
198,1387,346.75
46,266,66.5
56,316,79.0
30,156,39.0
8,40,10.0
203,1520,380.0
3,9,2.25
100,592,148.0
50,423,105.75
44,264,66.0
261,1730,432.5
213,1388,347.0
25,124,31.0
25,124,31.0
105,583,145.75
25,124,31.0
25,124,31.0
150,848,212.0
474,3268,817.0
34,205,51.25
34,205,51.25
7,43,10.75
342,1990,497.5
77,412,103.0
215,1146,286.5
41,227,56.75
86,447,111.75
91,506,126.5
27,159,39.75
20,50,12.5
128,753,188.25
113,717,179.25
296,2025,506.25
92,568,142.0
200,1238,309.5
122,732,183.0
115,712,178.0
62,373,93.25
1,1,0.25
1,35,8.75
310,2065,516.25
16,104,26.0
188,1356,339.0
67,354,88.5
44,233,58.25
329,2183,545.75
23,121,30.25
248,1657,414.25
174,1039,259.75
229,1340,335.0
217,1373,343.25
291,1793,448.25
166,1208,302.0
7,34,8.5
165,911,227.75
17,105,26.25
1,6,1.5
55,283,70.75
47,257,64.25
266,1605,401.25
271,1651,412.75
6,34,8.5
23,116,29.0
23,128,32.0
18,101,25.25
156,795,198.75
125,643,160.75
17,90,22.5
167,859,214.75
201,1143,285.75
107,642,160.5
232,1606,401.5
7,32,8.0
44,229,57.25
202,1216,304.0
82,356,89.0
47,188,47.0
151,871,217.75
104,461,115.25
264,2020,505.0
92,497,124.25
1,21,5.25
378,2002,500.5
378,2002,500.5
17,94,23.5
9,53,13.25
5,30,7.5
162,975,243.75
160,957,239.25
160,955,238.75
162,974,243.5
97,550,137.5
344,1946,486.5
52,334,83.5
3,12,3.0
189,986,246.5
55,287,71.75
53,282,70.5
41,216,54.0
20,114,28.5
20,111,27.75
58,305,76.25
75,436,109.0
299,1587,396.75
45,228,57.0
119,791,197.75
119,818,204.5
118,776,194.0
117,794,198.5
117,770,192.5
117,779,194.75
117,798,199.5
209,1334,333.5
26,163,40.75
26,169,42.25
79,459,114.75
212,1307,326.75
70,425,106.25
18,100,25.0
5,41,10.25
6,50,12.5
6,51,12.75
2,14,3.5
5,26,6.5
118,766,191.5
313,1836,459.0
1,3,0.75
8,94,23.5
88,695,173.75
188,1173,293.25
272,1740,435.0
74,593,148.25
24,159,39.75
93,485,121.25
2,16,4.0
10,49,12.25
14,91,22.75
14,91,22.75
14,91,22.75
290,1724,431.0
187,1226,306.5
119,676,169.0
115,646,161.5
64,351,87.75
68,419,104.75
81,501,125.25
2,18,4.5
123,775,193.75
121,693,173.25
167,1074,268.5
204,1438,359.5
79,471,117.75
183,1189,297.25
7,32,8.0
24,127,31.75
49,318,79.5
54,291,72.75
48,266,66.5
208,1092,273.0
268,1621,405.25
312,1926,481.5
405,2477,619.25
349,2121,530.25
49,259,64.75
26,145,36.25
16,92,23.0
3,24,6.0
14,63,15.75
26,112,28.0
12,62,15.5
81,909,227.25
13,78,19.5
37,270,67.5
265,1366,341.5
269,1464,366.0
222,1187,296.75
181,969,242.25
1,1,0.25
70,393,98.25
113,652,163.0
149,920,230.0
114,756,189.0
286,2087,521.75
53,294,73.5
125,683,170.75
151,900,225.0
283,1584,396.0
114,587,146.75
157,723,180.75
175,885,221.25
184,986,246.5
255,1508,377.0
64,693,173.25
64,370,92.5
195,1126,281.5
265,1376,344.0
38,228,57.0
341,1474,368.5
9,57,14.25
72,419,104.75
146,747,186.75
88,583,145.75
64,393,98.25
90,543,135.75
97,571,142.75
97,573,143.25
82,523,130.75
53,322,80.5
42,220,55.0
79,460,115.0
118,704,176.0
131,779,194.75
195,1109,277.25
217,1313,328.25
115,663,165.75
227,1170,292.5
91,583,145.75
60,369,92.25
83,497,124.25
106,604,151.0
502,3196,799.0
31,210,52.5
51,1250,312.5
66,1171,292.75
241,1550,387.5
155,1006,251.5
67,419,104.75
1,3,0.75
187,1213,303.25
241,1520,380.0
52,316,79.0
73,449,112.25
107,663,165.75
78,494,123.5
61,424,106.0
206,1236,309.0
32,184,46.0
135,766,191.5
129,757,189.25
316,1700,425.0
314,1680,420.0
215,1359,339.75
2,14,3.5
67,362,90.5
33,152,38.0
15,91,22.75
270,1551,387.75
270,1539,384.75
96,579,144.75
149,960,240.0
226,1429,357.25
376,2252,563.0
307,1770,442.5
367,2039,509.75
348,2039,509.75
354,2034,508.5
134,751,187.75
174,994,248.5
168,955,238.75
166,954,238.5
242,1406,351.5
1,1,0.25
334,2191,547.75
290,1813,453.25
341,2118,529.5
7,34,8.5
305,1348,337.0
45,239,59.75
83,498,124.5
30,153,38.25
208,1046,261.5
7,32,8.0
16,81,20.25
128,767,191.75
72,386,96.5
271,1907,476.75
5,186,46.5
108,815,203.75
20,125,31.25
48,280,70.0
6,34,8.5
207,1388,347.0
25,155,38.75
52,297,74.25
1,1,0.25
190,1125,281.25
87,512,128.0
262,1510,377.5
155,1510,377.5
90,680,170.0
74,425,106.25
102,654,163.5
102,579,144.75
29,183,45.75
111,626,156.5
69,370,92.5
165,739,184.75
147,626,156.5
52,256,64.0
28,140,35.0
125,777,194.25
41,213,53.25
114,619,154.75
173,1044,261.0
2,28,7.0
88,513,128.25
59,355,88.75
14,74,18.5
57,347,86.75
123,699,174.75
1,6,1.5
14,65,16.25
148,918,229.5
271,1408,352.0
273,1657,414.25
141,837,209.25
312,1968,492.0
1,5,1.25
1,12,3.0
1,8,2.0
1,5,1.25
1,4,1.0
10,66,16.5
200,1314,328.5
170,1063,265.75
62,357,89.25
171,1018,254.5
255,1512,378.0
258,1473,368.25
295,1729,432.25
273,1595,398.75
7,32,8.0
102,509,127.25
97,451,112.75
25,132,33.0
52,258,64.5
76,361,90.25
43,206,51.5
55,263,65.75
7,35,8.75
61,291,72.75
34,172,43.0
75,382,95.5
43,207,51.75
37,173,43.25
41,185,46.25
77,477,119.25
174,1007,251.75
85,530,132.5
21,127,31.75
23,146,36.5
39,252,63.0
43,236,59.0
40,227,56.75
39,232,58.0
31,200,50.0
48,284,71.0
65,398,99.5
129,810,202.5
166,946,236.5
151,765,191.25
152,849,212.25
225,1268,317.0
118,731,182.75
213,1184,296.0
118,734,183.5
1,6,1.5
1,21,5.25
218,1469,367.25
40,318,79.5
39,254,63.5
66,452,113.0
71,580,145.0
114,832,208.0
121,839,209.75
117,805,201.25
102,674,168.5
174,1220,305.0
116,813,203.25
150,999,249.75
113,741,185.25
120,791,197.75
143,903,225.75
36,200,50.0
89,512,128.0
159,839,209.75
89,499,124.75
94,524,131.0
165,926,231.5
32,160,40.0
39,168,42.0
179,796,199.0
165,705,176.25
158,857,214.25
254,1737,434.25
7,32,8.0
159,966,241.5
308,2167,541.75
162,962,240.5
184,1115,278.75
4,17,4.25
1,9,2.25
1,7,1.75
1,7,1.75
1,8,2.0
132,762,190.5
202,1200,300.0
15,80,20.0
54,302,75.5
181,1037,259.25
26,134,33.5
20,99,24.75
38,237,59.25
63,366,91.5
30,159,39.75
46,248,62.0
106,608,152.0
203,1270,317.5
179,1042,260.5
153,972,243.0
207,1345,336.25
218,1460,365.0
273,1733,433.25
208,1340,335.0
139,863,215.75
162,1001,250.25
172,1066,266.5
21,112,28.0
7,36,9.0
336,1869,467.25
364,2037,509.25
13,74,18.5
25,133,33.25
61,306,76.5
281,1654,413.5
209,1252,313.0
190,1127,281.75
111,696,174.0
6,34,8.5
79,600,150.0
1,138,34.5
56,268,67.0
2,12,3.0
40,215,53.75
45,249,62.25
19,100,25.0
34,194,48.5
39,225,56.25
39,225,56.25
39,225,56.25
127,662,165.5
28,136,34.0
47,277,69.25
29,167,41.75
24,130,32.5
2,9,2.25
52,313,78.25
39,230,57.5
27,140,35.0
34,205,51.25
52,284,71.0
91,456,114.0
47,269,67.25
13,66,16.5
10,48,12.0
29,163,40.75
23,146,36.5
7,34,8.5
5,34,8.5
11,66,16.5
237,1427,356.75
237,1427,356.75
208,1307,326.75
229,1306,326.5
76,496,124.0
1,1,0.25
1,1,0.25
7,45,11.25
248,1563,390.75
201,1464,366.0
37,208,52.0
116,732,183.0
224,1507,376.75
22,113,28.25
52,324,81.0
41,250,62.5
250,1344,336.0
59,295,73.75
15,105,26.25
25,135,33.75
3,8,2.0
25,135,33.75
3,11,2.75
20,115,28.75
13,76,19.0
12,53,13.25
86,505,126.25
70,382,95.5
1,1,0.25
30,148,37.0
150,950,237.5
154,927,231.75
131,874,218.5
143,931,232.75
155,989,247.25
160,1051,262.75
220,1374,343.5
65,374,93.5
203,1149,287.25
238,1532,383.0
270,1677,419.25
60,389,97.25
6,34,8.5
142,1054,263.5
507,3434,858.5
25,142,35.5
33,194,48.5
1,5,1.25
1,4,1.0
390,2045,511.25
33,227,56.75
102,602,150.5
12,74,18.5
18,117,29.25
84,428,107.0
51,265,66.25
347,2263,565.75
259,1451,362.75
231,1404,351.0
31,157,39.25
34,159,39.75
584,3918,979.5
6,24,6.0
6,25,6.25
411,2103,525.75
72,519,129.75
187,1310,327.5
1,3,0.75
2,9,2.25
96,623,155.75
361,1913,478.25
20,122,30.5
106,605,151.25
87,599,149.75
140,781,195.25
254,1531,382.75
262,1534,383.5
197,1190,297.5
279,1586,396.5
154,928,232.0
267,2130,532.5
195,1196,299.0
72,449,112.25
313,1865,466.25
144,781,195.25
7,40,10.0
18,79,19.75
20,160,40.0
8,40,10.0
7,32,8.0
18,178,44.5
28,300,75.0
38,392,98.0
100,647,161.75
332,2011,502.75
8,44,11.0
44,255,63.75
140,1006,251.5
282,1680,420.0
167,1057,264.25
46,230,57.5
12,71,17.75
263,1368,342.0
258,1492,373.0
138,854,213.5
319,1563,390.75
28,174,43.5
172,975,243.75
51,274,68.5
3,17,4.25
34,217,54.25
47,286,71.5
12,59,14.75
166,972,243.0
1,1,0.25
236,1483,370.75
304,2009,502.25
235,1386,346.5
176,1032,258.0
131,774,193.5
116,696,174.0
20,105,26.25
107,660,165.0
62,277,69.25
225,1256,314.0
17,86,21.5
265,1447,361.75
23,128,32.0
23,126,31.5
56,323,80.75
26,122,30.5
55,351,87.75
108,654,163.5
76,382,95.5
141,604,151.0
160,680,170.0
165,702,175.5
289,1775,443.75
188,1217,304.25
240,1450,362.5
269,1594,398.5
131,851,212.75
67,439,109.75
117,697,174.25
35,197,49.25
85,536,134.0
46,269,67.25
191,1041,260.25
245,1370,342.5
113,569,142.25
260,1503,375.75
1,6,1.5
172,1025,256.25
233,1375,343.75
335,1920,480.0
230,1260,315.0
327,1856,464.0
454,2558,639.5
820,4619,1154.75
1685,9498,2374.5
123,704,176.0
208,1173,293.25
218,1235,308.75
137,815,203.75
12,75,18.75
24,123,30.75
48,256,64.0
62,470,117.5
15,90,22.5
75,500,125.0
15,86,21.5
28,154,38.5
20,117,29.25
13,74,18.5
22,111,27.75
18,96,24.0
18,101,25.25
32,167,41.75
6,32,8.0
112,695,173.75
44,217,54.25
37,191,47.75
31,152,38.0
37,191,47.75
7,29,7.25
15,74,18.5
15,74,18.5
25,159,39.75
25,159,39.75
111,704,176.0
240,1513,378.25
197,1316,329.0
300,2028,507.0
7,35,8.75
10,61,15.25
7,37,9.25
4,26,6.5
5,23,5.75
7,44,11.0
80,528,132.0
254,1781,445.25
26,129,32.25
373,3140,785.0
27,179,44.75
24,193,48.25
47,267,66.75
47,267,66.75
54,306,76.5
22,109,27.25
1,15,3.75
60,262,65.5
100,640,160.0
28,852,213.0
1,1,0.25
367,2451,612.75
7,32,8.0
224,1353,338.25
263,1627,406.75
294,1839,459.75
309,1918,479.5
195,1354,338.5
348,2216,554.0
277,1829,457.25
187,1252,313.0
253,1496,374.0
210,1358,339.5
200,1167,291.75
193,1107,276.75
239,1509,377.25
281,1567,391.75
201,1278,319.5
278,1741,435.25
12,66,16.5
123,646,161.5
36,208,52.0
164,1007,251.75
167,964,241.0
251,1524,381.0
172,950,237.5
7,34,8.5
31,181,45.25
294,1945,486.25
252,1643,410.75
88,495,123.75
59,323,80.75
36,189,47.25
45,232,58.0
209,1343,335.75
264,1758,439.5
331,2154,538.5
31,179,44.75
6,31,7.75
14,77,19.25
62,313,78.25
169,1126,281.5
6,24,6.0
4,13,3.25
64,307,76.75
1,2,0.5
9,29,7.25
4,25,6.25
106,703,175.75
344,1995,498.75
191,1235,308.75
221,1495,373.75
192,1272,318.0
1,1,0.25
179,1243,310.75
10,81,20.25
253,1496,374.0
212,1358,339.5
108,646,161.5
19,110,27.5
2,10,2.5
15,97,24.25
36,210,52.5
104,618,154.5
244,1385,346.25
13,76,19.0
9,59,14.75
73,413,103.25
110,674,168.5
235,1380,345.0
7,32,8.0
63,350,87.5
59,320,80.0
120,543,135.75
267,1768,442.0
6,33,8.25
85,548,137.0
15,98,24.5
21,131,32.75
20,124,31.0
2,18,4.5
32,224,56.0
245,1411,352.75
214,1255,313.75
123,732,183.0
157,932,233.0
103,652,163.0
159,1036,259.0
129,848,212.0
114,734,183.5
41,247,61.75
25,130,32.5
62,354,88.5
156,880,220.0
202,1239,309.75
1,4,1.0
135,800,200.0
7,34,8.5
358,2022,505.5
181,997,249.25
184,1041,260.25
345,1893,473.25
128,1366,341.5
277,1611,402.75
1,1,0.25
15,91,22.75
2,12,3.0
1,1,0.25
237,1542,385.5
233,1514,378.5
298,1607,401.75
98,594,148.5
90,497,124.25
90,499,124.75
93,504,126.0
55,358,89.5
44,276,69.0
145,1033,258.25
145,1033,258.25
34,175,43.75
79,448,112.0
186,1047,261.75
39,278,69.5
62,467,116.75
1,1,0.25
155,869,217.25
117,643,160.75
20,137,34.25
82,518,129.5
208,1190,297.5
293,1933,483.25
210,1098,274.5
209,1180,295.0
138,784,196.0
273,1512,378.0
215,1305,326.25
215,1391,347.75
30,167,41.75
7,34,8.5
19,104,26.0
75,439,109.75
76,440,110.0
223,1409,352.25
26,151,37.75
152,798,199.5
158,819,204.75
190,1000,250.0
113,618,154.5
34,199,49.75
257,1742,435.5
189,1179,294.75
225,1401,350.25
255,1577,394.25
1,1,0.25
253,1359,339.75
3,74,18.5
14,78,19.5
188,1436,359.0
121,885,221.25
173,1257,314.25
182,1379,344.75
191,1356,339.0
21,110,27.5
29,157,39.25
1,1,0.25
20,118,29.5
63,313,78.25
56,324,81.0
20,98,24.5
51,278,69.5
1,1,0.25
92,588,147.0
77,389,97.25
1,1,0.25
45,249,62.25
40,200,50.0
15,81,20.25
56,312,78.0
53,269,67.25
34,207,51.75
44,256,64.0
59,403,100.75
26,148,37.0
122,667,166.75
155,802,200.5
151,729,182.25
130,670,167.5
181,918,229.5
253,1290,322.5
233,1188,297.0
39,275,68.75
73,498,124.5
59,300,75.0
61,325,81.25
106,671,167.75
89,542,135.5
251,1631,407.75
22,132,33.0
403,2607,651.75
328,2928,732.0
6,23,5.75
9,59,14.75
61,327,81.75
49,350,87.5
1,1,0.25
188,1094,273.5
163,1009,252.25
28,172,43.0
230,1288,322.0
245,1587,396.75
242,1659,414.75
174,964,241.0
64,380,95.0
91,542,135.5
219,1478,369.5
19,96,24.0
282,1995,498.75
155,1113,278.25
1,2,0.5
284,1821,455.25
205,1372,343.0
200,1308,327.0
272,1617,404.25
393,2113,528.25
128,951,237.75
193,1120,280.0
9,50,12.5
117,744,186.0
20,100,25.0
53,277,69.25
70,368,92.0
113,627,156.75
1,4,1.0
75,453,113.25
47,256,64.0
67,408,102.0
52,293,73.25
330,2095,523.75
6,48,12.0
57,356,89.0
7,34,8.5
12,63,15.75
50,336,84.0
88,572,143.0
108,740,185.0
87,592,148.0
110,813,203.25
196,985,246.25
49,251,62.75
107,653,163.25
93,540,135.0
184,1067,266.75
277,1665,416.25
173,926,231.5
89,565,141.25
315,1875,468.75
263,1684,421.0
633,4085,1021.25
13,103,25.75
264,1585,396.25
144,836,209.0
162,1177,294.25
9,58,14.5
135,782,195.5
93,409,102.25
180,1255,313.75
154,985,246.25
216,1452,363.0
53,294,73.5
9,64,16.0
193,1352,338.0
19,138,34.5
89,525,131.25
35,220,55.0
20,112,28.0
102,679,169.75
168,1010,252.5
66,420,105.0
206,1268,317.0
119,741,185.25
95,618,154.5
242,1284,321.0
1,8,2.0
1,3,0.75
1,4,1.0
2,9,2.25
1,3,0.75
1,2,0.5
2,7,1.75
1,3,0.75
3,11,2.75
44,245,61.25
48,259,64.75
61,328,82.0
105,569,142.25
7,32,8.0
213,1228,307.0
220,1409,352.25
258,1705,426.25
88,597,149.25
265,1864,466.0
1,1,0.25
117,712,178.0
1,1,0.25
51,300,75.0
15,79,19.75
15,79,19.75
15,79,19.75
15,79,19.75
15,79,19.75
255,1779,444.75
208,1108,277.0
106,783,195.75
158,1022,255.5
19,111,27.75
6,36,9.0
26,127,31.75
42,207,51.75
497,2639,659.75
20,101,25.25
20,101,25.25
209,1399,349.75
36,179,44.75
187,1166,291.5
195,1291,322.75
329,1947,486.75
176,1000,250.0
133,947,236.75
139,721,180.25
6,26,6.5
81,491,122.75
46,238,59.5
279,1528,382.0
1,1,0.25
339,2000,500.0
41,249,62.25
13,73,18.25
103,696,174.0
194,1415,353.75
83,346,86.5
204,1174,293.5
274,1617,404.25
229,1345,336.25
140,758,189.5
192,1371,342.75
34,172,43.0
192,987,246.75
173,861,215.25
156,669,167.25
101,447,111.75
481,2972,743.0
377,2234,558.5
77,477,119.25
38,272,68.0
44,308,77.0
72,342,85.5
270,1609,402.25
1,1,0.25
76,418,104.5
110,742,185.5
45,256,64.0
210,1125,281.25
242,1309,327.25
307,1668,417.0
63,383,95.75
14,95,23.75
4,42,10.5
93,530,132.5
390,2385,596.25
168,1182,295.5
414,3006,751.5
142,787,196.75
6,26,6.5
1,17,4.25
199,1264,316.0
19,96,24.0
20,102,25.5
327,1888,472.0
105,872,218.0
188,1606,401.5
321,1789,447.25
228,1487,371.75
209,1181,295.25
258,1401,350.25
54,345,86.25
70,438,109.5
83,514,128.5
18,96,24.0
414,2253,563.25
397,2194,548.5
46,235,58.75
78,401,100.25
1,10,2.5
1,6,1.5
1,14,3.5
1,6,1.5
64,389,97.25
126,802,200.5
1,11,2.75
55,350,87.5
59,339,84.75
56,301,75.25
199,1210,302.5
31,165,41.25
179,968,242.0
215,1136,284.0
229,1409,352.25
181,1212,303.0
22,143,35.75
104,574,143.5
96,605,151.25
46,281,70.25
21,111,27.75
99,578,144.5
25,139,34.75
24,138,34.5
8,56,14.0
8,38,9.5
110,699,174.75
97,587,146.75
7,32,8.0
251,1769,442.25
340,1977,494.25
27,134,33.5
145,791,197.75
124,779,194.75
100,576,144.0
143,909,227.25
104,619,154.75
109,625,156.25
109,642,160.5
79,470,117.5
48,248,62.0
69,403,100.75
83,490,122.5
7,29,7.25
16,87,21.75
7,29,7.25
20,106,26.5
20,106,26.5
20,106,26.5
20,92,23.0
54,296,74.0
55,302,75.5
64,342,85.5
40,208,52.0
180,1103,275.75
72,301,75.25
72,301,75.25
9,40,10.0
377,2745,686.25
120,682,170.5
435,2369,592.25
435,2369,592.25
249,1471,367.75
357,2071,517.75
214,1408,352.0
220,1219,304.75
309,1881,470.25
124,741,185.25
380,2022,505.5
86,498,124.5
24,140,35.0
95,519,129.75
270,2152,538.0
69,447,111.75
218,1446,361.5
30,193,48.25
370,1970,492.5
362,1915,478.75
24,134,33.5
317,2078,519.5
266,1669,417.25
198,1269,317.25
15,89,22.25
235,1328,332.0
308,1850,462.5
55,348,87.0
66,406,101.5
354,2313,578.25
59,365,91.25
6,40,10.0
116,758,189.5
165,1106,276.5
127,576,144.0
82,542,135.5
104,606,151.5
99,550,137.5
234,1338,334.5
303,1682,420.5
88,485,121.25
73,429,107.25
110,611,152.75
54,312,78.0
254,1400,350.0
58,334,83.5
173,971,242.75
17,73,18.25
14,75,18.75
5,37,9.25
135,985,246.25
233,1410,352.5
238,1280,320.0
30,161,40.25
1,2,0.5
54,299,74.75
213,1234,308.5
12,56,14.0
36,179,44.75
53,309,77.25
5,25,6.25
77,418,104.5
60,350,87.5
69,410,102.5
143,910,227.5
242,1617,404.25
44,211,52.75
124,644,161.0
70,387,96.75
95,562,140.5
45,247,61.75
69,388,97.0
66,427,106.75
80,468,117.0
55,313,78.25
81,472,118.0
271,1898,474.5
237,1311,327.75
79,428,107.0
184,1134,283.5
279,1747,436.75
248,1527,381.75
12,58,14.5
12,58,14.5
12,59,14.75
12,59,14.75
12,59,14.75
12,59,14.75
119,758,189.5
87,339,84.75
28,140,35.0
5,22,5.5
6,35,8.75
61,394,98.5
14,94,23.5
14,93,23.25
21,119,29.75
56,339,84.75
38,214,53.5
145,949,237.25
86,526,131.5
147,940,235.0
86,586,146.5
75,449,112.25
120,817,204.25
26,131,32.75
46,256,64.0
31,169,42.25
13,171,42.75
25,166,41.5
64,359,89.75
25,166,41.5
64,359,89.75
25,166,41.5
55,407,101.75
55,408,102.0
66,369,92.25
11,44,11.0
15,63,15.75
16,76,19.0
21,99,24.75
11,73,18.25
25,142,35.5
49,329,82.25
31,172,43.0
30,154,38.5
25,139,34.75
113,661,165.25
57,339,84.75
1,2,0.5
138,737,184.25
38,201,50.25
17,95,23.75
190,1281,320.25
162,986,246.5
7,34,8.5
11,200,50.0
203,1388,347.0
63,394,98.5
40,263,65.75
69,458,114.5
93,550,137.5
22,124,31.0
247,1372,343.0
2,11,2.75
186,1107,276.75
185,1101,275.25
138,838,209.5
254,1790,447.5
68,335,83.75
1,24,6.0
31,189,47.25
17,86,21.5
21,108,27.0
41,208,52.0
117,667,166.75
45,229,57.25
115,688,172.0
148,930,232.5
149,919,229.75
272,1723,430.75
145,907,226.75
140,882,220.5
1,5,1.25
82,519,129.75
8,54,13.5
103,564,141.0
232,1293,323.25
7,54,13.5
148,825,206.25
150,912,228.0
93,536,134.0
364,2073,518.25
29,210,52.5
112,630,157.5
22,124,31.0
37,258,64.5
54,317,79.25
104,669,167.25
7,34,8.5
219,1503,375.75
83,494,123.5
51,264,66.0
46,220,55.0
31,193,48.25
71,397,99.25
22,144,36.0
19,127,31.75
1,30,7.5
80,467,116.75
612,4191,1047.75
500,3538,884.5
102,580,145.0
197,1343,335.75
208,1243,310.75
103,733,183.25
197,1353,338.25
244,1531,382.75
12,65,16.25
316,2034,508.5
243,1555,388.75
250,1637,409.25
312,1994,498.5
329,1868,467.0
213,1378,344.5
301,1838,459.5
44,254,63.5
273,1142,285.5
138,690,172.5
70,376,94.0
92,541,135.25
631,4303,1075.75
364,2483,620.75
157,1417,354.25
257,1601,400.25
110,623,155.75
126,732,183.0
94,553,138.25
109,709,177.25
74,415,103.75
20,113,28.25
42,266,66.5
78,466,116.5
45,290,72.5
61,364,91.0
117,685,171.25
75,434,108.5
121,698,174.5
23,134,33.5
29,208,52.0
101,652,163.0
90,497,124.25
94,521,130.25
36,202,50.5
43,230,57.5
16,91,22.75
12,62,15.5
1,2,0.5
1,2,0.5
56,336,84.0
305,1783,445.75
14,70,17.5
11,55,13.75
42,251,62.75
41,205,51.25
31,163,40.75
52,271,67.75
175,1024,256.0
1,7,1.75
1,10,2.5
4,42,10.5
1,9,2.25
1,9,2.25
1,12,3.0
1,11,2.75
8,68,17.0
1,14,3.5
1,9,2.25
1,11,2.75
1,11,2.75
1,14,3.5
70,426,106.5
245,1527,381.75
416,2191,547.75
95,538,134.5
217,1447,361.75
174,1009,252.25
162,921,230.25
109,638,159.5
1,1,0.25
26,144,36.0
6,40,10.0
14,77,19.25
29,151,37.75
3,104,26.0
3,107,26.75
30,154,38.5
158,931,232.75
142,793,198.25
14,42,10.5
209,1545,386.25
128,506,126.5
118,495,123.75
159,911,227.75
7,32,8.0
53,281,70.25
38,200,50.0
61,363,90.75
5,22,5.5
10,48,12.0
215,978,244.5
78,476,119.0
135,1039,259.75
42,205,51.25
8,384,96.0
22,121,30.25
229,1351,337.75
202,1164,291.0
228,1482,370.5
7,34,8.5
7,36,9.0
93,526,131.5
116,655,163.75
227,1430,357.5
164,1074,268.5
195,1120,280.0
82,464,116.0
108,634,158.5
107,651,162.75
63,366,91.5
63,364,91.0
7,32,8.0
16,98,24.5
40,219,54.75
264,1712,428.0
298,1926,481.5
144,867,216.75
69,370,92.5
53,295,73.75
88,467,116.75
244,1717,429.25
196,1462,365.5
95,709,177.25
279,1831,457.75
30,182,45.5
328,2084,521.0
8,39,9.75
6,26,6.5
223,1414,353.5
235,1367,341.75
202,1170,292.5
259,1550,387.5
238,1484,371.0
357,2210,552.5
234,1363,340.75
259,1519,379.75
259,1519,379.75
259,1519,379.75
259,1519,379.75
250,1465,366.25
259,1519,379.75
260,1438,359.5
46,255,63.75
114,716,179.0
193,1078,269.5
239,1360,340.0
123,687,171.75
57,362,90.5
224,1369,342.25
215,1205,301.25
12,95,23.75
73,522,130.5
118,685,171.25
114,748,187.0
98,638,159.5
196,1197,299.25
367,2116,529.0
330,1841,460.25
13,75,18.75
64,373,93.25
8,42,10.5
18,95,23.75
58,346,86.5
109,630,157.5
50,267,66.75
35,192,48.0
25,164,41.0
249,1552,388.0
155,847,211.75
89,500,125.0
390,2530,632.5
168,989,247.25
64,337,84.25
60,319,79.75
29,146,36.5
34,217,54.25
282,1590,397.5
322,1950,487.5
32,232,58.0
32,232,58.0
87,919,229.75
432,3781,945.25
252,1791,447.75
167,1001,250.25
338,2232,558.0
15,74,18.5
17,78,19.5
71,456,114.0
136,830,207.5
99,835,208.75
29,173,43.25
96,646,161.5
56,501,125.25
323,1824,456.0
204,1281,320.25
141,898,224.5
207,1293,323.25
280,1597,399.25
337,1865,466.25
344,1885,471.25
11,57,14.25
34,228,57.0
203,1137,284.25
214,1302,325.5
146,1191,297.75
227,1421,355.25
293,1637,409.25
315,1758,439.5
205,2731,682.75
110,750,187.5
277,1537,384.25
260,1760,440.0
260,1775,443.75
275,1862,465.5
7,39,9.75
10,57,14.25
1,2,0.5
18,125,31.25
79,516,129.0
397,1707,426.75
1,1,0.25
50,311,77.75
173,959,239.75
1,15,3.75
41,258,64.5
41,258,64.5
466,3022,755.5
16,79,19.75
143,1130,282.5
401,2407,601.75
63,349,87.25
80,433,108.25
171,852,213.0
264,1754,438.5
170,1058,264.5
88,565,141.25
104,565,141.25
108,647,161.75
1,1,0.25
129,995,248.75
248,1720,430.0
174,1214,303.5
50,341,85.25
79,520,130.0
86,532,133.0
59,344,86.0
163,1017,254.25
127,583,145.75
76,427,106.75
52,300,75.0
108,576,144.0
74,417,104.25
51,279,69.75
53,287,71.75
38,188,47.0
51,249,62.25
78,456,114.0
243,1527,381.75
330,2318,579.5
47,281,70.25
1,1,0.25
7,35,8.75
2,9,2.25
76,379,94.75
21,132,33.0
381,2275,568.75
186,1012,253.0
227,1105,276.25
398,2116,529.0
29,159,39.75
192,1206,301.5
165,1059,264.75
291,1729,432.25
376,2186,546.5
13,68,17.0
145,981,245.25
166,1011,252.75
202,1299,324.75
38,216,54.0
29,150,37.5
281,1539,384.75
217,1321,330.25
2,15,3.75
261,1059,264.75
129,829,207.25
61,385,96.25
8,77,19.25
275,1899,474.75
206,1429,357.25
234,1557,389.25
95,546,136.5
53,303,75.75
12,71,17.75
24,135,33.75
31,211,52.75
372,2375,593.75
12,72,18.0
12,82,20.5
128,732,183.0
24,135,33.75
80,451,112.75
75,450,112.5
33,192,48.0
65,1218,304.5
82,720,180.0
39,198,49.5
79,692,173.0
33,187,46.75
8,50,12.5
146,859,214.75
124,721,180.25
101,666,166.5
8,45,11.25
75,482,120.5
154,878,219.5
7,34,8.5
236,1413,353.25
86,575,143.75
111,902,225.5
28,147,36.75
7,43,10.75
19,106,26.5
51,278,69.5
39,224,56.0
21,114,28.5
15,79,19.75
10,50,12.5
24,136,34.0
37,210,52.5
439,3120,780.0
18,92,23.0
7,32,8.0
333,2092,523.0
41,253,63.25
38,220,55.0
71,411,102.75
94,544,136.0
133,771,192.75
214,1196,299.0
171,1039,259.75
11,52,13.0
45,268,67.0
48,314,78.5
41,265,66.25
44,261,65.25
55,372,93.0
51,314,78.5
2,12,3.0
139,802,200.5
165,944,236.0
44,280,70.0
132,687,171.75
215,1161,290.25
9,42,10.5
218,1694,423.5
116,701,175.25
27,154,38.5
7,34,8.5
20,112,28.0
27,125,31.25
31,164,41.0
67,410,102.5
17,121,30.25
68,378,94.5
161,921,230.25
382,2365,591.25
382,2428,607.0
138,910,227.5
57,402,100.5
298,1487,371.75
29,155,38.75
121,676,169.0
128,716,179.0
227,1485,371.25
116,787,196.75
303,1864,466.0
123,651,162.75
389,2598,649.5
1,1,0.25
24,130,32.5
98,576,144.0
74,388,97.0
69,370,92.5
79,437,109.25
81,461,115.25
76,390,97.5
76,390,97.5
106,600,150.0
66,394,98.5
184,1035,258.75
392,2201,550.25
767,4334,1083.5
1516,8594,2148.5
9,44,11.0
141,707,176.75
227,1263,315.75
153,789,197.25
52,343,85.75
80,576,144.0
22,161,40.25
170,818,204.5
151,851,212.75
16,81,20.25
118,794,198.5
7,34,8.5
7,36,9.0
8,36,9.0
45,231,57.75
40,201,50.25
75,420,105.0
45,259,64.75
49,256,64.0
101,590,147.5
94,574,143.5
53,326,81.5
85,497,124.25
90,512,128.0
6,36,9.0
252,1628,407.0
6,25,6.25
21,102,25.5
388,2216,554.0
257,1458,364.5
87,619,154.75
13,83,20.75
5,24,6.0
280,1581,395.25
232,1301,325.25
55,317,79.25
48,317,79.25
150,894,223.5
280,1837,459.25
136,947,236.75
179,1182,295.5
223,1254,313.5
212,1219,304.75
1,4,1.0
1,4,1.0
1,4,1.0
46,328,82.0
1,1,0.25
1,1,0.25
23,143,35.75
15,100,25.0
37,205,51.25
64,331,82.75
50,286,71.5
50,274,68.5
52,294,73.5
57,313,78.25
53,302,75.5
61,368,92.0
78,396,99.0
51,309,77.25
37,198,49.5
37,198,49.5
27,147,36.75
237,1342,335.5
182,1101,275.25
246,1496,374.0
166,1049,262.25
4,18,4.5
11,54,13.5
24,144,36.0
15,76,19.0
39,180,45.0
11,57,14.25
41,217,54.25
37,198,49.5
25,132,33.0
29,159,39.75
19,111,27.75
29,160,40.0
15,87,21.75
38,215,53.75
191,850,212.5
186,1262,315.5
388,2097,524.25
39,172,43.0
185,1217,304.25
36,199,49.75
26,143,35.75
7,30,7.5
10,53,13.25
36,176,44.0
371,2099,524.75
1,1,0.25
21,110,27.5
237,1177,294.25
60,308,77.0
61,342,85.5
68,374,93.5
40,225,56.25
46,250,62.5
27,129,32.25
48,261,65.25
31,193,48.25
6,33,8.25
85,494,123.5
70,432,108.0
92,557,139.25
19,101,25.25
33,204,51.0
66,444,111.0
127,862,215.5
232,1601,400.25
98,574,143.5
88,507,126.75
108,714,178.5
380,2305,576.25
8,40,10.0
39,249,62.25
75,414,103.5
92,527,131.75
104,615,153.75
193,1089,272.25
331,2088,522.0
323,2094,523.5
22,117,29.25
141,781,195.25
128,709,177.25
202,1435,358.75
231,1418,354.5
139,866,216.5
6,24,6.0
6,146,36.5
239,1487,371.75
309,1564,391.0
377,2257,564.25
177,1115,278.75
9,67,16.75
9,59,14.75
9,41,10.25
141,806,201.5
129,757,189.25
103,608,152.0
36,188,47.0
60,368,92.0
60,374,93.5
13,73,18.25
5,25,6.25
397,2754,688.5
255,1618,404.5
390,2611,652.75
253,1741,435.25
314,2373,593.25
344,1814,453.5
151,747,186.75
14,62,15.5
127,662,165.5
20,117,29.25
55,325,81.25
48,276,69.0
146,936,234.0
242,1286,321.5
60,319,79.75
213,1471,367.75
11,61,15.25
22,121,30.25
11,62,15.5
22,144,36.0
22,125,31.25
30,163,40.75
29,169,42.25
25,162,40.5
24,127,31.75
9,82,20.5
25,162,40.5
28,195,48.75
25,170,42.5
38,238,59.5
14,93,23.25
38,263,65.75
23,151,37.75
25,181,45.25
18,112,28.0
57,393,98.25
28,183,45.75
18,111,27.75
38,236,59.0
30,187,46.75
79,500,125.0
54,346,86.5
58,410,102.5
51,377,94.25
70,480,120.0
62,436,109.0
74,470,117.5
22,129,32.25
10,73,18.25
52,328,82.0
10,69,17.25
11,48,12.0
73,455,113.75
90,479,119.75
108,693,173.25
60,373,93.25
53,349,87.25
6,40,10.0
56,378,94.5
63,382,95.5
7,45,11.25
34,209,52.25
28,191,47.75
66,405,101.25
93,624,156.0
112,735,183.75
103,609,152.25
90,536,134.0
9,57,14.25
14,86,21.5
22,117,29.25
16,91,22.75
19,130,32.5
15,99,24.75
9,55,13.75
61,410,102.5
19,111,27.75
116,652,163.0
61,391,97.75
180,1100,275.0
51,339,84.75
108,560,140.0
197,1200,300.0
225,1376,344.0
38,261,65.25
55,353,88.25
15,71,17.75
273,1511,377.75
19,121,30.25
362,2378,594.5
55,324,81.0
50,306,76.5
73,431,107.75
90,474,118.5
151,896,224.0
60,314,78.5
234,1426,356.5
190,1114,278.5
18,89,22.25
35,256,64.0
54,358,89.5
102,598,149.5
240,1251,312.75
69,396,99.0
139,952,238.0
85,520,130.0
55,345,86.25
55,345,86.25
18,107,26.75
42,253,63.25
58,353,88.25
56,355,88.75
58,291,72.75
58,291,72.75
146,925,231.25
193,1242,310.5
211,1292,323.0
105,483,120.75
110,491,122.75
162,996,249.0
237,1437,359.25
67,435,108.75
377,2106,526.5
169,886,221.5
37,177,44.25
52,286,71.5
51,360,90.0
191,1207,301.75
408,2225,556.25
145,760,190.0
288,1761,440.25
245,1512,378.0
346,2072,518.0
16,90,22.5
146,843,210.75
38,219,54.75
97,680,170.0
31,219,54.75
106,736,184.0
217,1674,418.5
1,1,0.25
125,932,233.0
326,1999,499.75
367,2266,566.5
367,2266,566.5
422,2582,645.5
288,1676,419.0
48,276,69.0
41,223,55.75
80,466,116.5
121,743,185.75
243,1390,347.5
20,112,28.0
223,1410,352.5
140,877,219.25
47,290,72.5
35,205,51.25
362,2300,575.0
283,1973,493.25
311,1911,477.75
102,662,165.5
33,216,54.0
88,548,137.0
114,691,172.75
263,1881,470.25
578,4028,1007.0
242,1628,407.0
60,451,112.75
86,528,132.0
166,1087,271.75
84,395,98.75
208,1160,290.0
36,219,54.75
14,63,15.75
17,81,20.25
59,282,70.5
69,399,99.75
110,634,158.5
184,1058,264.5
157,885,221.25
129,962,240.5
149,933,233.25
12,52,13.0
9,51,12.75
62,328,82.0
89,519,129.75
201,1099,274.75
87,445,111.25
325,1943,485.75
1,511,127.75
6,26,6.5
4,17,4.25
201,1210,302.5
151,886,221.5
162,955,238.75
255,1344,336.0
64,356,89.0
54,290,72.5
60,339,84.75
49,262,65.5
54,300,75.0
63,338,84.5
43,255,63.75
58,309,77.25
55,302,75.5
65,372,93.0
60,346,86.5
54,314,78.5
115,690,172.5
138,929,232.25
165,996,249.0
189,1182,295.5
186,995,248.75
271,1600,400.0
277,1839,459.75
131,895,223.75
74,467,116.75
75,554,138.5
16,91,22.75
51,299,74.75
21,135,33.75
274,1726,431.5
371,2206,551.5
374,2218,554.5
245,1326,331.5
220,1334,333.5
11,60,15.0
139,809,202.25
244,1560,390.0
68,456,114.0
55,329,82.25
463,2331,582.75
6,35,8.75
15,75,18.75
125,611,152.75
16,81,20.25
104,520,130.0
89,472,118.0
34,176,44.0
100,540,135.0
107,558,139.5
99,534,133.5
111,611,152.75
15,76,19.0
59,339,84.75
90,520,130.0
105,567,141.75
100,536,134.0
101,532,133.0
100,570,142.5
56,291,72.75
131,822,205.5
57,347,86.75
65,380,95.0
9,46,11.5
16,88,22.0
91,484,121.0
148,931,232.75
247,1743,435.75
149,1018,254.5
161,1078,269.5
146,965,241.25
138,906,226.5
139,882,220.5
109,911,227.75
259,1864,466.0
186,1074,268.5
171,1025,256.25
235,1348,337.0
138,821,205.25
38,214,53.5
39,256,64.0
261,1662,415.5
77,470,117.5
51,258,64.5
131,884,221.0
157,1002,250.5
9,41,10.25
175,1012,253.0
321,2106,526.5
319,1966,491.5
105,611,152.75
127,782,195.5
132,806,201.5
123,764,191.0
124,741,185.25
143,858,214.5
154,937,234.25
140,863,215.75
67,425,106.25
121,670,167.5
59,320,80.0
50,305,76.25
65,398,99.5
80,498,124.5
125,713,178.25
85,534,133.5
106,588,147.0
216,1246,311.5
145,850,212.5
241,1488,372.0
201,1258,314.5
288,1899,474.75
251,1643,410.75
118,674,168.5
67,344,86.0
42,200,50.0
37,181,45.25
52,295,73.75
176,1095,273.75
151,1139,284.75
180,1287,321.75
13,62,15.5
198,1125,281.25
7,33,8.25
14,69,17.25
6,31,7.75
5,23,5.75
4,15,3.75
8,36,9.0
3,14,3.5
21,97,24.25
107,578,144.5
9,47,11.75
7,39,9.75
8,34,8.5
190,1347,336.75
309,1919,479.75
404,2027,506.75
86,491,122.75
257,1570,392.5
222,1417,354.25
183,1171,292.75
134,851,212.75
6,26,6.5
206,1373,343.25
25,122,30.5
6,34,8.5
8,39,9.75
14,63,15.75
288,2004,501.0
174,1310,327.5
210,1208,302.0
130,1217,304.25
111,708,177.0
200,1153,288.25
211,1341,335.25
59,388,97.0
199,1325,331.25
64,332,83.0
192,1139,284.75
288,1687,421.75
15,81,20.25
17,94,23.5
42,251,62.75
5,30,7.5
6,34,8.5
19,123,30.75
146,969,242.25
177,1183,295.75
204,1330,332.5
44,246,61.5
271,1707,426.75
3,13,3.25
3,16,4.0
129,686,171.5
157,924,231.0
173,1084,271.0
178,1251,312.75
30,177,44.25
61,463,115.75
29,210,52.5
50,342,85.5
5,25,6.25
2,9,2.25
9,46,11.5
125,908,227.0
18,96,24.0
7,32,8.0
191,1184,296.0
151,895,223.75
12,65,16.25
12,69,17.25
20,114,28.5
9,53,13.25
21,118,29.5
509,3431,857.75
7,34,8.5
203,1102,275.5
104,533,133.25
104,533,133.25
8,53,13.25
48,276,69.0
40,221,55.25
280,1976,494.0
137,751,187.75
61,334,83.5
14,79,19.75
1,5,1.25
221,1520,380.0
22,1002,250.5
192,1721,430.25
124,1902,475.5
103,572,143.0
18,107,26.75
245,1445,361.25
321,2165,541.25
45,299,74.75
288,1331,332.75
525,3776,944.0
2,42,10.5
6,30,7.5
13,68,17.0
94,716,179.0
97,760,190.0
94,743,185.75
80,620,155.0
110,824,206.0
85,650,162.5
103,816,204.0
68,432,108.0
132,870,217.5
86,488,122.0
109,608,152.0
20,115,28.75
113,776,194.0
139,1004,251.0
35,195,48.75
47,272,68.0
32,179,44.75
39,228,57.0
34,221,55.25
340,1951,487.75
129,925,231.25
346,2253,563.25
200,1220,305.0
313,1818,454.5
7,32,8.0
21,137,34.25
247,1525,381.25
494,3084,771.0
216,1305,326.25
10,52,13.0
22,119,29.75
46,262,65.5
203,988,247.0
310,1622,405.5
310,1622,405.5
299,1552,388.0
245,1415,353.75
36,169,42.25
93,521,130.25
36,169,42.25
43,220,55.0
43,220,55.0
156,818,204.5
221,1233,308.25
21,115,28.75
160,1042,260.5
111,1239,309.75
78,863,215.75
57,707,176.75
111,588,147.0
30,131,32.75
206,1116,279.0
96,561,140.25
339,2120,530.0
25,141,35.25
15,97,24.25
52,362,90.5
153,1108,277.0
196,1163,290.75
30,209,52.25
5,25,6.25
284,1767,441.75
384,2233,558.25
203,1442,360.5
216,1007,251.75
304,1752,438.0
275,1816,454.0
252,1641,410.25
87,570,142.5
40,211,52.75
180,1155,288.75
235,1420,355.0
36,310,77.5
160,1659,414.75
120,1626,406.5
125,1672,418.0
125,1672,418.0
125,1672,418.0
12,85,21.25
32,173,43.25
61,365,91.25
7,32,8.0
101,654,163.5
350,2412,603.0
176,1233,308.25
379,2670,667.5
226,1520,380.0
297,1785,446.25
8,46,11.5
127,891,222.75
20,112,28.0
20,116,29.0
27,143,35.75
92,512,128.0
216,1258,314.5
309,1887,471.75
130,869,217.25
187,1265,316.25
160,974,243.5
173,1036,259.0
49,296,74.0
1,1,0.25
10,56,14.0
215,1564,391.0
273,1874,468.5
120,761,190.25
8,68,17.0
206,1281,320.25
231,1174,293.5
132,791,197.75
67,412,103.0
37,235,58.75
162,891,222.75
4,21,5.25
4,21,5.25
266,1576,394.0
242,1483,370.75
113,716,179.0
292,1891,472.75
9,59,14.75
254,1809,452.25
18,97,24.25
18,119,29.75
201,1120,280.0
199,1107,276.75
197,1137,284.25
252,1462,365.5
210,1377,344.25
285,1792,448.0
212,1305,326.25
226,1440,360.0
81,483,120.75
205,1462,365.5
198,1383,345.75
190,1300,325.0
188,1244,311.0
53,345,86.25
38,264,66.0
6,38,9.5
3,18,4.5
219,1219,304.75
247,1370,342.5
193,1391,347.75
1,1,0.25
20,110,27.5
20,112,28.0
76,465,116.25
16,89,22.25
349,2076,519.0
12,66,16.5
73,493,123.25
344,2198,549.5
327,2279,569.75
146,758,189.5
6,38,9.5
52,313,78.25
252,1576,394.0
24,168,42.0
105,633,158.25
347,1956,489.0
288,1687,421.75
205,1303,325.75
10,74,18.5
5,34,8.5
10,40,10.0
172,1641,410.25
21,133,33.25
21,120,30.0
57,364,91.0
60,389,97.25
48,302,75.5
26,168,42.0
50,281,70.25
50,279,69.75
10,69,17.25
25,172,43.0
33,204,51.0
23,146,36.5
47,312,78.0
31,189,47.25
305,1701,425.25
164,1082,270.5
215,1363,340.75
69,377,94.25
81,387,96.75
52,249,62.25
11,56,14.0
193,1151,287.75
1,1,0.25
62,304,76.0
78,446,111.5
101,570,142.5
53,333,83.25
235,1278,319.5
7,34,8.5
196,1101,275.25
203,1158,289.5
13,79,19.75
59,386,96.5
233,1559,389.75
121,713,178.25
37,210,52.5
104,599,149.75
39,230,57.5
15,81,20.25
34,186,46.5
29,172,43.0
30,183,45.75
41,232,58.0
75,441,110.25
166,862,215.5
116,757,189.25
206,1263,315.75
12,68,17.0
57,271,67.75
299,1901,475.25
304,1865,466.25
324,2069,517.25
212,1295,323.75
178,1101,275.25
156,991,247.75
55,327,81.75
185,1129,282.25
184,1208,302.0
244,1532,383.0
306,1895,473.75
251,1559,389.75
206,1241,310.25
81,359,89.75
462,2732,683.0
87,581,145.25
85,669,167.25
226,1274,318.5
1,1,0.25
39,208,52.0
181,982,245.5
192,1574,393.5
64,377,94.25
52,327,81.75
1,1,0.25
4,21,5.25
14,67,16.75
69,422,105.5
12,286,71.5
1,1,0.25
58,339,84.75
69,389,97.25
27,152,38.0
22,114,28.5
3,14,3.5
1,10,2.5
8,46,11.5
9,58,14.5
13,62,15.5
49,478,119.5
269,1751,437.75
62,339,84.75
37,182,45.5
339,2006,501.5
212,1217,304.25
282,1883,470.75
293,1941,485.25
141,816,204.0
227,1450,362.5
200,1111,277.75
16,108,27.0
9,44,11.0
143,1754,438.5
64,367,91.75
103,579,144.75
191,1071,267.75
166,1003,250.75
22,117,29.25
58,337,84.25
45,282,70.5
247,1735,433.75
270,1799,449.75
251,1587,396.75
240,1594,398.5
231,1503,375.75
238,1591,397.75
287,1916,479.0
222,1518,379.5
225,1441,360.25
224,1545,386.25
271,1774,443.5
187,1230,307.5
8,64,16.0
239,1518,379.5
191,1672,418.0
178,1608,402.0
98,639,159.75
195,1134,283.5
138,700,175.0
102,539,134.75
102,623,155.75
183,1058,264.5
104,603,150.75
173,1069,267.25
180,981,245.25
139,810,202.5
248,1875,468.75
112,617,154.25
128,784,196.0
93,531,132.75
156,934,233.5
200,1088,272.0
161,931,232.75
21,126,31.5
21,126,31.5
52,283,70.75
23,130,32.5
221,1437,359.25
361,2023,505.75
65,377,94.25
22,102,25.5
59,338,84.5
84,543,135.75
288,1643,410.75
1,6,1.5
10,56,14.0
41,203,50.75
59,299,74.75
77,396,99.0
1,1,0.25
42,194,48.5
68,418,104.5
63,411,102.75
284,1803,450.75
322,1920,480.0
328,1924,481.0
59,348,87.0
229,1227,306.75
78,426,106.5
77,428,107.0
14,71,17.75
17,83,20.75
229,1318,329.5
82,490,122.5
107,710,177.5
334,1776,444.0
7,32,8.0
7,36,9.0
33,231,57.75
130,773,193.25
58,303,75.75
6,34,8.5
311,1708,427.0
15,90,22.5
305,1691,422.75
77,688,172.0
9,54,13.5
123,828,207.0
87,457,114.25
56,327,81.75
118,681,170.25
6,26,6.5
6,34,8.5
6,35,8.75
3,10,2.5
16,99,24.75
4,16,4.0
5,19,4.75
2,11,2.75
8,40,10.0
248,1557,389.25
315,2289,572.25
7,47,11.75
64,385,96.25
4,28,7.0
165,1079,269.75
165,1040,260.0
133,718,179.5
197,1116,279.0
2,18,4.5
5,37,9.25
335,2056,514.0
316,1906,476.5
282,1699,424.75
136,825,206.25
155,929,232.25
139,806,201.5
108,662,165.5
100,498,124.5
334,1731,432.75
26,129,32.25
60,326,81.5
12,60,15.0
51,253,63.25
76,457,114.25
66,386,96.5
189,1115,278.75
558,3901,975.25
70,417,104.25
1,1,0.25
3,15,3.75
11,29,7.25
4,33,8.25
96,523,130.75
114,627,156.75
312,1854,463.5
49,299,74.75
408,2165,541.25
196,1149,287.25
113,738,184.5
130,845,211.25
145,842,210.5
227,1558,389.5
466,3686,921.5
20,141,35.25
20,123,30.75
20,140,35.0
20,129,32.25
20,94,23.5
7,34,8.5
39,208,52.0
57,313,78.25
44,238,59.5
7,34,8.5
237,1286,321.5
27,150,37.5
130,1280,320.0
56,287,71.75
16,111,27.75
322,1949,487.25
216,1409,352.25
146,911,227.75
6,23,5.75
181,1175,293.75
132,740,185.0
21,161,40.25
75,505,126.25
16,116,29.0
7,31,7.75
7,35,8.75
64,393,98.25
224,1648,412.0
7,34,8.5
334,2007,501.75
315,1735,433.75
211,1227,306.75
230,1418,354.5
327,1862,465.5
166,1244,311.0
174,1339,334.75
113,590,147.5
62,353,88.25
98,653,163.25
104,696,174.0
29,157,39.25
19,104,26.0
299,2073,518.25
170,982,245.5
215,1278,319.5
20,133,33.25
13,89,22.25
12,69,17.25
20,111,27.75
186,1075,268.75
259,1320,330.0
212,1380,345.0
260,1652,413.0
262,1613,403.25
270,1843,460.75
251,1629,407.25
193,1318,329.5
89,530,132.5
246,1782,445.5
210,1324,331.0
183,1111,277.75
263,1558,389.5
264,1660,415.0
264,1759,439.75
183,1259,314.75
231,1545,386.25
199,1091,272.75
292,1926,481.5
231,1534,383.5
245,1607,401.75
289,1867,466.75
288,1829,457.25
213,1435,358.75
343,2444,611.0
111,737,184.25
194,1280,320.0
22,140,35.0
14,99,24.75
103,518,129.5
116,652,163.0
30,191,47.75
174,995,248.75
19,96,24.0
285,1495,373.75
219,1215,303.75
44,232,58.0
325,1828,457.0
43,275,68.75
201,1250,312.5
39,225,56.25
2,34,8.5
11,57,14.25
116,627,156.75
19,96,24.0
197,1165,291.25
279,1874,468.5
73,404,101.0
106,687,171.75
5,22,5.5
147,1004,251.0
62,429,107.25
7,37,9.25
17,138,34.5
72,470,117.5
94,636,159.0
108,650,162.5
7,34,8.5
10,53,13.25
1,8,2.0
129,770,192.5
53,333,83.25
1,8,2.0
92,557,139.25
24,146,36.5
24,138,34.5
42,198,49.5
47,218,54.5
10,49,12.25
116,678,169.5
127,771,192.75
191,1434,358.5
197,1523,380.75
302,2016,504.0
39,231,57.75
19,113,28.25
260,1573,393.25
224,1281,320.25
205,1142,285.5
218,1228,307.0
1,4,1.0
116,765,191.25
218,1364,341.0
337,2199,549.75
229,1441,360.25
7,32,8.0
56,322,80.5
54,288,72.0
5,25,6.25
148,1052,263.0
37,216,54.0
264,1664,416.0
156,946,236.5
123,788,197.0
162,1038,259.5
73,385,96.25
83,430,107.5
83,430,107.5
274,1578,394.5
193,1024,256.0
42,246,61.5
145,816,204.0
49,306,76.5
201,1145,286.25
254,1565,391.25
42,291,72.75
233,1492,373.0
357,2255,563.75
387,2290,572.5
307,1695,423.75
234,1318,329.5
223,1253,313.25
211,1227,306.75
113,639,159.75
139,776,194.0
93,625,156.25
130,647,161.75
115,580,145.0
148,807,201.75
271,1868,467.0
278,1923,480.75
422,2824,706.0
4,18,4.5
84,492,123.0
2,10,2.5
378,2859,714.75
266,1539,384.75
240,1573,393.25
244,1570,392.5
195,1195,298.75
168,1023,255.75
220,1367,341.75
100,556,139.0
150,892,223.0
59,336,84.0
10,51,12.75
156,894,223.5
155,816,204.0
224,1176,294.0
314,1643,410.75
77,403,100.75
8,53,13.25
57,333,83.25
44,274,68.5
16,94,23.5
89,532,133.0
101,548,137.0
118,653,163.25
28,140,35.0
15,71,17.75
224,1396,349.0
218,1353,338.25
164,1021,255.25
67,397,99.25
216,1289,322.25
6,34,8.5
109,756,189.0
185,1067,266.75
215,1258,314.5
327,2042,510.5
160,1033,258.25
286,1821,455.25
378,2251,562.75
72,425,106.25
10,1794,448.5
12,58,14.5
368,2056,514.0
274,1560,390.0
27,163,40.75
159,842,210.5
26,180,45.0
16,94,23.5
25,126,31.5
